marca	modelo	denominacion	periodo_desde	periodo_hasta	cilindrada	num_cilindros	combustible	potencia_kw	cvf	potencia_cv	valor_base_euros
ACE	1	1 PAVIMENTO 549 DA.			2200	4	D	74	14.10	100	33600
ACE	1	1 PAVIMENTO 573 DA.			2200	4	D	74	14.10	100	33600
ACE	1	1 PAVIMENTO 573 LDA.			2200	4	D	74	14.10	100	33600
ACE	1	1 PAVIMENTO 596 CDA.			2200	4	D	74	14.10	100	36500
ACE	1	1 PAVIMENTO 596 DA.			2200	4	D	74	14.10	100	36500
ACE	1	1 PAVIMENTO 596 LDA.			2200	4	D	74	14.10	100	36500
ACE	1	1 PAVIMENTO 640 LDA.			2200	4	D	74	14.10	100	37700
ACE	2	2 PAVIMENTO 596 DA.			2287	4	D	96	14.44	130	37900
ACE	2	2 PAVIMENTO 596 LDA.			2287	4	D	96	14.44	130	37900
ACE	2	2 PAVIMENTO 620 DDA.			2287	4	D	96	14.44	130	40300
ACE	2	2 PAVIMENTO 620 LDA.			2287	4	D	96	14.44	130	40300
ACE	2	2 PAVIMENTO 680 DDA.			3500	4	D	118	18.64	160	45200
ACE	2	2 PAVIMENTO 680 SDA.			3500	4	D	118	18.64	160	45200
ACE	2	2 PAVIMENTO 690 LDA.			3500	4	D	118	18.64	160	46000
ACE	PROFILÉ	PROFILÉ 620 CD.			2287	4	D	96	14.44	130	40100
ACE	PROFILÉ	PROFILÉ 620 SD.			2287	4	D	96	14.44	130	39600
ACE	PROFILÉ	PROFILÉ 621 CP.			2287	4	D	96	14.44	130	39600
ACE	PROFILÉ	PROFILÉ 675 SD.			2287	4	D	96	14.44	130	42500
ACE	PROFILÉ	PROFILÉ 676 LD.			2287	4	D	96	14.44	130	42500
ACE	PROFILÉ	PROFILÉ 677 CP.			2287	4	D	96	14.44	130	42500
ACE	PROFILÉ	PROFILÉ 680 SD.			3500	4	D	118	18.64	160	44300
ACE	PROFILÉ	PROFILÉ 690 DD.			3500	4	D	118	18.64	160	46100
ACE	PROFILÉ	PROFILÉ 690 DL.			3500	4	D	118	18.64	160	46100
ACROSS CAR	Across	Across Van 340 FIAT 2300 DS/CD/LD.			2300	4	D	103	14.49	140	42600
ACROSS CAR	Across	Across Van 410 FIAT 2300 DD/CD/LD.			2300	4	D	103	14.49	140	44300
ACROSS CAR	AERO	AERO 340 FDL/FDC.			2300	4	D	96	14.49	130	36600
ACROSS CAR	AERO	AERO 440 FDL.			2300	4	D	96	14.49	130	41400
ACROSS CAR	AERO	AERO 565 CD.			2000	4	D	85	13.32	115	39700
ACROSS CAR	AERO	AERO 565 LD.			2000	4	D	85	13.32	115	39700
ACROSS CAR	AERO	AERO 596 LD.			2000	4	D	85	13.32	115	40400
ACROSS CAR	AERO	AERO 596 SP.			2300	4	D	85	14.49	115	39800
ACROSS CAR	AERO	AERO 620 CD.			2300	4	D	96	14.49	130	41200
ACROSS CAR	AERO	AERO 620 SD.			2300	4	D	96	14.49	130	40400
ACROSS CAR	AERO	AERO 621 CP.			2300	4	D	96	14.49	130	40400
ACROSS CAR	AERO	AERO 650 SD.			2300	4	D	96	14.49	130	42300
ACROSS CAR	AERO	AERO 660 CD.			2300	4	D	96	14.49	130	42300
ACROSS CAR	AERO	AERO 660 LD.			2300	4	D	96	14.49	130	42300
ACROSS CAR	AERO	AERO 675 SD.			2300	4	D	96	14.49	130	44200
ACROSS CAR	AERO	AERO 676 LD.			2300	4	D	96	14.49	130	44200
ACROSS CAR	AERO	AERO 680 SD.			2300	4	D	96	14.49	130	44200
ACROSS CAR	AERO	AERO 690 GD.			2300	4	D	96	14.49	130	45800
ACROSS CAR	AERO	AERO 690 LD.			2300	4	D	96	14.49	130	45800
ACROSS CAR	AERO	AERO 737 CP.			2300	4	D	96	14.49	130	46400
ACROSS CAR	AERO	AERO 737 LD.			2300	4	D	96	14.49	130	45600
ACROSS CAR	AERO	AERO PERFILADA 596 LD FIAT.			2300	4	D	103	14.49	140	41600
ACROSS CAR	AERO	AERO PERFILADA 620 CD FIAT.			2300	4	D	103	14.49	140	42300
ACROSS CAR	AERO	AERO PERFILADA 620 SD FIAT.			2300	4	D	103	14.49	140	41600
ACROSS CAR	AERO	AERO PERFILADA 621 CP FIAT.			2300	4	D	103	14.49	140	41600
ACROSS CAR	AERO	AERO PERFILADA 650 SD FIAT.			2300	4	D	103	14.49	140	43300
ACROSS CAR	AERO	AERO PERFILADA 660 CD FIAT.			2300	4	D	103	14.49	140	43300
ACROSS CAR	AERO	AERO PERFILADA 660 LD FIAT.			2300	4	D	103	14.49	140	43300
ACROSS CAR	AERO	AERO PERFILADA 675 SD FIAT.			2300	4	D	103	14.49	140	45100
ACROSS CAR	AERO	AERO PERFILADA 676 LD FIAT.			2300	4	D	103	14.49	140	45100
ACROSS CAR	AERO	AERO PERFILADA 677 CD FIAT.			2300	4	D	103	14.49	140	36100
ACROSS CAR	AERO	AERO PERFILADA 677 CP FIAT.			2300	4	D	103	14.49	140	45100
ACROSS CAR	AERO	AERO PERFILADA 680 CD FIAT.			2300	4	D	103	14.49	140	45100
ACROSS CAR	AERO	AERO PERFILADA 680 SD FIAT.			2300	4	D	103	14.49	140	45100
ACROSS CAR	AERO	AERO PERFILADA 690 GD FIAT.			2300	4	D	103	14.49	140	46600
ACROSS CAR	AERO	AERO PERFILADA 690 LD FIAT.			2300	4	D	103	14.49	140	46600
ACROSS CAR	AERO	AERO PERFILADA 695 GD FIAT.			2300	4	D	103	14.49	140	46600
ACROSS CAR	AERO	AERO PERFILADA 695 LD FIAT.			2300	4	D	103	14.49	140	46600
ACROSS CAR	AERO	AERO PERFILADA 737 CP FIAT.			2300	4	D	103	14.49	140	47200
ACROSS CAR	COMPACT	COMPACT 546 CD FIAT.			2300	4	D	103	14.49	140	32000
ACROSS CAR	COMPACT	COMPACT 564 CD FIAT 2300.			2300	4	D	103	14.49	140	40500
ACROSS CAR	COMPACT	COMPACT 565 CD FIAT.			2300	4	D	103	14.49	140	38600
ACROSS CAR	COMPACT	COMPACT 565 DK FIAT.			2300	4	D	103	14.49	140	41000
ACROSS CAR	COMPACT	COMPACT 565 LD FIAT.			2300	4	D	103	14.49	140	40500
ACROSS CAR	COMPACT	COMPACT 585 CD FIAT.			2300	4	D	103	14.49	140	40500
ACROSS CAR	COMPACT	COMPACT 586 LD FIAT.			2300	4	D	103	14.49	140	41000
ACROSS CAR	COMPACT	COMPACT 587 LD FIAT.			2300	4	D	103	14.49	140	41000
ACROSS CAR	VAN	VAN 340 FIAT DS/CD/LD.			2300	4	D	103	14.49	140	33700
ACROSS CAR	VAN	VAN 410 FIAT DD/CD/LD.			2300	4	D	103	14.49	140	33000
ACROSS CAR	XSCAPE	XSCAPE 549 DA.			2200	4	D	85	14.10	115	39400
ACROSS CAR	XSCAPE	XSCAPE 549 DA FIAT.			2300	4	D	103	14.49	140	41000
ACROSS CAR	XSCAPE	XSCAPE 573 DA.			2200	4	D	85	14.10	115	40000
ACROSS CAR	XSCAPE	XSCAPE 573 DA FIAT.			2300	4	D	103	14.49	140	41500
ACROSS CAR	XSCAPE	XSCAPE 573 LDA.			2200	4	D	85	14.10	115	40000
ACROSS CAR	XSCAPE	XSCAPE 573 LDA FIAT.			2300	4	D	103	14.49	140	41500
ACROSS CAR	XSCAPE	XSCAPE 596 DA.			2200	4	D	96	14.10	130	41300
ACROSS CAR	XSCAPE	XSCAPE 596 DA FIAT.			2300	4	D	103	14.49	140	42800
ACROSS CAR	XSCAPE	XSCAPE 596 LDA.			2200	4	D	96	14.10	130	41300
ACROSS CAR	XSCAPE	XSCAPE 596 LDA FIAT.			2300	4	D	103	14.49	140	42800
ACROSS CAR	XSCAPE	XSCAPE 620 DDA.			2200	4	D	96	14.10	130	41800
ACROSS CAR	XSCAPE	XSCAPE 620 DDA FIAT.			2300	4	D	103	14.49	140	43300
ACROSS CAR	XSCAPE	XSCAPE 620 LDA.			2200	4	D	96	14.10	130	41800
ACROSS CAR	XSCAPE	XSCAPE 620 LDA FIAT.			2300	4	D	103	14.49	140	43300
ACROSS CAR	XSCAPE	XSCAPE 646 LDA.			2200	4	D	96	14.10	130	41800
ACROSS CAR	XSCAPE	XSCAPE 646 LDA FIAT.			2300	4	D	103	14.49	140	43300
ACROSS CAR	XSCAPE	XSCAPE 680 DDA FIAT.			2300	4	D	103	14.49	140	45500
ACROSS CAR	XSCAPE	XSCAPE 680 SDA.			2200	4	D	96	14.10	130	44300
ACROSS CAR	XSCAPE	XSCAPE 690 CDA.			2200	4	D	96	14.10	130	44300
ACROSS CAR	XSCAPE	XSCAPE 690 CDA FIAT.			2300	4	D	103	14.49	140	45500
ACROSS CAR	XSCAPE	XSCAPE 690 DDA FIAT.			2300	4	D	103	14.49	140	45500
ACROSS CAR	XSCAPE	XSCAPE 690 LDA.			2200	4	D	96	14.10	130	44300
ACROSS CAR	XSCAPE	XSCAPE 690 LDA FIAT.			2300	4	D	103	14.49	140	45500
ACROSS CAR	XSCAPE	XSCAPE 695 LDA FIAT.			2300	4	D	103	14.49	140	46400
ACROSS CAR	XSCAPE	XSCAPE 725 LDA.			2200	4	D	96	14.10	130	45200
ACROSS CAR	XSCAPE	XSCAPE 725 LDA FIAT.			2300	4	D	103	14.49	140	46400
ACROSS CAR	XSCAPE	XSCAPE 727 LDA.			2200	4	D	96	14.10	130	45800
ACROSS CAR	XSCAPE	XSCAPE 727 LDA FIAT.			2300	4	D	103	14.49	140	47000
ACROSS CAR	XSCAPE	XSCAPE 727 SDA FIAT.			2300	4	D	103	14.49	140	47000
ADRIA	3WAY	3WAY SPACE.			2000	4	D	85	13.32	115	32500
ADRIA	4	4 TWIN FOUR.			2200	4	D	74	14.10	100	44000
ADRIA	4	4 TWIN FOUR.			2300	4	D	88	14.49	120	45100
ADRIA	4TWIN	4TWIN CAMPER.			2200	4	D	88	14.10	120	38200
ADRIA	4TWIN	4TWIN CAMPER 1.			3000	4	D	116	16.99	157	40200
ADRIA	ACTIVE.	ACTIVE.			1600	4	D	88	11.65	120	46600
ADRIA	ACTIVE	ACTIVE DUO.	2024		2000	4	D	110	13.32	150	69200
ADRIA	ADRIATIIK	ADRIATIIK 90AA.	2002		2800	4	D	94	16.30	128	56000
ADRIA	ADRIATIK	ADRIATIK 660 DP.	2001		2800	4	D	94	16.30	128	55700
ADRIA	COMPACT	COMPACT 590 SP.			2300	4	D	88	14.49	120	42400
ADRIA	COMPACT	COMPACT 590 SP 1.			3000	4	D	116	16.99	157	44500
ADRIA	COMPACT	COMPACT 591 SL.			2300	4	D	88	14.49	120	42400
ADRIA	COMPACT	COMPACT 591 SL 1.			3000	4	D	116	16.99	157	44500
ADRIA	COMPACT	COMPACT Axess DL Fiat 6D Final 35 L Man.			2200	4	D	103	14.10	140	48300
ADRIA	COMPACT	COMPACT Axess SC Fiat 6D Final 35 L Man.			2200	4	D	103	14.10	140	48700
ADRIA	COMPACT	COMPACT Axess SL Fiat 6D Final 35 L Man.			2200	4	D	103	14.10	140	48500
ADRIA	COMPACT	COMPACT AXESS SP CITROEN.			2000	4	D	96	13.32	130	48400
ADRIA	COMPACT	COMPACT Axess SP Fiat 6D Final 35 L Man.			2200	4	D	103	14.10	140	47000
ADRIA	COMPACT	COMPACT DL Fiat 6E 2,2 35L Man.			2200	4	D	103	14.10	140	49100
ADRIA	COMPACT	COMPACT PLUS DL Fiat 6D Final 35 L Man.			2200	4	D	103	14.10	140	52100
ADRIA	COMPACT	COMPACT Plus SC Fiat 6D Final 35 L Man.			2200	4	D	103	14.10	140	52500
ADRIA	COMPACT	COMPACT PLUS SCS-SLIDE OUT FIAT.			2300	4	D	96	14.49	130	55700
ADRIA	COMPACT	COMPACT Plus SL Fiat 6D Final 35 L Man.			2200	4	D	103	14.10	140	52100
ADRIA	COMPACT	COMPACT PLUS SLS- SLIDE OUT.			2300	4	D	96	14.49	130	55000
ADRIA	COMPACT	COMPACT PLUS SLS-SLIDE OUT FIAT.			2300	4	D	96	14.49	130	55700
ADRIA	COMPACT	COMPACT PLUS SP.			2300	4	D	96	14.49	130	51300
ADRIA	COMPACT	COMPACT PLUS SP FIAT.			2300	4	D	96	14.49	130	52000
ADRIA	COMPACT	COMPACT Plus SP Fiat 6D Final 35 L Man.			2200	4	D	103	14.10	140	43400
ADRIA	COMPACT	COMPACT SL Fiat 6E 2,2 35L Man.			2200	4	D	103	14.10	140	48600
ADRIA	COMPACT	COMPACT SP.			2200	4	D	74	14.10	100	46400
ADRIA	COMPACT	COMPACT SP.			2300	4	D	96	14.49	130	48700
ADRIA	COMPACT	COMPACT Supreme DL Fiat 6E 2,2 35L Man.			2200	4	D	103	14.10	140	52000
ADRIA	COMPACT	COMPACT Supreme SC Fiat 6E 2,2 35L Man.			2200	4	D	103	14.10	140	51100
ADRIA	COMPACT	COMPACT Supreme SL Fiat 6E 2,2 35L Man.			2200	4	D	103	14.10	140	51100
ADRIA	CORAL	CORAL A 640 SK.			2300	4	D	96	14.49	130	47500
ADRIA	CORAL	CORAL A 640 SK 1.			3000	4	D	116	16.99	157	49500
ADRIA	CORAL	CORAL A 660 SP.			2300	4	D	96	14.49	130	55800
ADRIA	CORAL	CORAL A 660 SP 1.			3000	4	D	116	16.99	157	50700
ADRIA	CORAL	CORAL A 670 SL.			2300	4	D	96	14.49	130	56400
ADRIA	CORAL	CORAL A 680 SK.			2300	4	D	96	14.49	130	48700
ADRIA	CORAL	CORAL A 680 SK 1.			3000	4	D	116	16.99	157	50700
ADRIA	CORAL	CORAL A 690 DK.			2300	4	D	96	14.49	130	49500
ADRIA	CORAL	CORAL A 690 DK 1.			3000	4	D	116	16.99	157	51600
ADRIA	CORAL	CORAL A 690 SC.			2200	4	D	74	14.10	100	54200
ADRIA	CORAL	CORAL A 690 SC.			2300	4	D	96	14.49	130	56700
ADRIA	CORAL	CORAL AXESS S600 SC.			2000	4	D	96	13.32	130	47600
ADRIA	CORAL	CORAL AXESS S600 SL.			2000	4	D	96	13.32	130	48200
ADRIA	CORAL	CORAL AXESS S600 SL CITROEN.			2000	4	D	96	13.32	130	50700
ADRIA	CORAL	CORAL AXESS S650 SF.			2300	4	D	96	14.49	130	45800
ADRIA	CORAL	CORAL AXESS S670 SC CITROEN.			2000	4	D	96	13.32	130	51000
ADRIA	CORAL	CORAL AXESS S670 SL.			2000	4	D	96	13.32	130	47600
ADRIA	CORAL	CORAL AXESS S670 SL.			2300	4	D	96	14.49	130	47200
ADRIA	CORAL	CORAL AXESS S670 SL CITROEN.			2300	4	D	96	14.49	130	50900
ADRIA	CORAL	CORAL AXESS S690 SC.			2000	4	D	96	13.32	130	48400
ADRIA	CORAL	CORAL AXESS S690 SC.			2300	4	D	96	14.49	130	48100
ADRIA	CORAL	CORAL CAPUCHINA XL Axess A 600 DP Citroen Euro6 35 L.			2200	4	D	103	14.10	140	50500
ADRIA	Coral	Coral Capuchina XL Axess A 600 DP Fiat 6E 2,2 35L Man.			2200	4	D	103	14.10	140	51600
ADRIA	Coral	Coral Capuchina XL Axess A 650 DK Fiat 6E 2,2 35L Man.			2200	4	D	103	14.10	140	51800
ADRIA	Coral	Coral Capuchina XL Axess A 650 SP Fiat 6E 2,2 35L Man.			2200	4	D	103	14.10	140	51200
ADRIA	CORAL	CORAL CAPUCHINA XL Axess A 660 SL Fiat 6D Final 35 L Man.			2200	4	D	103	14.10	140	54200
ADRIA	CORAL	CORAL CAPUCHINA XL Axess A 670 DK Citroen Euro6 35 L - S&S.			2200	4	D	103	14.10	140	42000
ADRIA	CORAL	CORAL CAPUCHINA XL Axess A 670 SL Citroen Euro6 35 L.			2200	4	D	103	14.10	140	42500
ADRIA	CORAL	CORAL CAPUCHINA XL Axess A 670 SP Citroen Euro6 35 L - S&S.			2200	4	D	103	14.10	140	42500
ADRIA	CORAL	CORAL CAPUCHINA XL Plus A 600 DP FIAT 6D 35 L.			2300	4	D	103	14.10	140	47900
ADRIA	CORAL	CORAL CAPUCHINA XL Plus A 670 SL Fiat 6D 35 L.			2300	4	D	103	14.10	140	56200
ADRIA	CORAL	CORAL CAPUCHINA XL Plus A 670 SP Fiat 6D 35 L.			2300	4	D	103	14.10	140	47900
ADRIA	CORAL	CORAL PLUS S 600 SC.			2300	4	D	96	14.49	130	56500
ADRIA	CORAL	CORAL PLUS S 600 SL.			2300	4	D	96	14.49	130	56000
ADRIA	CORAL	CORAL PLUS S 650 SF.			2300	4	D	96	14.49	130	52200
ADRIA	CORAL	CORAL PLUS S 690 SC.			2300	4	D	96	14.49	130	57000
ADRIA	CORAL	CORAL PLUS S670 SC FIAT.			2300	4	D	96	14.49	130	57100
ADRIA	CORAL	CORAL PLUS S670 SL FIAT.			2300	4	D	96	14.49	130	56600
ADRIA	CORAL	CORAL S 650 SP.			2200	4	D	74	14.10	100	53200
ADRIA	CORAL	CORAL S 650 SP.			2300	4	D	96	14.49	130	54900
ADRIA	CORAL	CORAL S 650 SP 1.			3000	4	D	116	16.99	157	48000
ADRIA	CORAL	CORAL S 670 SLT.			2200	4	D	74	14.10	100	54500
ADRIA	CORAL	CORAL S 670 SLT.			2300	4	D	96	14.49	130	56500
ADRIA	CORAL	CORAL S 680 SP.			2200	4	D	74	14.10	100	53900
ADRIA	CORAL	CORAL S 680 SP.			2300	4	D	96	14.49	130	55800
ADRIA	CORAL	CORAL S 680 SP 1.			3000	4	D	116	16.99	157	50600
ADRIA	CORAL	CORAL S 680 SPL.			2300	4	D	96	14.49	130	49900
ADRIA	CORAL	CORAL S 680 SPL 1.			3000	4	D	116	16.99	157	52000
ADRIA	CORAL	CORAL S 690 SC.			2200	4	D	74	14.10	100	54200
ADRIA	CORAL	CORAL S 690 SC.			2300	4	D	96	14.49	130	56200
ADRIA	CORAL	CORAL S 690 SP.			2300	4	D	96	14.49	130	48700
ADRIA	CORAL	CORAL XL AXESS 660 SL.	2025		2300	4	D	103	14.49	140	62200
ADRIA	CORAL	CORAL XL AXESS A 670 DK.			2000	4	D	96	13.32	130	50900
ADRIA	CORAL	CORAL XL AXESS A 670 DK CITROEN.			2000	4	D	96	13.32	130	51800
ADRIA	CORAL	CORAL XL AXESS A 670 SP.			2000	4	D	96	13.32	130	52000
ADRIA	CORAL	CORAL XL AXESS A 670 SP CITROEN.			2000	4	D	96	13.32	130	52800
ADRIA	CORAL	CORAL XL PLUS A 670 DK.			2300	4	D	96	14.49	130	56500
ADRIA	CORAL	CORAL XL PLUS A 670 DK FIAT.			2300	4	D	96	14.49	130	57000
ADRIA	CORAL	CORAL XL PLUS A 670 SP.			2300	4	D	96	14.49	130	57300
ADRIA	CORAL	CORAL XL PLUS A 670 SP FIAT.			2300	4	D	96	14.49	130	58000
ADRIA	FRECCIA	FRECCIA 360.			1929	4	D	60	13.04	82	47000
ADRIA	FRECCIA	FRECCIA 400.			2455	4	D	55	15.06	75	33500
ADRIA	FRECCIA	FRECCIA 400/DUCATO.			2445	4	D	53	15.03	72	33500
ADRIA	FRECCIA	FRECCIA KAMP FD10.			2360	4	D	46	14.71	63	33500
ADRIA	MATRIX	MATRIX AXESS 650 DC.	2025		2300	4	D	103	14.49	140	62400
ADRIA	MATRIX	MATRIX AXESS 670 SC.	2025		2300	4	D	103	14.49	140	62900
ADRIA	MATRIX	MATRIX AXESS 670 SL.	2025		2300	4	D	103	14.49	140	62500
ADRIA	MATRIX	MATRIX Axess M 600 SL Citroen Euro6 2,0 35 L.			2000	4	D	96	13.32	130	42500
ADRIA	MATRIX	MATRIX Axess M 600 SP Citroen Euro6 2,0 35 L.			2000	4	D	96	13.32	130	42100
ADRIA	MATRIX	MATRIX Axess M 650 DC Citroen Euro6 2,0 35 L.			2000	4	D	96	13.32	130	42700
ADRIA	MATRIX	MATRIX Axess M 650 DL Citroen Euro6 2,0 35 L.			2000	4	D	96	13.32	130	42400
ADRIA	MATRIX	MATRIX Axess M 650 SC Citroen Euro6 2,0 35 L.			2000	4	D	96	13.32	130	42700
ADRIA	MATRIX	MATRIX Axess M 650 SL Citroen Euro6 2,0 35 L.			2000	4	D	96	13.32	130	42500
ADRIA	MATRIX	MATRIX AXESS M600SC.			2000	4	D	96	13.32	130	51100
ADRIA	MATRIX	MATRIX AXESS M600SC CITROEN.			2000	4	D	96	13.32	130	51700
ADRIA	MATRIX	MATRIX AXESS M670SBC.			2000	4	D	96	13.32	130	51100
ADRIA	MATRIX	MATRIX AXESS M670SBC.			2300	4	D	96	14.49	130	50600
ADRIA	MATRIX	MATRIX AXESS M670SC.			2000	4	D	96	13.32	130	51600
ADRIA	MATRIX	MATRIX AXESS M670SC.			2300	4	D	96	14.49	130	51000
ADRIA	MATRIX	MATRIX AXESS M670SC.			2000	4	D	96	13.32	130	52200
ADRIA	MATRIX	MATRIX AXESS M670SL.			2000	4	D	96	13.32	130	51500
ADRIA	MATRIX	MATRIX AXESS M670SL.			2300	4	D	96	14.49	130	50900
ADRIA	MATRIX	MATRIX AXESS M670SL CITROEN.			2300	4	D	96	14.49	130	52100
ADRIA	MATRIX	MATRIX AXESS M670SP.			2000	4	D	96	13.32	130	50100
ADRIA	MATRIX	MATRIX AXESS M670SP.			2300	4	D	96	14.49	130	49600
ADRIA	MATRIX	MATRIX AXESS M670SP CITROEN.			2000	4	D	96	13.32	130	50700
ADRIA	MATRIX	MATRIX CROSSOVER Axess M 600 SL Citroen Euro6 2,0 35 L.			2000	4	D	96	13.32	130	50700
ADRIA	MATRIX	MATRIX CROSSOVER Axess M 600 SP Citroen Euro6 2,0 35 L.			2000	4	D	96	13.32	130	50300
ADRIA	MATRIX	MATRIX CROSSOVER Axess M 650 DC Citroen Euro6 2,0 35 L.			2000	4	D	96	13.32	130	50900
ADRIA	MATRIX	MATRIX CROSSOVER Axess M 650 DL Citroen Euro6 2,0 35 L.			2000	4	D	96	13.32	130	50600
ADRIA	MATRIX	MATRIX CROSSOVER Axess M 650 SC Citroen Euro6 2,0 35 L.			2000	4	D	96	13.32	130	51000
ADRIA	MATRIX	MATRIX CROSSOVER Axess M 650 SL Citroen Euro6 2,0 35 L.			2000	4	D	96	13.32	130	50700
ADRIA	MATRIX	MATRIX CROSSOVER Axess M 670 SC Citroen Euro6 2,0 35 L.			2000	4	D	96	13.32	130	51500
ADRIA	MATRIX	MATRIX CROSSOVER Axess M 670 SL Citroen Euro6 2,0 35 L.			2000	4	D	96	13.32	130	51000
ADRIA	MATRIX	MATRIX CROSSOVER Plus M 600 DT Fiat Euro6 35 L.			2300	4	D	103	14.49	140	56500
ADRIA	MATRIX	MATRIX CROSSOVER Plus M 650 DC Fiat Euro6 35 L.			2300	4	D	103	14.49	140	56800
ADRIA	MATRIX	MATRIX CROSSOVER Plus M 650 Dl Fiat Euro6 35 L.			2300	4	D	103	14.49	140	57000
ADRIA	MATRIX	MATRIX CROSSOVER Plus M 670 DC Fiat Euro6 35 L.			2300	4	D	103	14.49	140	58000
ADRIA	MATRIX	MATRIX CROSSOVER Plus M 670 DL Fiat Euro6 35 L.			2300	4	D	103	14.49	140	58100
ADRIA	MATRIX	MATRIX CROSSOVER Plus M 670 SC Fiat Euro6 35 L.			2300	4	D	103	14.49	140	57800
ADRIA	MATRIX	MATRIX CROSSOVER Plus M 670 SL Fiat Euro6 35 L.			2300	4	D	103	14.49	140	57600
ADRIA	MATRIX	MATRIX CROSSOVER Supreme M 670 DC - Fiat Euro6 35 L.			2300	4	D	103	14.49	140	62400
ADRIA	MATRIX	MATRIX CROSSOVER Supreme M 670 DL Fiat Euro6 35 L.			2300	4	D	103	14.49	140	62400
ADRIA	MATRIX	MATRIX CROSSOVER Supreme M 670 SC Fiat Euro6 35 L.			2300	4	D	103	14.49	140	62100
ADRIA	MATRIX	MATRIX CROSSOVER Supreme M 670 SL Fiat Euro6 35 L.			2300	4	D	103	14.49	140	61900
ADRIA	MATRIX	MATRIX M 650 SK.			2200	4	D	74	14.10	100	54700
ADRIA	MATRIX	MATRIX M 650 SK.			2300	4	D	96	14.49	130	56700
ADRIA	MATRIX	MATRIX M 670 SC.			2200	4	D	74	14.10	100	55700
ADRIA	MATRIX	MATRIX M 670 SC.			2300	4	D	96	14.49	130	57600
ADRIA	MATRIX	MATRIX M 680 SL.			2200	4	D	74	14.10	100	55700
ADRIA	MATRIX	MATRIX M 680 SL.			2300	4	D	96	14.49	130	57600
ADRIA	MATRIX	MATRIX M 680 SP.			2200	4	D	74	14.10	100	54700
ADRIA	MATRIX	MATRIX M 680 SP.			2300	4	D	96	14.49	130	56700
ADRIA	Matrix	Matrix Perfilada Axess M 650 DC Fiat 6E 2,2 35L Man.			2200	4	D	103	14.10	140	51700
ADRIA	Matrix	Matrix Perfilada Axess M 650 DL Fiat 6E 2,2 35L Man.			2200	4	D	103	14.10	140	51700
ADRIA	Matrix	Matrix Perfilada Axess M 650 SL Fiat 6E 2,2 35L Man.			2200	4	D	103	14.10	140	51500
ADRIA	Matrix	Matrix Perfilada Axess M 670 SC Fiat 6E 2,2 35L Man.			2200	4	D	103	14.10	140	52200
ADRIA	Matrix	Matrix Perfilada Axess M 670 SL Fiat 6E 2,2 35L Man.			2200	4	D	103	14.10	140	51800
ADRIA	Matrix	Matrix Perfilada Plus M 670 DC Fiat 6E 2,2 35L Man.			2200	4	D	103	14.10	140	56400
ADRIA	Matrix	Matrix Perfilada Plus M 670 DL Fiat 6E 2,2 35L Man.			2200	4	D	103	14.10	140	56500
ADRIA	Matrix	Matrix Perfilada Plus M 670 SL Fiat 6E 2,2 35L Man.			2200	4	D	103	14.10	140	56100
ADRIA	Matrix	Matrix Perfilada Supreme - Alde M 670 DC Fiat 6E 2,2 35L Man.			2200	4	D	103	14.10	140	64100
ADRIA	Matrix	Matrix Perfilada Supreme - Alde M 670 DL Fiat 6E 2,2 35L Man.			2200	4	D	103	14.10	140	64100
ADRIA	Matrix	Matrix Perfilada Supreme - Alde M 670 SC Fiat 6E 2,2 35L Man.			2200	4	D	103	14.10	140	63800
ADRIA	Matrix	Matrix Perfilada Supreme - Alde M 670 SL Fiat 6E 2,2 35L Man.			2200	4	D	103	14.10	140	63500
ADRIA	MATRIX	MATRIX PLATINUM M670 SBC-PLATINUM.			2300	4	D	96	14.49	130	58000
ADRIA	MATRIX	MATRIX PLATINUM M670 SC-PLATINUM.			2300	4	D	96	14.49	130	57800
ADRIA	MATRIX	MATRIX PLATINUM M670 SL-PLATINUM.			2300	4	D	96	14.49	130	57500
ADRIA	MATRIX	MATRIX PLUS M 600 SC.			2300	4	D	96	14.49	130	57100
ADRIA	Matrix	Matrix Plus M 670 DC Fiat 6D Final 35 L Man.			2200	4	D	103	14.10	140	58100
ADRIA	Matrix	Matrix Plus M 670 DL Fiat 6D Final 35 L Man.			2200	4	D	103	14.10	140	58200
ADRIA	MATRIX	MATRIX PLUS M 670 SC.			2300	4	D	96	14.49	130	57500
ADRIA	MATRIX	MATRIX PLUS M 670 SC FIAT.			2300	4	D	96	14.49	130	58100
ADRIA	Matrix	Matrix Plus M 670 SC Fiat 6D Final 35 L Man.			2200	4	D	103	14.10	140	58000
ADRIA	MATRIX	MATRIX PLUS M 670 SL.			2300	4	D	96	14.49	130	57000
ADRIA	MATRIX	MATRIX PLUS M 670 SL FIAT.			2300	4	D	96	14.49	130	57800
ADRIA	Matrix	Matrix Plus M 670 SL Fiat 6D Final 35 L Man.			2200	4	D	103	14.10	140	57700
ADRIA	MATRIX	MATRIX PLUS M670 SBC.			2300	4	D	96	14.49	130	57800
ADRIA	MATRIX	MATRIX PLUS M670 SBC FIAT.			2300	4	D	96	14.49	130	58400
ADRIA	MATRIX	MATRIX PLUS M670 SP.			2300	4	D	96	14.49	130	57100
ADRIA	MATRIX	MATRIX PLUS M670 SP FIAT.			2300	4	D	96	14.49	130	57700
ADRIA	MATRIX	MATRIX SUPREME M670 SC FIAT.			2300	4	D	96	14.49	130	61300
ADRIA	MATRIX	MATRIX SUPREME M670 SL FIAT.			2300	4	D	96	14.49	130	61100
ADRIA	MATRIX	MATRIX SUPREME M687SBC.			2300	4	D	92	14.49	125	57200
ADRIA	MATRIX	MATRIX SUPREME M687SL.			2300	4	D	92	14.49	125	56900
ADRIA	MATRIX	MATRIX SUPREME M687SLT.			2300	4	D	110	14.49	150	77000
ADRIA	Matrix	Matrix Supreme MB - Alde - M 670 DC Mercedes Benz 415 OM654 Man.			2000	4	D	110	13.32	150	79300
ADRIA	Matrix	Matrix Supreme MB - Alde - M 670 DL Mercedes Benz 415 OM654 Man.			2000	4	D	110	13.32	150	79300
ADRIA	Matrix	Matrix Supreme MB - Alde - M 670 SL Mercedes Benz 415 OM654 Man.			2000	4	D	110	13.32	150	78700
ADRIA	MAXIVAN	MAXIVAN CAMPER.			2200	4	D	88	14.10	120	39800
ADRIA	MAXIVAN	MAXIVAN CAMPER 1.			3000	4	D	116	16.99	157	41700
ADRIA	SONIC	SONIC AXESS I 600 SC.			2300	4	D	96	14.49	130	62500
ADRIA	SONIC	SONIC AXESS I 600 SC FIAT.			2300	4	D	96	14.49	130	63200
ADRIA	SONIC	SONIC AXESS I 600 SL.			2300	4	D	96	14.49	130	62500
ADRIA	SONIC	SONIC AXESS I 600 SL FIAT.			2300	4	D	96	14.49	130	63200
ADRIA	SONIC	SONIC AXESS I 600 SP.			2300	4	D	96	14.49	130	62500
ADRIA	SONIC	SONIC AXESS I 700 SBC.			2300	4	D	96	14.49	130	60000
ADRIA	SONIC	SONIC AXESS I 700 SC.			2300	4	D	96	14.49	130	59800
ADRIA	SONIC	SONIC AXESS I 700 SL.			2300	4	D	96	14.49	130	59700
ADRIA	Sonic	Sonic Integral Plus 600 SL Fiat 6E 2,2 35L Man.			2200	4	D	103	14.10	140	65500
ADRIA	Sonic	Sonic Integral Plus 700 DC Fiat 6E 2,2 35L Man.			2200	4	D	103	14.10	140	64900
ADRIA	Sonic	Sonic Integral Plus 700 DL Fiat 6E 2,2 35L Man.			2200	4	D	103	14.10	140	65800
ADRIA	Sonic	Sonic Integral Plus 700 SL Fiat 6E 2,2 35L Man.			2200	4	D	103	14.10	140	65800
ADRIA	Sonic	Sonic Integral Supreme Alde Silver 700 DC Fiat 6E 2,2 35L Man.			2200	4	D	103	14.10	140	74000
ADRIA	Sonic	Sonic Integral Supreme Alde Silver 700 DL Fiat 6E 2,2 35L Man.			2200	4	D	103	14.10	140	73900
ADRIA	Sonic	Sonic Integral Supreme Alde Silver 700 SL Fiat 6E 2,2 35L Man.			2200	4	D	103	14.10	140	73300
ADRIA	SONIC	SONIC Plus I 600 SL Fiat 6D 35 L Man.			2200	4	D	103	14.10	140	65300
ADRIA	SONIC	SONIC PLUS I 600 SP.			2300	4	D	96	14.49	130	65500
ADRIA	SONIC	SONIC Plus I 700 DC Fiat 6D 35 L Man.			2200	4	D	103	14.10	140	66100
ADRIA	SONIC	SONIC PLUS I 700 SBC.			2300	4	D	96	14.49	130	69400
ADRIA	SONIC	SONIC PLUS I 700 SBC FIAT.			2300	4	D	96	14.49	130	70200
ADRIA	SONIC	SONIC PLUS I 700 SC.			2300	4	D	96	14.49	130	69200
ADRIA	SONIC	SONIC PLUS I 700 SL FIAT.			2300	4	D	96	14.49	130	70000
ADRIA	SONIC	SONIC Plus I 700 SL Fita 6D 35 L Man.			2200	4	D	103	14.10	140	66100
ADRIA	SONIC	SONIC PLUS-SILVER I 700 SBC.			2300	4	D	96	14.49	130	72200
ADRIA	SONIC	SONIC PLUS-SILVER I 700 SBC FIAT.			2300	4	D	96	14.49	130	73000
ADRIA	SONIC	SONIC PLUS-SILVER I 700 SC.			2300	4	D	96	14.49	130	71900
ADRIA	SONIC	SONIC PLUS-SILVER I 700 SC FIAT.			2300	4	D	96	14.49	130	72600
ADRIA	SONIC	SONIC PLUS-SILVER I 700 SL.			2300	4	D	96	14.49	130	71900
ADRIA	SONIC	SONIC PLUS-SILVER I 700 SL FIAT.			2300	4	D	96	14.49	130	72600
ADRIA	SONIC	SONIC Supreme Alde Silver 700 DC Fiat 6D 35 L Man.			2200	4	D	103	14.10	140	73600
ADRIA	SONIC	SONIC Supreme Alde Silver 700 DL Fiat 6D 35 L Man.			2200	4	D	103	14.10	140	73500
ADRIA	SONIC	SONIC Supreme Alde Silver 700 SL Fiat 6D 35 L Man.			2200	4	D	103	14.10	140	73000
ADRIA	SONIC	SONIC SUPREME I 700 DC.	2025		2300	4	D	132	14.49	180	92600
ADRIA	SONIC	SONIC SUPREME I 700 DL.	2025		2300	4	D	132	14.49	180	92300
ADRIA	SONIC	SONIC SUPREME I 700 SL.	2025		2300	4	D	132	14.49	180	91700
ADRIA	SONIC	SONIC SUPREME I 710 SBC.			2300	4	D	96	14.49	130	79700
ADRIA	SONIC	SONIC SUPREME I 710 SBC FIAT.			2300	4	D	96	14.49	130	80400
ADRIA	SONIC	SONIC SUPREME I 710 SC.			2300	4	D	96	14.49	130	79400
ADRIA	SONIC	SONIC SUPREME I 710 SC FIAT.			2300	4	D	96	14.49	130	80200
ADRIA	SONIC	SONIC SUPREME I 710 SL.			2300	4	D	96	14.49	130	79400
ADRIA	SONIC	SONIC SUPREME I 710 SL FIAT.			2300	4	D	96	14.49	130	80200
ADRIA	SONIC	SONIC SUPREME I 710 SLT.			2300	4	D	96	14.49	130	74900
ADRIA	SONIC	SONIC SUPREME I 810 SC.			2300	4	D	96	14.49	130	88800
ADRIA	SONIC	SONIC SUPREME I 810 SC FIAT.			2300	4	D	96	14.49	130	90100
ADRIA	SONIC	SONIC SUPREME I 810 SL FIAT.			2300	4	D	96	14.49	130	90100
ADRIA	SPORT	SPORT A 571 SP.			2300	4	D	96	14.49	130	39300
ADRIA	SPORT	SPORT A 571 SP 1.			3000	4	D	116	16.99	157	41300
ADRIA	SPORT	SPORT A 576 DK.			2300	4	D	96	14.49	130	41000
ADRIA	SPORT	SPORT A 576 DK 1.			3000	4	D	116	16.99	157	42900
ADRIA	SPORT	SPORT A 660 DP.			2300	4	D	96	14.49	130	47300
ADRIA	SPORT	SPORT A 660 DP.			3000	4	D	96	16.99	130	51800
ADRIA	SPORT	SPORT A 660 DP 1.			2200	4	D	116	14.10	157	49800
ADRIA	SPORT	SPORT A 680 SK.			2200	4	D	74	14.10	100	49800
ADRIA	SPORT	SPORT A 680 SK.			2300	4	D	96	14.49	130	51800
ADRIA	SPORT	SPORT A 690 SK.			2200	4	D	74	14.10	100	49800
ADRIA	SPORT	SPORT A 690 SK.			2300	4	D	96	14.49	130	51800
ADRIA	SPORT	SPORT S 572 SL.			2200	4	D	74	14.10	100	45700
ADRIA	SPORT	SPORT S 572 SL.			2300	4	D	96	14.49	130	48300
ADRIA	SPORT	SPORT S 573 DS.			2200	4	D	74	14.10	100	45700
ADRIA	SPORT	SPORT S 573 DS.			2300	4	D	96	14.49	130	48200
ADRIA	SPORT	SPORT S 573 DS 1.			3000	4	D	116	16.99	157	41800
ADRIA	SPORT	SPORT S 577 SC.			2200	4	D	74	14.10	100	45700
ADRIA	SPORT	SPORT S 577 SC.			2300	4	D	96	14.49	130	48300
ADRIA	SUPERSONIC	SUPERSONIC 780 DC (MERCEDES).	2025		2000	4	D	125	13.32	170	129100
ADRIA	SUPERSONIC	SUPERSONIC 780 DL (MERCEDES).	2024		2000	4	D	125	13.32	170	129100
ADRIA	SUPERSONIC	SUPERSONIC 890 LL (MERCEDES).	2025		2000	4	D	125	13.32	170	136500
ADRIA	TIK	TIK 250/A/BCMFC/7GD/BX/VE.			2800	4	D	88	16.30	120	40400
ADRIA	TIK	TIK 90AB/A4.			2287	4	D	96	14.44	130	46800
ADRIA	Twi	Twi Camper Plus 600 SX - Fiat 6D 35 L.			2200	4	D	103	14.10	140	48200
ADRIA	TWIN	TWIN 500 S TITAN.			2300	4	D	96	14.49	130	43300
ADRIA	TWIN	TWIN 540 SPT.			2300	4	D	96	14.49	130	42700
ADRIA	TWIN	TWIN 540 SPT-TITAN.			2300	4	D	96	14.49	130	45300
ADRIA	TWIN	TWIN 600 600 SPT-FAMILY.			2300	4	D	96	14.49	130	45400
ADRIA	TWIN	TWIN 600 SLT.			2300	4	D	96	14.49	130	45200
ADRIA	TWIN	TWIN 600 SLT-TITAN.			2300	4	D	96	14.49	130	47700
ADRIA	TWIN	TWIN 600 SP.			2300	4	D	96	14.49	130	44700
ADRIA	TWIN	TWIN 600 SPB FAMILY.	2025		2300	4	D	103	14.49	140	51600
ADRIA	TWIN	TWIN 600 SPT.			2300	4	D	96	14.49	130	44600
ADRIA	TWIN	TWIN 600 SPT-FAMILY-TITAN.			2300	4	D	96	14.49	130	47400
ADRIA	TWIN	TWIN 600 SP-TITAN.			2300	4	D	96	14.49	130	47200
ADRIA	TWIN	TWIN 600 SPT-TITAN.			2300	4	D	96	14.49	130	47200
ADRIA	TWIN	TWIN 640 SHX.			2300	4	D	96	14.49	130	48500
ADRIA	TWIN	TWIN 640 SHX-TITAN.			2300	4	D	96	14.49	130	50400
ADRIA	TWIN	TWIN 640 SLX.			2300	4	D	96	14.49	130	47000
ADRIA	TWIN	TWIN 640 SLX-TITAN.			2300	4	D	96	14.49	130	49700
ADRIA	TWIN	TWIN ACTIVE CAMPER.			2200	4	D	88	14.10	120	37000
ADRIA	TWIN	TWIN ACTIVE CAMPER 1.			3000	4	D	116	16.99	157	39000
ADRIA	TWIN	TWIN Axess 540 SP Citroen Euro6 33 L -S&S.			2200	4	D	103	14.10	140	44700
ADRIA	TWIN	TWIN Axess 600 SP Citroen Euro6 33 L -S&S.			2200	4	D	103	14.10	140	45500
ADRIA	TWIN	TWIN Axess 600 SP Family Citroen Euro6 33 L -S&S.			2200	4	D	103	14.10	140	46700
ADRIA	TWIN	TWIN Axess 640 SL Citroen 6D 35 L - S&S.			2200	4	D	103	14.10	140	43700
ADRIA	TWIN	TWIN BLACK SOUND.			3000	4	D	116	16.99	158	67500
ADRIA	TWIN	TWIN C 600 SLX.			2000	4	D	96	13.32	130	44500
ADRIA	TWIN	TWIN C 600 SP.			2000	4	D	96	13.32	130	42100
ADRIA	TWIN	TWIN C 600 SPT.			2000	4	D	96	13.32	130	42300
ADRIA	TWIN	TWIN CAMPER.			2200	4	D	88	14.10	120	38200
ADRIA	TWIN	TWIN CAMPER 1.			3000	4	D	116	16.99	157	40200
ADRIA	Twin	Twin Camper Max - 680 SGX MAN 2,0 - 3,5Tn - Man (2 pl).			2000	4	D	103	13.32	140	66100
ADRIA	Twin	Twin Camper Max - 680 SLB MAN 2,0 - 3,5Tn - Man (2 pl).			2000	4	D	103	13.32	140	64600
ADRIA	Twin	Twin Camper Plus 540 SP - Citroen 35 L.			2300	4	D	103	14.49	140	42600
ADRIA	Twin	Twin Camper Plus 540 SP - Fiat 6D 35 L.			2200	4	D	103	14.10	140	45000
ADRIA	Twin	Twin Camper Plus 600 SPB - Citroen 35 L.			2300	4	D	103	14.49	140	44400
ADRIA	Twin	Twin Camper Plus 600 SPB - Fiat 6D 35 L.			2200	4	D	103	14.10	140	46200
ADRIA	Twin	Twin Camper Plus 600 SPB Family Citroen 35 L.			2300	4	D	103	14.49	140	44900
ADRIA	Twin	Twin Camper Plus 600 SPB Family Fiat 6D 35 L.			2200	4	D	103	14.10	140	46600
ADRIA	Twin	Twin Camper Plus 640 SG - Fiat 6D 35 L.			2200	4	D	103	14.10	140	48400
ADRIA	Twin	Twin Camper Plus 640 SGX - Citroen 35 L.			2300	4	D	103	14.49	140	47200
ADRIA	Twin	Twin Camper Plus 640 SGX - Fiat 6D 35 L.			2200	4	D	103	14.10	140	49300
ADRIA	Twin	Twin Camper Plus 640 SLB - Citroen 35 L.			2300	4	D	103	14.49	140	45600
ADRIA	Twin	Twin Camper Plus 640 SLB - Fiat 6D 35 L.			2200	4	D	103	14.10	140	47700
ADRIA	Twin	Twin Camper Sport - Silver 600 SX Sports Fiat 6D 35 L.			2200	4	D	103	14.10	140	54100
ADRIA	Twin	Twin Camper Sport - Silver 640 SG Sports Citroen 35 L.			2300	4	D	103	14.49	140	53600
ADRIA	Twin	Twin Camper Sport - Silver 640 SGX Sports Citroen 35 L.			2300	4	D	103	14.49	140	54800
ADRIA	Twin	Twin Camper Sport - Silver 640 SLB Sports Citroen 35 L.			2300	4	D	103	14.49	140	53100
ADRIA	Twin	Twin Camper Sport - Silver 640 SPB Sports Citroen 35 L.			2300	4	D	103	14.49	140	52500
ADRIA	Twin	Twin Camper Sport - Silver 640 SX Sports Citroen 35 L.			2300	4	D	103	14.49	140	53300
ADRIA	Twin	Twin Camper Sports - Silver 640 SGX Sports Fiat 6E 2,2 35L Man.			2200	4	D	103	14.10	140	55500
ADRIA	Twin	Twin Camper Sports - Silver 640 SLB Sports Fiat 6E 2,2 35L Man.			2200	4	D	103	14.10	140	53700
ADRIA	Twin	Twin Camper Sports - Silver 640 SPB Sports Fiat 6E 2,2 35L Man.			2200	4	D	103	14.10	140	52500
ADRIA	Twin	Twin Camper Sports - Silver 640 SX Sports Fiat 6E 2,2 35L Man.			2200	4	D	103	14.10	140	53500
ADRIA	Twin	Twin Camper Supreme - Silver 600 SBX Citroen 35 L.			2300	4	D	103	14.49	140	49000
ADRIA	Twin	Twin Camper Supreme - Silver 600 SBX Fiat6 35 L.			2300	4	D	103	14.49	140	49900
ADRIA	Twin	Twin Camper Supreme - Silver 600 SPB Citroen 35 L.			2300	4	D	103	14.49	140	47800
ADRIA	Twin	Twin Camper Supreme - Silver 600 SPB Fiat 6D 35 L.			2200	4	D	103	14.10	140	49200
ADRIA	Twin	Twin Camper Supreme - Silver 600 SX Citroen 35 L.			2300	4	D	103	14.49	140	48800
ADRIA	Twin	Twin Camper Supreme - Silver 600 SX Fiat6 35 L.			2200	4	D	103	14.10	140	49700
ADRIA	Twin	Twin Camper Supreme - Silver 640 SGX Citroen 35 L.			2300	4	D	103	14.49	140	50100
ADRIA	Twin	Twin Camper Supreme - Silver 640 SGX Fiat 6D 35 L.			2200	4	D	103	14.10	140	52300
ADRIA	Twin	Twin Camper Supreme - Silver 640 SLB Citroen 35 L.			2300	4	D	103	14.49	140	48500
ADRIA	Twin	Twin Camper Supreme - Silver 640 SLB Fiat 6D 35 L.			2200	4	D	103	14.10	140	50400
ADRIA	Twin	Twin Camper Supreme - Silver 640 SPB Family Citroen 35 L.			2300	4	D	103	14.49	140	48400
ADRIA	Twin	Twin Camper Supreme - Silver 640 SPB Family Fiat 6D 35 L.			2200	4	D	103	14.10	140	50300
ADRIA	TWIN	TWIN D CAMPER.			2200	4	D	88	14.10	120	38200
ADRIA	TWIN	TWIN D CAMPER 1.			3000	4	D	116	16.99	157	40200
ADRIA	TWIN	TWIN MAX 680 SGX (MAN).	2024		2000	4	D	132	13.32	180	75800
ADRIA	TWIN	TWIN PLATINUM 600 SPT-PLATINUM.			2000	4	D	96	13.32	130	44300
ADRIA	TWIN	TWIN PLATINUM 640 SLX-PLATINUM.			2000	4	D	96	13.32	130	45700
ADRIA	TWIN	TWIN Plus 540 SP - Fiat6 35 L.			2300	4	D	103	14.49	140	44500
ADRIA	TWIN	TWIN PLUS 600 SPB.	2024		2000	4	D	103	13.32	140	48600
ADRIA	TWIN	TWIN Plus 600 SPB - Fiat6 35 L.			2300	4	D	103	14.49	140	45800
ADRIA	TWIN	TWIN Plus 600 SPB Family Fiat6 35 L.			2300	4	D	103	14.49	140	46200
ADRIA	TWIN	TWIN PLUS 640 SG.	2024		2000	4	D	103	14.49	140	51300
ADRIA	TWIN	TWIN Plus 640 SGX - Fiat 6D 35 L.			2300	4	D	103	14.49	140	48800
ADRIA	TWIN	TWIN Plus 640 SLB - Fiat6 35 L.			2300	4	D	103	14.49	140	47300
ADRIA	TWIN	TWIN SHX.			2300	4	D	96	14.49	130	46400
ADRIA	TWIN	TWIN SLX.			2300	4	D	96	14.49	130	45100
ADRIA	TWIN	TWIN SP.			2200	4	D	74	14.10	100	45100
ADRIA	TWIN	TWIN SP.			2300	4	D	88	14.49	120	45200
ADRIA	TWIN	TWIN Sport - Silver 640 SG Sports Fiat 6D 35 L.			2200	4	D	103	14.10	140	55000
ADRIA	TWIN	TWIN Sport - Silver 640 SGX Sports Fiat 6D 35 L.			2200	4	D	103	14.10	140	56300
ADRIA	TWIN	TWIN Sport - Silver 640 SLB Sports Fiat 6D 35 L.			2200	4	D	103	14.10	140	54500
ADRIA	TWIN	TWIN Sport - Silver 640 SPB Sports Fiat 6D 35 L.			2200	4	D	103	14.10	140	53300
ADRIA	TWIN	TWIN Supreme 600 SPB Fiat6 35 L.			2300	4	D	103	14.49	140	48700
ADRIA	TWIN	TWIN Supreme 640 SGX Fiat6 35 L.			2300	4	D	103	14.49	140	51800
ADRIA	TWIN	TWIN Supreme 640 SLB Fiat6 35 L.			2300	4	D	103	14.49	140	50000
ADRIA	TWIN	TWIN SUPREME 640 SPB FAMILY.	2025		2300	4	D	103	14.49	140	59600
ADRIA	TWIN	TWIN Supreme 640 SPB Family - Fiat 6D 35 L.			2300	4	D	103	14.49	140	49900
ADRIA	VISION	VISION I 647 SG.			2500	4	D	110	15.23	150	60600
ADRIA	VISION	VISION I 677 SP.			2500	4	D	110	15.23	150	59800
ADRIA	VISION	VISION I 707 SG.			2500	4	D	110	15.23	150	63000
AHORN	BIG	BIG CITY VAN.	2022		2000	4	D	110	13.32	150	63800
AHORN	CANADA	CANADA AD.	2022		2300	4	D	121	14.48	165	67800
AHORN	CANADA	CANADA AD (DP G1F3).	2022		2300	4	D	107	14.48	146	71800
AHORN	CANADA	CANADA AE (AGR G1F3).	2022		2300	4	D	107	14.48	146	66400
AHORN	CANADA	CANADA AS.	2022		2300	4	D	107	14.48	146	68100
AHORN	CANADA	CANADA TE.	2022		2300	4	D	107	14.48	146	68300
AHORN	CANADA	CANADA TE MJ.	2022		2300	4	D	107	14.48	146	70300
AHORN	CANADA	CANADA TQ MJ.	2022		2300	4	D	107	14.48	146	71800
AHORN	CANADA	CANADA TU MJ.	2022		2300	4	D	107	14.48	146	73100
AHORN	ECO	ECO 680.	2019		2300	4	D	96	14.48	131	54100
AHORN	ECO	ECO A 683.	2022		2300	4	D	96	14.48	131	55400
AHORN	MAPLE	MAPLE A 690.	2022		2300	4	D	107	14.48	146	61800
AHORN	MAPLE	MAPLE AC ALCOVE 690.	2022		2300	4	D	107	14.48	146	64900
AHORN	MAPLE	MAPLE ACA 695.	2022		2300	4	D	107	14.48	146	60400
AHORN	MAPLE	MAPLE ACT 660 PLUS.	2022		2300	4	D	107	14.48	146	65900
AHORN	MAPLE	MAPLE ACT 690 PLUS.	2022		2300	4	D	107	14.48	146	67500
AHORN	MAPLE	MAPLE ALASKA TD.	2018		2300	4	D	96	14.48	131	61800
AHORN	MAPLE	MAPLE ALASKA TE.	2023		2300	4	D	107	14.48	146	67900
AHORN	MAPLE	MAPLE T 590 PLUS.	2022		2300	4	D	107	14.48	146	65300
AHORN	VAN	VAN 550.	2022		2300	4	D	99	14.48	135	56700
AHORN	VAN	VAN 620.	2022		2300	4	D	110	14.48	150	64500
AHORN	VAN	VAN CITY.	2021		2000	4	D	107	13.32	146	60800
ARCA	AMÉRICA	AMÉRICA / USA 400 (FIAT 230).	1996		2500	4	D	85	15.23	116	45900
ARCA	AMÉRICA	AMÉRICA / USA 92 401 T (FIAT 290).	1991		2500	4	D	70	15.23	95	43600
ARCA	AMÉRICA	AMÉRICA 370.	1982		2360	4	D	46	14.71	63	42000
ARCA	AMÉRICA	AMÉRICA 618.	1988		2445	4	D	68	15.03	92	48400
ARCA	AMÉRICA	AMÉRICA 92 616 (FIAT).	1990		2445	4	D	68	15.02	92	46900
ARCA	EUROPA	EUROPA 584.	1990		1971	4	D	57	15.22	78	44200
ARCA	EUROPA	EUROPA 92 586T.	1988		2445	4	D	68	15.03	92	43600
ARCA	EUROPA	EUROPA 92 630T.	1992		2500	4	D	70	15.23	95	44200
ARCA	FRECCIA	FRECCIA 92.	1991		1929	4	D	60	13.03	82	43100
ARCA	IY7.	IY7.	2006		3000	4	D	122	16.98	166	61000
ARCA	STAR	STAR 455 (MERCEDES BENZ 312DT).	1998		2874	5	D	90	18.10	122	53800
ARCA	SUPER	SUPER AMERICA 640.			2500	4	D	85	15.23	116	43900
AUTOSTAR	425.	425.	1993		2500	4	D	54	15.22	73	43800
AUTOSTAR	422	422 GTS.	1990		2500	4	D	54	15.22	73	42700
AUTOSTAR	ANTHEA	ANTHEA 388.	2006		2953	4	D	100	16.82	136	66900
AUTOSTAR	ARYAL	ARYAL 899 (INTEGRAL).	2008		2464	4	D	107	15.10	146	65300
AUTOSTAR	ATHENON	ATHENON 641.			2800	4	D	94	16.30	128	50700
AUTOSTAR	AUROS	AUROS (CAPUCHINA).	2005		2402	4	D	101	14.87	137	63000
AUTOSTAR	AUROS	AUROS 80.	2008		2300	4	D	96	14.44	131	66100
AUTOSTAR	DESIGN	DESIGN V 590 LT Fiat Ducato Multijet 3.			2300	4	D	103	14.49	140	40800
AUTOSTAR	DESIGN	DESIGN V 630 G Fiat Ducato Multijet 3.			2300	4	D	103	14.49	140	42100
AUTOSTAR	DESIGN	DESIGN V 630 LJ Fiat Ducato Multijet 3.			2300	4	D	103	14.49	140	42400
AUTOSTAR	Passion	Passion I 693 LC LIFT Fiat Ducato Multijet 3500.			2300	4	D	103	14.49	140	52000
AUTOSTAR	Passion	Passion I 720 SUA ALKO Fiat Ducato Multijet 3500.			2300	4	D	103	14.49	140	57800
AUTOSTAR	Passion	Passion I 721 LCA LIFT ALKO Fiat Ducato Multijet 3500.			2300	4	D	103	14.49	140	56300
AUTOSTAR	Passion	Passion I 730 LC LIFT Fiat Ducato Multijet 3500.			2300	4	D	103	14.49	140	52500
AUTOSTAR	Passion	Passion I 730 LCA ALKO Fiat Ducato Multijet 3500.			2300	4	D	103	14.49	140	56500
AUTOSTAR	Passion	Passion I 730 LJA ALKO Fiat Ducato Multijet 3500.			2300	4	D	103	14.49	140	56100
AUTOSTAR	PASSION	PASSION I660 FIAT.			2300	4	D	96	14.49	130	63100
AUTOSTAR	PASSION	PASSION I690LC LIFT.			2300	4	D	96	14.49	130	64000
AUTOSTAR	PASSION	PASSION I690LCA LIFT.			2300	4	D	96	14.49	130	67200
AUTOSTAR	PASSION	PASSION I720LC LIFT.			2300	4	D	96	14.49	130	65000
AUTOSTAR	PASSION	PASSION I720LMS LIFT.			2300	4	D	96	14.49	130	65000
AUTOSTAR	PASSION	PASSION I720SUA FIAT.			2300	4	D	96	14.49	130	67700
AUTOSTAR	PASSION	PASSION I730LCA LIFT.			2300	4	D	96	14.49	130	68700
AUTOSTAR	PASSION	PASSION I730LJA FIAT.			2300	4	D	96	14.49	130	69200
AUTOSTAR	Passion	Passion P 693 LC Lift Fiat Ducato Multijet 3 3500.			2300	4	D	103	14.49	140	48200
AUTOSTAR	Passion	Passion P 730 LC Lift Fiat Ducato Multijet 3 3500.			2300	4	D	103	14.49	140	48900
AUTOSTAR	PASSION	PASSION P690LC LIFT.			2300	4	D	96	14.49	130	57700
AUTOSTAR	PASSION	PASSION P720LC LIFT.			2300	4	D	96	14.49	130	58100
AUTOSTAR	PASSION	PASSION P720LMS LIFT.			2300	4	D	96	14.49	130	56600
AUTOSTAR	PASSION	PASSION P730LC LIFT FIAT.			2300	4	D	96	14.49	130	60400
AUTOSTAR	PASSION	PASSION P730LJ FIAT.			2300	4	D	96	14.49	130	60000
AUTOSTAR	PERFORMANCE	PERFORMANCE P 600 Fiat Ducato Multijet 3.			2300	4	D	88	14.49	120	42700
AUTOSTAR	Performance	Performance P 600 Fiat Ducato Multijet 3 3500.			2300	4	D	103	14.49	140	49100
AUTOSTAR	PERFORMANCE	PERFORMANCE P 650 LJ Fiat Ducato Multijet 3.			2300	4	D	88	14.49	120	41200
AUTOSTAR	PERFORMANCE	PERFORMANCE P 680 LJ Fiat Ducato Multijet 3.			2300	4	D	88	14.49	120	40900
AUTOSTAR	Performance	Performance P 680 LJ-FD Ford AUTO 3500.			2000	4	D	125	13.32	170	48500
AUTOSTAR	Performance	Performance P 690 LC Fiat Ducato Multijet 3 3500.			2300	4	D	103	14.49	140	49800
AUTOSTAR	PERFORMANCE	PERFORMANCE P 690 LC Lift Fiat Ducato Multijet 3.			2300	4	D	88	14.49	120	41400
AUTOSTAR	PRESTIGE	PRESTIGE ELITE I690LC ELITE.			2300	4	D	96	14.49	130	75500
AUTOSTAR	PRESTIGE	PRESTIGE ELITE I720LC ELITE.			2300	4	D	96	14.49	130	77200
AUTOSTAR	PRESTIGE	PRESTIGE ELITE I730LC ELITE.			2300	4	D	96	14.49	130	77200
AUTOSTAR	PRESTIGE	PRESTIGE ELITE I730LJ ELITE.			2300	4	D	96	14.49	130	77300
AUTOSTAR	PRESTIGE	PRESTIGE ELITE I820LMS ELITE.			2300	4	D	110	14.49	150	99700
AUTOSTAR	PRESTIGE	PRESTIGE I 693 DESIGN EDITION ALKO Fiat Ducato.			2300	4	D	103	14.49	140	61300
AUTOSTAR	PRESTIGE	PRESTIGE I 730 LC DESIGN EDITION ALKO Fiat Ducato.			2300	4	D	103	14.49	140	61400
AUTOSTAR	PRESTIGE	PRESTIGE I 730 LJ DESIGN EDITION ALKO Fiat Ducato.			2300	4	D	103	14.49	140	53100
AUTOSTAR	PRESTIGE	PRESTIGE I 790 LC DESIGN EDITION ALKO Fiat Ducato.			2300	4	D	103	14.49	140	58900
AUTOSTAR	PRESTIGE	PRESTIGE I 790 LJ DESIGN EDITION ALKO Fiat Ducato.			2300	4	D	103	14.49	140	59600
AUTOSTAR	PRIVILEGE	PRIVILEGE I 660 Fiat Ducato Multijet 3.			2300	4	D	103	14.49	140	49900
AUTOSTAR	PRIVILEGE	PRIVILEGE I 693 LC LIFT Fiat Ducato Multijet 3.			2300	4	D	103	14.49	140	50700
AUTOSTAR	PRIVILEGE	PRIVILEGE I 721 LC LIFT Fiat Ducato Multijet 3.			2300	4	D	103	14.49	140	50500
AUTOSTAR	PRIVILEGE	PRIVILEGE I 730 LC LIFT Fiat Ducato Multijet 3.			2300	4	D	103	14.49	140	50900
AUTOSTAR	PRIVILEGE	PRIVILEGE I650LC.			2300	4	D	96	14.49	130	59500
AUTOSTAR	PRIVILEGE	PRIVILEGE I690LC LIFT.			2300	4	D	96	14.49	130	60700
AUTOSTAR	PRIVILEGE	PRIVILEGE I690LJ.			2300	4	D	96	14.49	130	60900
AUTOSTAR	PRIVILEGE	PRIVILEGE I720LC LIFT.			2300	4	D	96	14.49	130	61300
AUTOSTAR	PRIVILEGE	PRIVILEGE I730LC LIFT.			2300	4	D	96	14.49	130	63100
AUTOSTAR	PRIVILEGE	PRIVILEGE P 730 LC Lift Fiat Ducato Multijet 3.			2300	4	D	103	14.49	140	45800
AUTOSTAR	PRIVILEGE	PRIVILEGE P650LC.			2300	4	D	96	14.49	130	54700
AUTOSTAR	PRIVILEGE	PRIVILEGE P690LC LIFT.			2300	4	D	96	14.49	130	55500
AUTOSTAR	PRIVILEGE	PRIVILEGE P690LJ.			2300	4	D	96	14.49	130	55500
AUTOSTAR	PRIVILEGE	PRIVILEGE P730LC LIFT.			2300	4	D	96	14.49	130	57700
BAILEY	ADAMO	ADAMO 60-4.	2024		2000	4	D	118	13.32	160	69800
BAILEY	ADAMO	ADAMO 75-4DL.	2024		2000	4	D	118	13.32	160	70800
BAILEY	ALORA	ALORA 69-4S.	2024		2000	4	D	96	13.32	130	77300
BAVARIA	ARCTIC	ARCTIC A 65 AEG.			2300	4	D	96	14.49	130	48300
BAVARIA	ARCTIC	ARCTIC A 70 AG.			2000	4	D	85	13.32	115	46600
BAVARIA	ARCTIC	ARCTIC A 70 AG.			2300	4	D	96	14.49	130	48500
BAVARIA	ARCTIC	ARCTIC A 71 ABG.			2300	4	D	96	14.49	130	48500
BAVARIA	ARCTIC	ARCTIC A 71 AEG.			2000	4	D	85	13.32	115	46600
BAVARIA	ARCTIC	ARCTIC A 71 AEG.			2300	4	D	96	14.49	130	45700
BAVARIA	ARCTIC	ARCTIC F 60 DG.			2000	4	D	85	13.32	115	36500
BAVARIA	ARCTIC	ARCTIC F 60 DG.			2300	4	D	88	14.49	120	39600
BAVARIA	ARCTIC	ARCTIC I 68 LP.			2300	4	D	96	14.49	130	48500
BAVARIA	ARCTIC	ARCTIC I 69 LG.			2300	4	D	96	14.49	130	55700
BAVARIA	ARCTIC	ARCTIC I 74 LC.			2300	4	D	96	14.49	130	54000
BAVARIA	ARCTIC	ARCTIC I 74 LGJ.			2300	4	D	96	14.49	130	54000
BAVARIA	ARCTIC	ARCTIC T 60 LP.			2000	4	D	85	13.32	115	43900
BAVARIA	ARCTIC	ARCTIC T 60 LP.			2300	4	D	96	14.49	130	42800
BAVARIA	ARCTIC	ARCTIC T 67 LP.			2000	4	D	85	13.32	115	46600
BAVARIA	ARCTIC	ARCTIC T 67 LP.			2300	4	D	96	14.49	130	49300
BAVARIA	ARCTIC	ARCTIC T 68 LG.			2000	4	D	85	13.32	115	46600
BAVARIA	ARCTIC	ARCTIC T 68 LG.			2300	4	D	96	14.49	130	50200
BAVARIA	ARCTIC	ARCTIC T 68 LP.			2300	4	D	96	14.49	130	50200
BAVARIA	ARCTIC	ARCTIC T 71 LC.			2300	4	D	96	14.49	130	50800
BAVARIA	ARCTIC	ARCTIC T 71 LG.			2000	4	D	85	13.32	115	48400
BAVARIA	ARCTIC	ARCTIC T 71 LP.			2000	4	D	85	13.32	115	48400
BAVARIA	ARCTIC	ARCTIC T 71 LP.			2300	4	D	96	14.49	130	51100
BAVARIA	ARCTIC	ARCTIC T 73 LC.			2000	4	D	85	13.32	115	47500
BAVARIA	ARCTIC	ARCTIC T 73 LC.			2300	4	D	96	14.49	130	46700
BAVARIA	ARCTIC	ARCTIC T 74 LC.			2000	4	D	85	13.32	115	49300
BAVARIA	ARTIC	ARTIC T 65.	2006		2800	4	D	60	16.30	82	60500
BAVARIA	BALTIC	BALTIC I 690 LG.			2300	4	D	96	14.49	130	59100
BAVARIA	BALTIC	BALTIC I 690 LP.			2300	4	D	96	14.49	130	59100
BAVARIA	BALTIC	BALTIC I 691 LG.			2300	4	D	96	14.49	130	60600
BAVARIA	BALTIC	BALTIC I 691 LP.			2300	4	D	96	14.49	130	60600
BAVARIA	BALTIC	BALTIC I 740 LC.			2300	4	D	96	14.49	130	60000
BAVARIA	BALTIC	BALTIC I 740 LG.			2300	4	D	96	14.49	130	60000
BAVARIA	BALTIC	BALTIC I 740 LGJ.			2300	4	D	96	14.49	130	60000
BAVARIA	BALTIC	BALTIC I 740 LJ.			2300	4	D	96	14.49	130	60000
BAVARIA	BALTIC	BALTIC I 741 LC.			2300	4	D	96	14.49	130	61400
BAVARIA	BALTIC	BALTIC I 741 LG.			2300	4	D	96	14.49	130	61400
BAVARIA	BALTIC	BALTIC I 741 LGJ.			2300	4	D	96	14.49	130	61400
BAVARIA	BALTIC	BALTIC I 741 LJ.			2300	4	D	96	14.49	130	61400
BAVARIA	BALTIC	BALTIC T 680 LG.			2300	4	D	96	14.49	130	52500
BAVARIA	BALTIC	BALTIC T 680 LP.			2300	4	D	96	14.49	130	52500
BAVARIA	BALTIC	BALTIC T 681 LG.			2300	4	D	96	14.49	130	54300
BAVARIA	BALTIC	BALTIC T 681 LP.			2300	4	D	96	14.49	130	54300
BAVARIA	BALTIC	BALTIC T 730 LC.			2300	4	D	96	14.49	130	53500
BAVARIA	BALTIC	BALTIC T 730 LG.			2300	4	D	96	14.49	130	53500
BAVARIA	BALTIC	BALTIC T 730 LGJ.			2300	4	D	96	14.49	130	53500
BAVARIA	BALTIC	BALTIC T 730 LJ.			2300	4	D	96	14.49	130	53500
BAVARIA	BALTIC	BALTIC T 731 LC.			2300	4	D	96	14.49	130	55200
BAVARIA	BALTIC	BALTIC T 731 LG.			2300	4	D	96	14.49	130	55200
BAVARIA	BALTIC	BALTIC T 734 LC.			2300	4	D	96	14.49	130	56300
BAVARIA	BALTIC	BALTIC T 734 LJ.			2300	4	D	96	14.49	130	56300
BAVARIA	FJORD	FJORD I 6902 LG.			2300	4	D	96	14.49	130	67800
BAVARIA	FJORD	FJORD I 6902 LP.			2300	4	D	96	14.49	130	72300
BAVARIA	FJORD	FJORD I 691 LG.			2300	4	D	96	14.49	130	63100
BAVARIA	FJORD	FJORD I 691 LJ.			2300	4	D	96	14.49	130	63100
BAVARIA	FJORD	FJORD I 7402 LC.			2300	4	D	96	14.49	130	68600
BAVARIA	FJORD	FJORD I 7402 LCG.			2300	4	D	96	14.49	130	68600
BAVARIA	FJORD	FJORD I 7402 LG.			2300	4	D	96	14.49	130	68600
BAVARIA	FJORD	FJORD I 7402 LGJ.			2300	4	D	96	14.49	130	68600
BAVARIA	FJORD	FJORD I 7402 LJ.			2300	4	D	96	14.49	130	68600
BAVARIA	FJORD	FJORD I 741 LC.			2300	4	D	110	14.49	150	65000
BAVARIA	FJORD	FJORD I 741 LG.			2300	4	D	110	14.49	150	65000
BAVARIA	FJORD	FJORD I 741 LGJ.			2300	4	D	110	14.49	150	65000
BAVARIA	FJORD	FJORD I 741 LJ.			2300	4	D	110	14.49	150	65000
BAVARIA	FJORD	FJORD I 7802 LC.			3000	4	D	118	16.99	160	84200
BAVARIA	FJORD	FJORD I 7802 LG.			3000	4	D	118	16.99	160	84200
BAVARIA	FJORD	FJORD I 7802 LGJ.			3000	4	D	118	16.99	160	84200
BAVARIA	FJORD	FJORD I 7803 LC.			3000	4	D	140	16.99	190	90900
BAVARIA	FJORD	FJORD I 7803 LG.			3000	4	D	140	16.99	190	90900
BAVARIA	FJORD	FJORD I 781 LC.			2300	4	D	110	14.49	150	70400
BAVARIA	FJORD	FJORD I 8302 LC.			3000	4	D	118	16.99	160	87700
BAVARIA	FJORD	FJORD I 8302 LG.			3000	4	D	118	16.99	160	87700
BAVARIA	FJORD	FJORD I 8302 LGJ.			3000	4	D	118	16.99	160	87700
BAVARIA	FJORD	FJORD T 681 LG.			2300	4	D	96	14.49	130	56600
BAVARIA	FJORD	FJORD T 681 LP.			2300	4	D	96	14.49	130	56600
BAVARIA	FJORD	FJORD T 7302 LC.			2300	4	D	96	14.49	130	61100
BAVARIA	FJORD	FJORD T 7302 LCG.			2300	4	D	96	14.49	130	61100
BAVARIA	FJORD	FJORD T 7302 LG.			2300	4	D	96	14.49	130	61100
BAVARIA	FJORD	FJORD T 7302 LGJ.			2300	4	D	96	14.49	130	61100
BAVARIA	FJORD	FJORD T 7302 LJ.			2300	4	D	96	14.49	130	61100
BAVARIA	FJORD	FJORD T 731 LC.			2300	4	D	96	14.49	130	57500
BAVARIA	FJORD	FJORD T 731 LGJ.			2300	4	D	96	14.49	130	57500
BAVARIA	FJORD	FJORD T 731 LJ.			2300	4	D	96	14.49	130	57500
BAVARIA	FJORD	FJORD T 731 LP.			2300	4	D	96	14.49	130	57500
BAVARIA	FJORD+	FJORD+ I 7402 LC.			2300	4	D	110	14.49	150	74100
BAVARIA	FJORD+	FJORD+ I 7402 LCG.			2300	4	D	110	14.49	150	74100
BAVARIA	FJORD+	FJORD+ I 7402 LG.			2300	4	D	110	14.49	150	74100
BAVARIA	FJORD+	FJORD+ I 7402 LGJ.			2300	4	D	110	14.49	150	74100
BAVARIA	FJORD+	FJORD+ I 7402 LJ.			2300	4	D	110	14.49	150	74100
BAVARIA	FJORD+	FJORD+ I 7403 LC.			2200	4	D	120	14.10	163	76700
BAVARIA	FJORD+	FJORD+ I 7403 LG.			2200	4	D	120	14.10	163	76700
BAVARIA	FJORD+	FJORD+ I 7403 LGJ.			2200	4	D	120	14.10	163	76700
BAVARIA	FJORD+	FJORD+ I 7802 LC.			2300	4	D	110	14.49	150	86000
BAVARIA	FJORD+	FJORD+ I 7802 LG.			2300	4	D	110	14.49	150	86000
BAVARIA	FJORD+	FJORD+ I 7802 LGJ.			2300	4	D	110	14.49	150	86000
BAVARIA	FJORD+	FJORD+ I 7803 LC.			3000	4	D	140	16.99	190	93900
BAVARIA	FJORD+	FJORD+ I 7803 LG.			3000	4	D	140	16.99	190	93900
BAVARIA	FJORD+	FJORD+ I 8302 LC.			2300	4	D	110	14.49	150	89400
BAVARIA	FJORD+	FJORD+ I 8302 LG.			2300	4	D	110	14.49	150	89400
BAVARIA	FJORD+	FJORD+ I 8302 LGJ.			2300	4	D	110	14.49	150	89400
BENIMAR	AEREO	AEREO 5000 CD.	2002		2800	4	D	94	16.30	127	43500
BENIMAR	AEREO	AEREO 6000 CD.			2800	4	D	93	16.30	127	49800
BENIMAR	Amphitryon	Amphitryon 940 - Fiat.			2300	4	D	103	14.49	140	55800
BENIMAR	Amphitryon	Amphitryon 961 - Fiat.			2300	4	D	103	14.49	140	47900
BENIMAR	Amphitryon	Amphitryon 967 - Fiat.			2300	4	D	103	14.49	140	57200
BENIMAR	Amphitryon	Amphitryon 983 - Fiat.			2300	4	D	103	14.49	140	48300
BENIMAR	Amphitryon	Amphitryon 998.	2024		2200	4	D	132	14.10	180	78500
BENIMAR	Amphitryon	Amphitryon 998 - Fiat.			2300	4	D	103	14.49	140	57200
BENIMAR	ARISTEO	ARISTEO A640.			2300	4	D	96	14.49	130	57100
BENIMAR	ARISTEO	ARISTEO A642.			2300	4	D	96	14.49	130	57100
BENIMAR	ARISTEO	ARISTEO A660.			2300	4	D	96	14.49	130	57700
BENIMAR	ARISTEO	ARISTEO A663.			2300	4	D	96	14.49	130	57700
BENIMAR	ARISTEO	ARISTEO A694.			2300	4	D	96	14.49	130	59000
BENIMAR	ARISTEO	ARISTEO A696.			2300	4	D	96	14.49	130	59000
BENIMAR	ATHICO	ATHICO 640/690.			2300	4	D	100	14.49	136	60000
BENIMAR	BENIVAN	BENIVAN 100.			2200	4	D	85	14.10	115	35500
BENIMAR	Benivan	Benivan 100 - Fiat.			2300	4	D	103	14.49	140	40300
BENIMAR	BENIVAN	BENIVAN 100 ES.	2024		2200	4	D	103	14.10	140	43000
BENIMAR	BENIVAN	BENIVAN 110.			2300	4	D	88	14.49	120	37500
BENIMAR	BENIVAN	BENIVAN 110.	2014		2300	4	D	96	14.43	130	49900
BENIMAR	Benivan	Benivan 120 - Fiat.			2300	4	D	103	14.49	140	41400
BENIMAR	BENIVAN	BENIVAN 120 ES.	2024		2200	4	D	103	14.10	140	42700
BENIMAR	BENIVAN	BENIVAN 120 PS.	2024		2200	4	D	103	14.10	140	49400
BENIMAR	BENIVAN	BENIVAN 120 UP.	2025		2200	4	D	103	14.10	140	55000
BENIMAR	BENIVAN	BENIVAN 120 UP.	2023		2300	4	D	103	14.49	140	54900
BENIMAR	Benivan	Benivan 120 UP - Fiat.			2300	4	D	103	14.49	140	37600
BENIMAR	BENIVAN	BENIVAN 120/180.			2300	4	D	88	14.49	120	36500
BENIMAR	Benivan	Benivan 144 - Fiat.			2300	4	D	103	14.49	140	39500
BENIMAR	BENIVAN	BENIVAN 145.			2300	4	D	88	14.49	120	37500
BENIMAR	Benivan	Benivan 160 - Fiat.			2300	4	D	103	14.49	140	38800
BENIMAR	Benivan	Benivan 190 - Fiat.			2300	4	D	103	14.49	140	40000
BENIMAR	BENIVAN	BENIVAN B106.			2300	4	D	107	14.49	145	36600
BENIMAR	BENIVAN	BENIVAN B112.			2300	4	D	96	14.49	130	37900
BENIMAR	BENIVAN	BENIVAN B114.			2300	4	D	96	14.49	130	42000
BENIMAR	Benivan	Benivan PLUS 100 - Fiat.			2200	4	D	103	14.10	140	38200
BENIMAR	Benivan	Benivan PLUS 120 - Fiat.			2200	4	D	103	14.10	140	39000
BENIMAR	Benivan	Benivan PLUS 144 - Fiat.			2200	4	D	103	14.10	140	38600
BENIMAR	Benivan	Benivan PLUS 160 - Fiat.			2200	4	D	103	14.10	140	40300
BENIMAR	Benivan	Benivan PLUS 170 - Fiat.			2300	4	D	103	14.49	140	43900
BENIMAR	Benivan	Benivan PLUS 190 - Fiat.			2200	4	D	103	14.10	140	40600
BENIMAR	Benivan	Benivan UP 100 - Fiat 140 CV.			2300	4	D	103	14.49	140	35700
BENIMAR	Benivan	Benivan UP 160 - Fiat 140 CV.			2300	4	D	103	14.49	140	38300
BENIMAR	CO/GO	CO/GO 462.			2402	4	D	103	14.87	140	42500
BENIMAR	EUROPE	EUROPE 5000 (FIAT DUCATO 18Q).	1997		2500	4	D	85	15.23	116	44300
BENIMAR	EUROPE	EUROPE 5000 (PEUGEOT J5).			2500	4	D	70	15.23	95	40700
BENIMAR	EUROPE	EUROPE 5000 LD.			2800	4	D	94	16.30	128	44300
BENIMAR	EUROPE	EUROPE 5000 LD.			2800	4	D	107	16.30	145	46500
BENIMAR	EUROPE	EUROPE 6000 CCX.			2800	4	D	107	16.30	145	46500
BENIMAR	EUROPE	EUROPE 6000 SL.			2800	4	D	107	16.30	145	45800
BENIMAR	EUROPE	EUROPE 7000 CCX.			2800	4	D	107	16.30	145	47000
BENIMAR	EUROPE	EUROPE 740.			2300	4	D	96	14.49	130	47300
BENIMAR	EUROPE	EUROPE 770.			2300	4	D	96	14.49	130	47300
BENIMAR	EUROPE	EUROPE 780.			2300	4	D	96	14.49	130	48900
BENIMAR	EUROPE	EUROPE 790.			2300	4	D	96	14.49	130	47300
BENIMAR	JUNIOR	JUNIOR 5000.	1992		1929	4	D	60	13.00	82	38200
BENIMAR	JUNIOR	JUNIOR 5000.	1996		2500	4	D	62	15.22	84	38200
BENIMAR	MILEO	MILEO 210.			2200	4	D	85	14.10	115	38400
BENIMAR	MILEO	MILEO 235.			2300	4	D	96	14.49	130	40200
BENIMAR	MILEO	MILEO 242 - Fiat.			2300	4	D	103	14.49	140	42800
BENIMAR	MILEO	MILEO 245.			2200	4	D	85	14.10	115	37100
BENIMAR	MILEO	MILEO 246.			2200	4	D	103	14.10	140	48700
BENIMAR	MILEO	MILEO 260.			2200	4	D	85	14.10	115	38100
BENIMAR	MILEO	MILEO 261 - Fiat.			2300	4	D	103	14.49	140	47800
BENIMAR	MILEO	MILEO 263.	2023		2300	4	D	110	14.44	150	66600
BENIMAR	MILEO	MILEO 263 - Fiat.			2300	4	D	103	14.49	140	48800
BENIMAR	MILEO	MILEO 268 - Fiat.			2300	4	D	103	14.49	140	49400
BENIMAR	MILEO	MILEO 282 - Fiat.			2300	4	D	103	14.49	140	42200
BENIMAR	MILEO	MILEO 290.			2200	4	D	85	14.10	115	38100
BENIMAR	MILEO	MILEO 291.			2200	4	D	103	14.10	140	38100
BENIMAR	MILEO	MILEO 296 - Fiat.			2300	4	D	103	14.49	140	42500
BENIMAR	MILEO	MILEO 297 - Fiat.			2300	4	D	103	14.49	140	49500
BENIMAR	MILEO	MILEO M224.			2300	4	D	96	14.49	130	47200
BENIMAR	MILEO	MILEO M242.			2300	4	D	96	14.49	130	48100
BENIMAR	MILEO	MILEO M263.			2300	4	D	96	14.49	130	48500
BENIMAR	MILEO	MILEO M282.			2300	4	D	96	14.49	130	48500
BENIMAR	MILEO	MILEO M294.			2300	4	D	96	14.49	130	49400
BENIMAR	MILEO	MILEO M295.			2300	4	D	96	14.49	130	48500
BENIMAR	MILEO	MILEO M296.			2300	4	D	96	14.49	130	48500
BENIMAR	PERSEO	PERSEO 530.	2007		2287	4	D	96	14.43	130	45500
BENIMAR	PERSEO	PERSEO 540.			2300	4	D	96	14.49	130	45500
BENIMAR	PERSEO	PERSEO 560.			2300	4	D	96	14.49	130	47300
BENIMAR	PERSEO	PERSEO 570.			2300	4	D	96	14.49	130	47600
BENIMAR	PERSEO	PERSEO 580.			2300	4	D	96	14.49	130	48100
BENIMAR	PERSEO	PERSEO 590.			2300	4	D	96	14.49	130	45500
BENIMAR	PERSEO	PERSEO 680 CC.			2800	4	D	107	16.30	145	50400
BENIMAR	SPORT	SPORT 300.			2402	4	D	103	14.87	140	34000
BENIMAR	SPORT	SPORT 310.			2200	4	D	85	14.10	115	34400
BENIMAR	SPORT	SPORT 320.			2300	4	D	96	14.49	130	39100
BENIMAR	SPORT	SPORT 320/340.			2300	4	D	96	14.49	130	39100
BENIMAR	SPORT	SPORT 323 - Fiat.			2300	4	D	103	14.49	140	45100
BENIMAR	SPORT	SPORT 324 UP.	2025		2000	4	D	96	13.32	130	49200
BENIMAR	SPORT	SPORT 340 - Ford.			2300	4	D	103	14.49	140	36400
BENIMAR	SPORT	SPORT 340 ES - Fiat.			2200	4	D	103	14.10	140	41900
BENIMAR	SPORT	SPORT 340 UP - Ford.	2018		2000	4	D	125	13.30	170	46100
BENIMAR	SPORT	SPORT 340 UP - Ford.			2300	4	D	103	14.49	140	41500
BENIMAR	SPORT	SPORT 345.			2400	4	D	85	14.86	115	39100
BENIMAR	SPORT	SPORT 346.	2021		2300	4	D	110	14.43	150	57600
BENIMAR	SPORT	SPORT 346.	2020		2300	4	D	118	14.43	160	60100
BENIMAR	SPORT	SPORT 346 - Fiat.			2300	4	D	103	14.49	140	40400
BENIMAR	SPORT	SPORT 363 - Ford.			2000	4	D	103	13.32	140	43900
BENIMAR	SPORT	SPORT 363 - Ford.			2300	4	D	96	14.49	130	43700
BENIMAR	SPORT	SPORT 380.			2300	4	D	96	14.49	130	39100
BENIMAR	SPORT	SPORT 390.			2200	4	D	85	14.10	115	37100
BENIMAR	SPORT	SPORT S314.			2300	4	D	96	14.49	130	44600
BENIMAR	SPORT	SPORT S324.			2300	4	D	96	14.49	130	45100
BENIMAR	SPORT	SPORT S340.			2000	4	D	125	13.32	170	44000
BENIMAR	SPORT	SPORT S343.			2300	4	D	96	14.49	130	45600
BENIMAR	SPORT	SPORT S346.			2300	4	D	96	14.49	130	45600
BENIMAR	SPORT	SPORT UP 340.	2019		1995	4	D	125	13.30	170	75200
BENIMAR	SPORT	SPORT UP 340 (FIAT).	2024		2200	4	D	103	14.10	140	71800
BENIMAR	Sport	Sport UP 344 - Fiat.			2200	4	D	103	14.10	140	40900
BENIMAR	TESSEO	TESSEO 400.			2200	4	D	81	14.10	110	35600
BENIMAR	TESSEO	TESSEO 440/490.			2200	4	D	81	14.10	110	37500
BENIMAR	TESSORO	TESSORO 400.			2200	4	D	85	14.10	115	34300
BENIMAR	Tessoro	Tessoro 425 ES - Fiat.			2200	4	D	103	14.10	140	42900
BENIMAR	TESSORO	TESSORO 430 - Fiat.			2200	4	D	103	14.10	140	42600
BENIMAR	TESSORO	TESSORO 440.			2200	4	D	85	14.10	115	35700
BENIMAR	TESSORO	TESSORO 440 ES - Fiat.			2200	4	D	103	14.10	140	41100
BENIMAR	TESSORO	TESSORO 440 UP.	2024		2000	4	D	96	13.32	130	48100
BENIMAR	TESSORO	TESSORO 440 UP - Ford.			2000	4	D	96	13.32	130	42300
BENIMAR	TESSORO	TESSORO 442 - Fiat.			2200	4	D	103	14.10	140	43600
BENIMAR	TESSORO	TESSORO 442 - Ford.			2000	4	D	96	13.32	130	43600
BENIMAR	TESSORO	TESSORO 444.	2025		2000	4	D	121	13.32	165	53600
BENIMAR	Tessoro	Tessoro 444 ES - Fiat.			2200	4	D	103	14.10	140	42500
BENIMAR	TESSORO	TESSORO 463.	2025		2000	4	D	121	13.32	165	55200
BENIMAR	TESSORO	TESSORO 463 - Fiat.			2200	4	D	103	14.10	140	44800
BENIMAR	TESSORO	TESSORO 463 - Ford.			2000	4	D	96	13.32	130	44800
BENIMAR	TESSORO	TESSORO 463 ES - Fiat.			2200	4	D	103	14.10	140	43200
BENIMAR	TESSORO	TESSORO 463 UP.	2025		2000	4	D	96	13.32	130	51200
BENIMAR	TESSORO	TESSORO 463 UP - Ford.			2000	4	D	125	13.32	170	44800
BENIMAR	TESSORO	TESSORO 468.	2024		2000	4	D	96	13.32	130	55100
BENIMAR	TESSORO	TESSORO 468 - Fiat.			2200	4	D	103	14.10	140	45300
BENIMAR	TESSORO	TESSORO 468 - Ford.			2000	4	D	96	13.32	130	45300
BENIMAR	TESSORO	TESSORO 481 - Fiat.			2200	4	D	103	14.10	140	41200
BENIMAR	TESSORO	TESSORO 481 - Ford.			2000	4	D	96	13.32	130	41800
BENIMAR	TESSORO	TESSORO 483.	2024		2000	4	D	96	13.32	130	54400
BENIMAR	TESSORO	TESSORO 483 - Fiat.			2200	4	D	103	14.10	140	43200
BENIMAR	TESSORO	TESSORO 483 - Ford.			2000	4	D	96	13.32	130	43200
BENIMAR	TESSORO	TESSORO 488.	2025		2000	4	D	121	13.32	165	54600
BENIMAR	TESSORO	TESSORO 488 - Fiat.			2200	4	D	103	14.10	140	44300
BENIMAR	TESSORO	TESSORO 488 - Ford.			2000	4	D	96	13.32	130	44300
BENIMAR	TESSORO	TESSORO 495 - Ford.			2000	4	D	96	13.32	130	43300
BENIMAR	TESSORO	TESSORO 495 ES - Fiat.			2200	4	D	103	14.10	140	41900
BENIMAR	TESSORO	TESSORO 495 UP.	2025		2000	4	D	96	13.32	130	48700
BENIMAR	TESSORO	TESSORO 496.	2025		2000	4	D	121	13.32	165	53500
BENIMAR	TESSORO	TESSORO 496 - Fiat.			2200	4	D	103	14.10	140	44500
BENIMAR	TESSORO	TESSORO 496 - Ford.			2000	4	D	96	13.32	130	44500
BENIMAR	TESSORO	TESSORO 497 - Fiat.			2200	4	D	103	14.10	140	45700
BENIMAR	TESSORO	TESSORO 497 - Ford.			2000	4	D	96	13.32	130	45700
BENIMAR	TESSORO	TESSORO T413.			2000	4	D	96	13.32	130	42900
BENIMAR	TESSORO	TESSORO T442.			2000	4	D	96	13.32	130	44400
BENIMAR	TESSORO	TESSORO T467.			2000	4	D	96	13.32	130	45700
BENIMAR	TESSORO	TESSORO T481.			2000	4	D	96	13.32	130	42500
BENIMAR	TESSORO	TESSORO T483.			2000	4	D	96	13.32	130	43500
BENIMAR	TESSORO	TESSORO T486.			2000	4	D	96	13.32	130	42900
BENIMAR	TESSORO	TESSORO T494.			2000	4	D	96	13.32	130	45400
BENIMAR	TESSORO	TESSORO T495.			2000	4	D	96	13.32	130	44400
BENIMAR	TESSORO	TESSORO T496 SELECT.	2025		2000	4	D	125	13.32	170	54600
BENIMAR	Tessoro	Tessoro UP 440 ES - Fiat 140 CV.			2000	4	D	96	13.32	130	41500
BENIMAR	Tessoro	Tessoro UP 463 ES - Fiat 140 CV.			2000	4	D	96	13.32	130	44200
BENIMAR	V	V BENIVAN B106.			2300	4	D	107	14.49	145	36600
BENIMAR	V	V BENIVAN B112.			2300	4	D	96	14.49	130	37900
BENIMAR	V	V BENIVAN B114.			2300	4	D	96	14.49	130	42000
BENIMAR	YRTEO	YRTEO 840.	2024		2000	4	D	96	13.32	130	55500
BENIMAR	YRTEO	YRTEO 861.	2024		2000	4	D	96	13.32	130	52100
BENIMAR	YRTEO	YRTEO 861 SELECT.	2025		2000	4	D	125	13.32	170	55000
BENIMAR	YRTEOS	YRTEOS 840 - Ford.			2000	4	D	96	13.32	130	38800
BENIMAR	YRTEOS	YRTEOS 861 - Ford.			2000	4	D	96	13.32	130	39600
BLUCAMP	LASER	LASER Camper 540 Fiat Ducato JTD.			2300	4	D	88	14.49	120	33700
BLUCAMP	LASER	LASER Camper 600 Fiat Ducato JTD.			2300	4	D	88	14.49	120	34100
BLUCAMP	LASER	LASER Camper 600 MAX Fiat Ducato JTD.			2300	4	D	88	14.49	120	34600
BLUCAMP	LUCKY	LUCKY 521.			2300	4	D	96	14.49	130	49900
BLUCAMP	LUCKY	LUCKY 526.			2300	4	D	96	14.49	130	49900
BLUCAMP	LUCKY	LUCKY 650.			2300	4	D	96	14.49	130	48000
BLUCAMP	OCEAN	OCEAN 100.			2300	4	D	96	14.49	130	40700
BLUCAMP	OCEAN	OCEAN 100 MAX.			2300	4	D	96	14.49	130	41600
BLUCAMP	OCEAN	OCEAN Capucina 650 Fiat Ducato JTD.			2300	4	D	88	14.49	120	40600
BLUCAMP	OCEAN	OCEAN Capucina 651 Fiat Ducato JTD.			2300	4	D	88	14.49	120	37000
BLUCAMP	OCEAN	OCEAN Integral 725 Fiat Ducato JTD.			2300	4	D	88	14.49	120	48500
BLUCAMP	OCEAN	OCEAN Perfilada 12 Fiat Ducato JTD.			2300	4	D	88	14.49	120	34200
BLUCAMP	OCEAN	OCEAN Perfilada 22 Fiat Ducato JTD.			2300	4	D	88	14.49	120	35900
BLUCAMP	OCEAN	OCEAN Perfilada 522 Fiat Ducato JTD.			2300	4	D	88	14.49	120	40600
BLUCAMP	OCEAN	OCEAN Perfilada 525 Fiat Ducato JTD.			2300	4	D	88	14.49	120	41000
BLUCAMP	OCEAN	OCEAN Perfilada 527 Fiat Ducato JTD.			2300	4	D	88	14.49	120	39900
BLUCAMP	SKY	SKY 10.			2200	4	D	81	14.10	110	31800
BLUCAMP	SKY	SKY 10.			2200	4	D	103	14.10	140	33500
BLUCAMP	SKY	SKY 20.			2200	4	D	81	14.10	110	32600
BLUCAMP	SKY	SKY 20.			2200	4	D	103	14.10	140	33800
BLUCAMP	SKY	SKY 20 S.			2300	4	D	96	14.49	130	42500
BLUCAMP	SKY	SKY 22.			2200	4	D	103	14.10	140	34600
BLUCAMP	SKY	SKY 22 S.			2300	4	D	96	14.49	130	42500
BLUCAMP	SKY	SKY 25.			2300	4	D	96	14.49	130	38700
BLUCAMP	SKY	SKY 25 SE.			2300	4	D	96	14.49	130	43500
BLUCAMP	SKY	SKY 451.			3000	4	D	118	16.99	160	44300
BLUCAMP	SKY	SKY 451.			2300	4	D	96	14.49	130	42300
BLUCAMP	SKY	SKY 455.			2400	4	D	103	14.86	140	43100
BLUCAMP	SKY	SKY 50 G.			2300	4	D	96	14.49	130	43100
BLUCAMP	SKY	SKY 500.			2400	4	D	103	14.86	140	41900
BLUCAMP	SKY	SKY 501.			3000	4	D	118	16.99	160	44300
BLUCAMP	SKY	SKY 501.			2300	4	D	96	14.49	130	42000
BLUCAMP	SKY	SKY 51.			2200	4	D	103	14.10	140	34400
BLUCAMP	SKY	SKY 70.			2200	4	D	103	14.10	140	34500
BLUCAMP	SKY	SKY 71.			2300	4	D	96	14.49	130	42500
BLUCAMP	SKY	SKY Fiat Ducato JTD.			2200	4	D	103	14.10	140	50500
BLUCAMP	SKY	SKY Fiat Ducato JTD.			2200	4	D	118	14.10	160	52300
BLUCAMP	SKY	SKY FREE.			2300	4	D	110	14.49	150	60600
BLUCAMP	SKY	SKY FREE.			2300	4	D	96	14.49	130	58300
BLUCAMP	SKY	SKY OPTIMIST.			2200	4	D	81	14.10	110	32700
BLUCAMP	SKY	SKY OPTIMIST.			2200	4	D	103	14.10	140	34000
BÜRSTNER	A5/43FX.	A5/43FX.			2800	4	D	94	16.30	128	44600
BÜRSTNER	AVIANO	AVIANO I 610.			3000	4	D	118	16.99	160	55700
BÜRSTNER	AVIANO	AVIANO I 610.			2200	4	D	74	14.10	100	52100
BÜRSTNER	AVIANO	AVIANO I 610.			2300	4	D	96	14.49	130	52100
BÜRSTNER	AVIANO	AVIANO I 640 G.			2300	4	D	96	14.49	130	53500
BÜRSTNER	AVIANO	AVIANO I 645.			3000	4	D	118	16.99	160	71600
BÜRSTNER	AVIANO	AVIANO I 645.			2200	4	D	74	14.10	100	67500
BÜRSTNER	AVIANO	AVIANO I 645.			2300	4	D	96	14.49	130	69300
BÜRSTNER	AVIANO	AVIANO I 650 G.			2300	4	D	96	14.49	130	53000
BÜRSTNER	AVIANO	AVIANO I 670.			2300	4	D	96	14.49	130	53500
BÜRSTNER	AVIANO	AVIANO I 675 G.			2300	4	D	96	14.49	130	54100
BÜRSTNER	AVIANO	AVIANO I 684.			3000	4	D	118	16.99	160	70500
BÜRSTNER	AVIANO	AVIANO I 684.			2300	4	D	96	14.49	130	66700
BÜRSTNER	AVIANO	AVIANO I 684 P.			3000	4	D	118	16.99	160	72000
BÜRSTNER	AVIANO	AVIANO I 684 P.			2300	4	D	96	14.49	130	68200
BÜRSTNER	AVIANO	AVIANO I 690 G.			2300	4	D	132	14.49	180	67300
BÜRSTNER	AVIANO	AVIANO I 690 G.			2300	4	D	96	14.49	130	63700
BÜRSTNER	AVIANO	AVIANO I 690 G.			2300	4	D	109	14.49	148	65200
BÜRSTNER	AVIANO	AVIANO I 694 G.			3000	4	D	118	16.99	160	70800
BÜRSTNER	AVIANO	AVIANO I 694 G.			2300	4	D	96	14.49	130	67200
BÜRSTNER	AVIANO	AVIANO I 700.			2300	4	D	132	14.49	180	66300
BÜRSTNER	AVIANO	AVIANO I 700.			2300	4	D	96	14.49	130	62600
BÜRSTNER	AVIANO	AVIANO I 700.			2300	4	D	109	14.49	148	64200
BÜRSTNER	AVIANO	AVIANO I 725.			3000	4	D	118	16.99	160	71600
BÜRSTNER	AVIANO	AVIANO I 725.			2300	4	D	96	14.49	130	67800
BÜRSTNER	AVIANO	AVIANO I 727.			2300	4	D	132	14.49	180	67900
BÜRSTNER	AVIANO	AVIANO I 727.			3000	4	D	118	16.99	160	72800
BÜRSTNER	AVIANO	AVIANO i 727.			3000	4	D	130	16.99	177	74100
BÜRSTNER	AVIANO	AVIANO I 727.			2300	4	D	96	14.49	130	64200
BÜRSTNER	AVIANO	AVIANO i 727.			2300	4	D	109	14.49	148	65800
BÜRSTNER	AVIANO	AVIANO i 727 MAXI.			3000	4	D	130	16.99	177	75700
BÜRSTNER	AVIANO	AVIANO i 727 MAXI.			2300	4	D	109	14.49	148	73200
BÜRSTNER	AVIANO	AVIANO I 728 G.			3000	4	D	118	16.99	160	74100
BÜRSTNER	AVIANO	AVIANO i 728 G.			3000	4	D	130	16.99	177	74100
BÜRSTNER	AVIANO	AVIANO I 728 G.			2300	4	D	96	14.49	130	70600
BÜRSTNER	AVIANO	AVIANO i 728 G.			2300	4	D	109	14.49	148	72000
BÜRSTNER	AVIANO	AVIANO i 728 G MAXI.			3000	4	D	130	16.99	177	75700
BÜRSTNER	AVIANO	AVIANO i 728 G MAXI.			2300	4	D	109	14.49	148	73200
BÜRSTNER	BREVIO	BREVIO T 605.			3000	4	D	130	16.99	177	51000
BÜRSTNER	BREVIO	BREVIO T 605.			2000	4	D	85	13.32	115	46400
BÜRSTNER	BREVIO	BREVIO T 605.			2300	4	D	96	14.49	130	47600
BÜRSTNER	BREVIO	BREVIO T 605.			2300	4	D	109	14.49	148	48900
BÜRSTNER	BREVIO	BREVIO T 641.			2300	4	D	96	14.49	130	46600
BÜRSTNER	BREVIO	BREVIO T 641.			2300	4	D	109	14.49	148	48500
BÜRSTNER	BREVIO	BREVIO T 645.			3000	4	D	130	16.99	177	50800
BÜRSTNER	BREVIO	BREVIO T 645.			2000	4	D	85	13.32	115	48300
BÜRSTNER	BREVIO	BREVIO T 645.			2300	4	D	96	14.49	130	49400
BÜRSTNER	BREVIO	BREVIO T 645.			2300	4	D	109	14.49	148	50800
BÜRSTNER	BREVIO	BREVIO T 646.			2300	4	D	96	14.49	130	47200
BÜRSTNER	BREVIO	BREVIO T 646.			2300	4	D	109	14.49	148	49000
BÜRSTNER	BREVIO	BREVIO T601.			2300	4	D	96	14.49	130	44800
BÜRSTNER	BREVIO	BREVIO T601.			2300	4	D	109	14.49	148	46700
BÜRSTNER	BUT	BUT 728.			2300	4	D	109	14.49	148	41900
BÜRSTNER	CAMPER	CAMPER LINEO C 550.	2023		2000	4	D	96	13.32	130	52300
BÜRSTNER	CAMPERVANS	CAMPERVANS Campeo C 540 Citroën.			2300	4	D	121	14.49	165	56500
BÜRSTNER	CAMPERVANS	CAMPERVANS Campeo C 540 Fiat Mjet.	2024		2300	4	D	103	14.49	140	47000
BÜRSTNER	Campervans	Campervans Campeo C 540 Skyline Fiat 2,3 Mjet.			2300	4	D	103	14.49	140	42800
BÜRSTNER	CAMPERVANS	CAMPERVANS Campeo C 600 Fiat Mjet.			2300	4	D	103	14.49	140	48100
BÜRSTNER	Campervans	Campervans Campeo C 600 Skyline Fiat 2,3 Mjet.			2300	4	D	103	14.49	140	44000
BÜRSTNER	CAMPERVANS	CAMPERVANS Campeo C 640 Fiat Mjet.			2300	4	D	103	14.49	140	49700
BÜRSTNER	CAMPERVANS	CAMPERVANS Copa C 500 Ford.			2000	4	D	96	13.32	130	37700
BÜRSTNER	Campervans	Campervans COPAS C 530 Fiat 2,3 Mjet.			2300	4	D	103	14.49	140	45300
BÜRSTNER	Campervans	Campervans COPAS C 550 Fiat 2,3 Mjet.			2300	4	D	103	14.49	140	41800
BÜRSTNER	CAMPERVANS	CAMPERVANS Eliseo C 540 Fiat Mjet.			2300	4	D	103	14.49	140	54100
BÜRSTNER	CAMPERVANS	CAMPERVANS Eliseo C 543 Fiat Mjet.			2300	4	D	103	14.49	140	40300
BÜRSTNER	CAMPERVANS	CAMPERVANS Eliseo C 602 Fiat Mjet.			2300	4	D	103	14.49	140	55100
BÜRSTNER	CAMPERVANS	CAMPERVANS Eliseo C 642 Fiat Mjet.			2300	4	D	88	14.49	120	56900
BÜRSTNER	CamperVans	CamperVans Eliseo C 644 Fiat Mjet.			2300	4	D	88	14.49	120	52600
BÜRSTNER	CamperVans	CamperVans Lineo C 500 Ford.			2000	4	D	96	13.32	130	45800
BÜRSTNER	CamperVans	CamperVans Lineo C 550 4x4 Ford 2,0.			2000	4	D	96	13.32	130	51200
BÜRSTNER	CamperVans	CamperVans Lineo C 590 4x4 Ford 2,0.			2000	4	D	96	13.32	130	51900
BÜRSTNER	CamperVans	CamperVans Lineo C 590 Ford.			2000	4	D	96	13.32	130	46400
BÜRSTNER	CITY	CITY CAR C 540.			2000	4	D	85	13.32	115	41100
BÜRSTNER	CITY	CITY CAR C 540.			2300	4	D	96	14.49	130	41900
BÜRSTNER	CITY	CITY CAR C 600.			2000	4	D	85	13.32	115	43300
BÜRSTNER	CITY	CITY CAR C 600.			2300	4	D	96	14.49	130	44200
BÜRSTNER	CITY	CITY CAR C 601.			2000	4	D	85	13.32	115	44700
BÜRSTNER	CITY	CITY CAR C 602.			2000	4	D	85	13.32	115	43900
BÜRSTNER	CITY	CITY CAR C 602.			2300	4	D	96	14.49	130	44600
BÜRSTNER	CITY	CITY CAR C 640.			2300	4	D	96	14.49	130	46100
BÜRSTNER	DELFIN	DELFIN 695.	2005		3000	4	D	86	16.83	117	82000
BÜRSTNER	Delfin	Delfin C 621 Fiat Mjet.			2300	4	D	103	14.49	140	52900
BÜRSTNER	Delfin	Delfin C 621 Ford.			2000	4	D	96	13.32	130	51500
BÜRSTNER	ELEGANCE	ELEGANCE I 660.			2800	4	D	94	16.30	128	65100
BÜRSTNER	ELEGANCE	ELEGANCE I 685.			2300	4	D	96	14.49	130	67700
BÜRSTNER	ELEGANCE	ELEGANCE I 686.	2005		2800	4	D	107	16.30	145	71800
BÜRSTNER	ELEGANCE	ELEGANCE I 695 G.			2300	4	D	96	14.49	130	68900
BÜRSTNER	ELEGANCE	ELEGANCE I 705.			3000	4	D	118	16.99	160	88000
BÜRSTNER	ELEGANCE	ELEGANCE I 705.			2300	4	D	96	14.49	130	84100
BÜRSTNER	ELEGANCE	ELEGANCE I 710 G.			3000	4	D	118	16.99	160	75500
BÜRSTNER	ELEGANCE	ELEGANCE I 726 G.			3000	4	D	118	16.99	160	87600
BÜRSTNER	ELEGANCE	ELEGANCE I 726 G.			2300	4	D	96	14.49	130	85300
BÜRSTNER	ELEGANCE	ELEGANCE I 729 G.			3000	4	D	118	16.99	160	89200
BÜRSTNER	ELEGANCE	ELEGANCE I 729 G.			2300	4	D	96	14.49	130	85300
BÜRSTNER	ELEGANCE	ELEGANCE I 730 G.			3000	4	D	118	16.99	160	90300
BÜRSTNER	ELEGANCE	ELEGANCE I 730 G.			2300	4	D	96	14.49	130	86400
BÜRSTNER	ELEGANCE	ELEGANCE I 800 G.			3000	4	D	118	16.99	160	91400
BÜRSTNER	ELEGANCE	ELEGANCE i 800 G MAXI.			2300	4	D	109	14.49	148	95000
BÜRSTNER	ELEGANCE	ELEGANCE I 810 G.			3000	4	D	118	16.99	160	97800
BÜRSTNER	ELEGANCE	ELEGANCE I 821 G.			3000	4	D	118	16.99	160	96700
BÜRSTNER	ELEGANCE	ELEGANCE I 840 G.			2300	4	D	110	14.49	150	90500
BÜRSTNER	ELEGANCE	ELEGANCE I 840 G.			2300	4	D	110	14.49	150	90500
BÜRSTNER	ELEGANCE	ELEGANCE I 840 G.			2300	4	D	132	14.49	180	94300
BÜRSTNER	ELEGANCE	ELEGANCE I 840 G.			2300	4	D	132	14.49	180	94300
BÜRSTNER	ELEGANCE	ELEGANCE i 890 G MAXI.			3000	4	D	130	16.99	177	104600
BÜRSTNER	ELEGANCE	ELEGANCE i 890 G MAXI.			2300	4	D	109	14.49	148	102000
BÜRSTNER	ELEGANCE	ELEGANCE I 900 G.			3000	4	D	118	16.99	160	97800
BÜRSTNER	ELEGANCE	ELEGANCE I 910 G.			2300	4	D	110	14.49	150	94100
BÜRSTNER	ELEGANCE	ELEGANCE I 910 G.			2300	4	D	132	14.49	180	97900
BÜRSTNER	ELEGANCE	ELEGANCE I 910 G Fiat Mjet.			2300	4	D	103	14.49	140	101800
BÜRSTNER	ELEGANCE	ELEGANCE I 920 G.			2300	4	D	110	14.49	150	94100
BÜRSTNER	ELEGANCE	ELEGANCE I 920 G.			2300	4	D	132	14.49	180	97900
BÜRSTNER	ELEGANCE	ELEGANCE I 920 G Fiat Mjet.			2300	4	D	103	14.49	140	101800
BÜRSTNER	GRANDPANORAMA	GRANDPANORAMA i 830 G MAXI.			3000	4	D	130	16.99	177	109400
BÜRSTNER	GRANDPANORAMA	GRANDPANORAMA i 830 G MAXI.			2300	4	D	109	14.49	148	109400
BÜRSTNER	GRANDPANORAMA	GRANDPANORAMA i 920 G MAXI.			3000	4	D	130	16.99	177	120600
BÜRSTNER	GRANDPANORAMA	GRANDPANORAMA i 920 G MAXI.			2300	4	D	109	14.49	148	118100
BÜRSTNER	GROSSO	GROSSO R 573.	2003		2800	4	D	94	16.30	128	52900
BÜRSTNER	I	I 910 G Mercedes CDI 414.			2143	4	D	105	13.88	143	87800
BÜRSTNER	I	I 920 G Mercedes CDI 414.			2143	4	D	105	13.88	143	87800
BÜRSTNER	IXEO	IXEO I 690G.			2300	4	D	96	14.49	130	66000
BÜRSTNER	IXEO	IXEO I 700G.			2300	4	D	96	14.49	130	66000
BÜRSTNER	IXEO	IXEO I 720.			2300	4	D	96	14.49	130	67800
BÜRSTNER	IXEO	IXEO I 728G.			2300	4	D	96	14.49	130	67800
BÜRSTNER	IXEO	IXEO I 736.			2300	4	D	96	14.49	130	67800
BÜRSTNER	IXEO	IXEO I 744.			2300	4	D	96	14.49	130	69200
BÜRSTNER	IXEO	IXEO I T 590G.			2000	4	D	96	13.32	130	50000
BÜRSTNER	IXEO	IXEO IT 640.			2300	4	D	132	14.49	180	59200
BÜRSTNER	IXEO	IXEO IT 640.			2300	4	D	96	14.49	130	55600
BÜRSTNER	IXEO	IXEO IT 640.			2300	4	D	109	14.49	148	57200
BÜRSTNER	IXEO	IXEO IT 645.			3000	4	D	118	16.99	160	53400
BÜRSTNER	IXEO	IXEO IT 645.			2300	4	D	96	14.49	130	51000
BÜRSTNER	IXEO	IXEO IT 664.			3000	4	D	118	16.99	160	53400
BÜRSTNER	IXEO	IXEO IT 664.	2009		2300	4	D	96	14.49	130	64800
BÜRSTNER	IXEO	IXEO IT 665.			2300	4	D	109	14.49	148	54300
BÜRSTNER	IXEO	IXEO IT 666.			3000	4	D	118	16.99	160	54500
BÜRSTNER	IXEO	IXEO IT 666.			3000	4	D	130	16.99	177	56500
BÜRSTNER	IXEO	IXEO IT 666.			2300	4	D	96	14.49	130	52400
BÜRSTNER	IXEO	IXEO IT 680 G.			2300	4	D	132	14.49	180	59700
BÜRSTNER	IXEO	IXEO IT 680 G.			2300	4	D	96	14.49	130	56200
BÜRSTNER	IXEO	IXEO IT 680 G.			2300	4	D	109	14.49	148	57700
BÜRSTNER	IXEO	IXEO IT 710 G.			2000	4	D	96	13.32	130	51100
BÜRSTNER	IXEO	IXEO IT 710 G.			2300	4	D	96	14.49	130	52700
BÜRSTNER	IXEO	IXEO IT 710 G.			3000	4	D	118	16.99	160	54900
BÜRSTNER	IXEO	IXEO IT 726 G.			2000	4	D	118	13.32	160	51600
BÜRSTNER	IXEO	IXEO IT 728 G.			2300	4	D	132	14.49	180	61700
BÜRSTNER	IXEO	IXEO IT 728 G.			2300	4	D	96	14.49	130	58100
BÜRSTNER	IXEO	IXEO IT 728 G.			2300	4	D	109	14.49	148	59700
BÜRSTNER	IXEO	IXEO IT 734.			2300	4	D	132	14.49	180	61700
BÜRSTNER	IXEO	IXEO IT 734.			2300	4	D	96	14.49	130	58100
BÜRSTNER	IXEO	IXEO IT 734.			2300	4	D	109	14.49	148	59700
BÜRSTNER	IXEO	IXEO IT 734 G.			2300	4	D	118	14.49	160	52100
BÜRSTNER	IXEO	IXEO IT 735.			2300	4	D	96	14.49	130	58000
BÜRSTNER	IXEO	IXEO IT 736.			2300	4	D	109	14.49	148	59300
BÜRSTNER	IXEO	IXEO IT 737.			3000	4	D	130	16.99	177	61400
BÜRSTNER	IXEO	IXEO PLUS IT 724.			3000	4	D	118	16.99	160	65500
BÜRSTNER	IXEO	IXEO PLUS IT 724.			2300	4	D	96	14.49	130	63200
BÜRSTNER	IXEO	IXEO PLUS IT 726 G.			3000	4	D	118	16.99	160	63400
BÜRSTNER	IXEO	IXEO PLUS IT 726 G.			2300	4	D	96	14.49	130	61100
BÜRSTNER	IXEO	IXEO TIME EDICION 30 iT 710 G.			2300	4	D	96	14.49	130	51100
BÜRSTNER	IXEO	IXEO TIME EDICION 31 iT 710 G.			2300	4	D	109	14.49	148	52700
BÜRSTNER	IXEO	IXEO TIME EDICION 32 iT 710 G.			2300	4	D	132	14.49	180	54700
BÜRSTNER	IXEO	IXEO TIME EDICION 33 iT 726 G.			2300	4	D	96	14.49	130	51600
BÜRSTNER	IXEO	IXEO TIME EDICION 34 iT 726 G.			2300	4	D	109	14.49	148	53100
BÜRSTNER	IXEO	IXEO TIME EDICION 35 iT 726 G.			2300	4	D	132	14.49	180	55100
BÜRSTNER	IXEO	IXEO TIME EDICION 36 iT 734.			2300	4	D	96	14.49	130	52100
BÜRSTNER	IXEO	IXEO TIME EDICION 37 iT 734.			2300	4	D	109	14.49	148	53600
BÜRSTNER	IXEO	IXEO TIME EDICION 38 iT 734.			2300	4	D	132	14.49	180	55700
BÜRSTNER	IXEO	IXEO TIME IT 586.			3000	4	D	130	16.99	177	51400
BÜRSTNER	IXEO	IXEO TIME IT 586.			2000	4	D	85	13.32	115	46700
BÜRSTNER	IXEO	IXEO TIME IT 586.			2300	4	D	96	14.49	130	48100
BÜRSTNER	IXEO	IXEO TIME IT 586.			2300	4	D	109	14.49	148	49300
BÜRSTNER	IXEO	IXEO TIME IT 590.			3000	4	D	130	16.99	177	51800
BÜRSTNER	IXEO	IXEO TIME IT 590.			2000	4	D	85	13.32	115	47200
BÜRSTNER	IXEO	IXEO TIME IT 590.			2300	4	D	96	14.49	130	48500
BÜRSTNER	IXEO	IXEO TIME IT 590.			2300	4	D	109	14.49	148	49700
BÜRSTNER	IXEO	IXEO TIME IT 710 G.			3000	4	D	130	16.99	177	53700
BÜRSTNER	IXEO	IXEO TIME IT 710 G.			2300	4	D	96	14.49	130	50200
BÜRSTNER	IXEO	IXEO TIME IT 710 G.			2300	4	D	109	14.49	148	51600
BÜRSTNER	IXEO	IXEO TIME IT 726 G.			3000	4	D	130	16.99	177	54700
BÜRSTNER	IXEO	IXEO TIME IT 726 G.			2300	4	D	96	14.49	130	51100
BÜRSTNER	IXEO	IXEO TIME IT 726 G.			2300	4	D	109	14.49	148	52600
BÜRSTNER	IXEO	IXEO TIME IT 734.			3000	4	D	130	16.99	177	54700
BÜRSTNER	IXEO	IXEO TIME IT 734.			2300	4	D	96	14.49	130	51100
BÜRSTNER	IXEO	IXEO TIME IT 734.			2300	4	D	109	14.49	148	52600
BÜRSTNER	IXEO	IXEO TIME IT 745.			3000	4	D	130	16.99	177	55600
BÜRSTNER	IXEO	IXEO TIME IT 745.			2300	4	D	96	14.49	130	52100
BÜRSTNER	IXEO	IXEO TIME IT 745.			2300	4	D	109	14.49	148	53500
BÜRSTNER	IXEO-TIME	IXEO-TIME IT 585.			3000	4	D	118	16.99	160	48000
BÜRSTNER	IXEO-TIME	IXEO-TIME IT 585.			2200	4	D	74	14.10	100	44000
BÜRSTNER	IXEO-TIME	IXEO-TIME IT 585.			2300	4	D	96	14.49	130	45600
BÜRSTNER	IXEO-TIME	IXEO-TIME IT 630.			3000	4	D	118	16.99	160	49300
BÜRSTNER	IXEO-TIME	IXEO-TIME IT 630.			2300	4	D	96	14.49	130	46900
BÜRSTNER	IXEO-TIME	IXEO-TIME IT 650.			3000	4	D	118	16.99	160	49300
BÜRSTNER	IXEO-TIME	IXEO-TIME IT 650.			2300	4	D	96	14.49	130	46900
BÜRSTNER	IXEO-TIME	IXEO-TIME IT 670 G.			3000	4	D	118	16.99	160	49300
BÜRSTNER	IXEO-TIME	IXEO-TIME IT 670 G.			2300	4	D	96	14.49	130	46900
BÜRSTNER	IXEO-TIME	IXEO-TIME IT 720.			3000	4	D	118	16.99	160	51300
BÜRSTNER	IXEO-TIME	IXEO-TIME IT 720.			2300	4	D	96	14.49	130	49000
BÜRSTNER	LEVANTO	LEVANTO A 560.			3000	4	D	118	16.99	160	46600
BÜRSTNER	LEVANTO	LEVANTO A 560.			2300	4	D	96	14.49	130	44600
BÜRSTNER	LEVANTO	LEVANTO A 576.			2300	4	D	96	14.49	130	45400
BÜRSTNER	LEVANTO	LEVANTO A 640 G.			3000	4	D	118	16.99	160	50200
BÜRSTNER	LEVANTO	LEVANTO A 640 G.			2300	4	D	96	14.49	130	47200
BÜRSTNER	LEVANTO	LEVANTO A580.	2006		2800	4	D	107	16.30	145	53700
BÜRSTNER	LINEO	LINEO C590.	2023		2000	4	D	125	13.32	170	67400
BÜRSTNER	Lineo	Lineo T 569G Ford 2,0.			2000	4	D	96	13.32	130	52800
BÜRSTNER	Lineo	Lineo T 590 G Ford 2,0.			2000	4	D	96	13.32	130	54100
BÜRSTNER	LINEO	LINEO T 620 G.	2023		2000	4	D	96	13.32	130	67500
BÜRSTNER	LINEO	LINEO T 620 G.	2023		2000	4	D	114	13.32	155	66400
BÜRSTNER	Lineo	Lineo T 620 G Ford 2,0.			2000	4	D	96	13.32	130	55000
BÜRSTNER	Lineo	Lineo T 690 G Ford 2,0.			2000	4	D	96	13.32	130	56400
BÜRSTNER	LINEO	LINEO T 700.	2024		2000	4	D	114	13.32	155	58400
BÜRSTNER	LINEO	LINEO T 700 Ford.			2000	4	D	96	13.32	130	56900
BÜRSTNER	LINEO	LINEO T690 G.	2023		2000	4	D	114	13.32	155	68700
BÜRSTNER	LYSEO	LYSEO A 660.			2300	4	D	132	14.49	180	48400
BÜRSTNER	LYSEO	LYSEO A 660.			2300	4	D	96	14.49	130	45600
BÜRSTNER	LYSEO	LYSEO A 660.			2300	4	D	109	14.49	148	46200
BÜRSTNER	LYSEO	LYSEO A 700.			2300	4	D	132	14.49	180	50100
BÜRSTNER	LYSEO	LYSEO A 700.			2300	4	D	96	14.49	130	47400
BÜRSTNER	LYSEO	LYSEO A 700.			2300	4	D	109	14.49	148	48200
BÜRSTNER	LYSEO	LYSEO CLASSIC T586.			2300	4	D	96	14.49	130	48900
BÜRSTNER	LYSEO	LYSEO CLASSIC T586.			2300	4	D	109	14.49	148	50800
BÜRSTNER	LYSEO	LYSEO CLASSIC T590.			2300	4	D	96	14.49	130	49300
BÜRSTNER	LYSEO	LYSEO CLASSIC T590.			2300	4	D	109	14.49	148	50800
BÜRSTNER	LYSEO	LYSEO CLASSIC T690.			2300	4	D	132	14.49	180	52900
BÜRSTNER	LYSEO	LYSEO CLASSIC T690.			2300	4	D	96	14.49	130	50000
BÜRSTNER	LYSEO	LYSEO CLASSIC T690.			2300	4	D	109	14.49	148	50900
BÜRSTNER	LYSEO	LYSEO CLASSIC T700.			2300	4	D	132	14.49	180	52900
BÜRSTNER	LYSEO	LYSEO CLASSIC T700.			2300	4	D	96	14.49	130	49600
BÜRSTNER	LYSEO	LYSEO CLASSIC T700.			2300	4	D	109	14.49	148	50900
BÜRSTNER	LYSEO	LYSEO CLASSIC T710 G.			2300	4	D	132	14.49	180	53800
BÜRSTNER	LYSEO	LYSEO CLASSIC T710 G.			2300	4	D	96	14.49	130	50900
BÜRSTNER	LYSEO	LYSEO CLASSIC T710 G.			2300	4	D	109	14.49	148	51800
BÜRSTNER	LYSEO	LYSEO CLASSIC T728 G.			2300	4	D	132	14.49	180	54700
BÜRSTNER	LYSEO	LYSEO CLASSIC T728 G.			2300	4	D	96	14.49	130	52000
BÜRSTNER	LYSEO	LYSEO CLASSIC T728 G.			2300	4	D	109	14.49	148	52700
BÜRSTNER	LYSEO	LYSEO CLASSIC T734.			2300	4	D	132	14.49	180	53800
BÜRSTNER	LYSEO	LYSEO CLASSIC T734.			2300	4	D	96	14.49	130	50800
BÜRSTNER	LYSEO	LYSEO CLASSIC T734.			2300	4	D	109	14.49	148	51800
BÜRSTNER	LYSEO	LYSEO CLASSIC T744.			2300	4	D	132	14.49	180	56200
BÜRSTNER	LYSEO	LYSEO CLASSIC T744.			2300	4	D	96	14.49	130	53600
BÜRSTNER	LYSEO	LYSEO CLASSIC T744.			2300	4	D	109	14.49	148	54000
BÜRSTNER	LYSEO	LYSEO CLASSIC T745.			2300	4	D	96	14.49	130	53600
BÜRSTNER	LYSEO	LYSEO Gallery Harmony Line T 649 G Fiat Mjet Light Duty.			2300	4	D	103	14.49	140	68600
BÜRSTNER	LYSEO	LYSEO Gallery Harmony Line T 689 G Fiat Mjet Light Duty.			2300	4	D	103	14.49	140	68600
BÜRSTNER	LYSEO	LYSEO GALLERY TD 649 G Fiat Ducato.			2200	4	D	103	14.10	140	84400
BÜRSTNER	LYSEO	LYSEO GALLERY TD 689 G Fiat Ducato.			2200	4	D	103	14.10	140	84400
BÜRSTNER	LYSEO	LYSEO PRIVILEGE 594 Fiat Ducato.			2200	4	D	88	14.49	120	66000
BÜRSTNER	LYSEO	LYSEO PRIVILEGE 644 G Fiat Mjet Light Duty.			2300	4	D	103	14.49	140	59100
BÜRSTNER	LYSEO	LYSEO PRIVILEGE 680 G Citroen Jumper Blue HDI.			2300	4	D	103	14.49	140	48600
BÜRSTNER	LYSEO	LYSEO PRIVILEGE 680 G Fiat Mjet Light Duty.			2300	4	D	103	14.49	140	53600
BÜRSTNER	Lyseo	Lyseo Privilege 684 G Fiat 2,3 Mjet Light Duty.			2300	4	D	103	14.49	140	59700
BÜRSTNER	LYSEO	LYSEO PRIVILEGE 690 G Fiat Mjet Light Duty.			2300	4	D	103	14.49	140	60800
BÜRSTNER	LYSEO	LYSEO PRIVILEGE 727 G Fiat Mjet Light Duty.			2300	4	D	103	14.49	140	62600
BÜRSTNER	LYSEO	LYSEO PRIVILEGE 728 G Fiat Mjet Light Duty.			2300	4	D	103	14.49	140	54900
BÜRSTNER	LYSEO	LYSEO PRIVILEGE 732 Fiat Mjet Light Duty.			2300	4	D	103	14.49	140	62300
BÜRSTNER	Lyseo	Lyseo Privilege 736 Fiat 2,3 Mjet Light Duty.			2300	4	D	103	14.49	140	63600
BÜRSTNER	LYSEO	LYSEO PRIVILEGE 736 Fiat Mjet Light Duty.			2300	4	D	103	14.49	140	54700
BÜRSTNER	Lyseo	Lyseo Privilege 744 Fiat 2,3 Mjet Light Duty.			2300	4	D	103	14.49	140	64700
BÜRSTNER	LYSEO	LYSEO PRIVILEGE 744 Fiat Mjet Light Duty.			2300	4	D	103	14.49	140	52800
BÜRSTNER	LYSEO	LYSEO PRIVILEGE T586.			2300	4	D	96	14.49	130	50400
BÜRSTNER	LYSEO	LYSEO PRIVILEGE T586.			2300	4	D	109	14.49	148	52400
BÜRSTNER	LYSEO	LYSEO PRIVILEGE T590.			2300	4	D	96	14.49	130	50900
BÜRSTNER	LYSEO	LYSEO PRIVILEGE T590.			2300	4	D	109	14.49	148	52400
BÜRSTNER	LYSEO	LYSEO PRIVILEGE T594.	2024		2200	4	D	103	14.10	140	63800
BÜRSTNER	LYSEO	LYSEO PRIVILEGE T690.			2300	4	D	132	14.49	180	54500
BÜRSTNER	LYSEO	LYSEO PRIVILEGE T690.			2300	4	D	96	14.49	130	51800
BÜRSTNER	LYSEO	LYSEO PRIVILEGE T690.			2300	4	D	109	14.49	148	52500
BÜRSTNER	LYSEO	LYSEO PRIVILEGE T700.			2300	4	D	132	14.49	180	54500
BÜRSTNER	LYSEO	LYSEO PRIVILEGE T700.			2300	4	D	96	14.49	130	51400
BÜRSTNER	LYSEO	LYSEO PRIVILEGE T700.			2300	4	D	109	14.49	148	52500
BÜRSTNER	LYSEO	LYSEO PRIVILEGE T710 G.			2300	4	D	132	14.49	180	55500
BÜRSTNER	LYSEO	LYSEO PRIVILEGE T710 G.			2300	4	D	96	14.49	130	52700
BÜRSTNER	LYSEO	LYSEO PRIVILEGE T710 G.			2300	4	D	109	14.49	148	53500
BÜRSTNER	LYSEO	LYSEO PRIVILEGE T728 G.			2300	4	D	132	14.49	180	56400
BÜRSTNER	LYSEO	LYSEO PRIVILEGE T728 G.			2300	4	D	96	14.49	130	53600
BÜRSTNER	LYSEO	LYSEO PRIVILEGE T728 G.			2300	4	D	109	14.49	148	54300
BÜRSTNER	LYSEO	LYSEO PRIVILEGE T734.			2300	4	D	132	14.49	180	55500
BÜRSTNER	LYSEO	LYSEO PRIVILEGE T734.			2300	4	D	96	14.49	130	52300
BÜRSTNER	LYSEO	LYSEO PRIVILEGE T734.			2300	4	D	109	14.49	148	53500
BÜRSTNER	LYSEO	LYSEO PRIVILEGE T744.			2300	4	D	132	14.49	180	57700
BÜRSTNER	LYSEO	LYSEO PRIVILEGE T744.			2300	4	D	96	14.49	130	55000
BÜRSTNER	LYSEO	LYSEO PRIVILEGE T744.			2300	4	D	109	14.49	148	55700
BÜRSTNER	LYSEO	LYSEO PRIVILEGE T745.			2300	4	D	96	14.49	130	55000
BÜRSTNER	LYSEO	LYSEO TD 732.	2024		2200	4	D	103	14.10	140	66600
BÜRSTNER	LYSEO	LYSEO TD LIMITED 594 G Citroën Jumper.			2200	4	D	103	14.10	140	66000
BÜRSTNER	LYSEO	LYSEO TD LIMITED 644 G Citroën.			2200	4	D	103	14.10	140	49700
BÜRSTNER	LYSEO	LYSEO TD LIMITED 680 G Citroën.			2200	4	D	103	14.10	140	50100
BÜRSTNER	LYSEO	LYSEO TD LIMITED 690 G Citroën.			2200	4	D	103	14.10	140	52800
BÜRSTNER	LYSEO	LYSEO TD LIMITED 732 G Citroën.			2200	4	D	103	14.10	140	53000
BÜRSTNER	LYSEO	LYSEO TD LIMITED EDITION 594 Fiat Mjet Light Duty.			2300	4	D	103	14.49	140	54800
BÜRSTNER	LYSEO	LYSEO TD LIMITED EDITION 644 G Fiat Mjet Light Duty.			2300	4	D	103	14.49	140	55600
BÜRSTNER	LYSEO	LYSEO TD LIMITED EDITION 684 G Fiat Mjet Light Duty.			2300	4	D	103	14.49	140	56100
BÜRSTNER	LYSEO	LYSEO TD LIMITED EDITION 727 G Fiat Mjet Light Duty.			2300	4	D	103	14.49	140	57400
BÜRSTNER	LYSEO	LYSEO TD LIMITED EDITION 732 Fiat Mjet Light Duty.			2300	4	D	103	14.49	140	55500
BÜRSTNER	LYSEO	LYSEO TD LIMITED EDITION 736 Fiat Mjet Light Duty.			2300	4	D	103	14.49	140	57300
BÜRSTNER	LYSEO	LYSEO TD LIMITED EDITION 990 G Fiat Mjet Light Duty.			2300	4	D	103	14.49	140	55100
BÜRSTNER	Lyseo	Lyseo TD Privilege 594 Fiat Mjet Light Duty.			2300	4	D	103	14.49	140	52400
BÜRSTNER	LYSEO	LYSEO TIME I - I690G.			2000	4	D	118	13.32	160	57100
BÜRSTNER	LYSEO	LYSEO TIME I - I720.			2000	4	D	118	13.32	160	58100
BÜRSTNER	LYSEO	LYSEO TIME I - I728G.			2000	4	D	96	13.32	130	58100
BÜRSTNER	LYSEO	LYSEO TIME I - I734G.			2000	4	D	96	13.32	130	58100
BÜRSTNER	NEXXO	NEXXO FAMILY A 570.			2200	4	D	81	14.10	110	36000
BÜRSTNER	NEXXO	NEXXO FAMILY A 570.			2200	4	D	96	14.10	130	37100
BÜRSTNER	NEXXO	NEXXO FAMILY A 570.			2200	4	D	103	14.10	140	37500
BÜRSTNER	NEXXO	NEXXO FAMILY A 630 G.			2200	4	D	81	14.10	110	36100
BÜRSTNER	NEXXO	NEXXO FAMILY A 630 G.			2200	4	D	96	14.10	130	37300
BÜRSTNER	NEXXO	NEXXO FAMILY A 630 G.			2200	4	D	103	14.10	140	37600
BÜRSTNER	NEXXO	NEXXO FAMILY A 645.			2200	4	D	81	14.10	110	37200
BÜRSTNER	NEXXO	NEXXO FAMILY A 645.			2200	4	D	96	14.10	130	38400
BÜRSTNER	NEXXO	NEXXO FAMILY A 645.			2200	4	D	103	14.10	140	38700
BÜRSTNER	NEXXO	NEXXO FAMILY A 648.			2200	4	D	81	14.10	110	36100
BÜRSTNER	NEXXO	NEXXO FAMILY A 648.			2200	4	D	96	14.10	130	37300
BÜRSTNER	NEXXO	NEXXO FAMILY A 648.			2200	4	D	103	14.10	140	37600
BÜRSTNER	NEXXO	NEXXO T 569.			3000	4	D	118	16.99	160	46900
BÜRSTNER	NEXXO	NEXXO T 569.			2200	4	D	74	14.10	100	42900
BÜRSTNER	NEXXO	NEXXO T 569.			2300	4	D	96	14.49	130	44600
BÜRSTNER	NEXXO	NEXXO T 580.			3000	4	D	118	16.99	160	48200
BÜRSTNER	NEXXO	NEXXO T 580.			2200	4	D	74	14.10	100	44100
BÜRSTNER	NEXXO	NEXXO T 580.			2300	4	D	96	14.49	130	45800
BÜRSTNER	NEXXO	NEXXO T 610.			2200	4	D	81	14.10	110	35400
BÜRSTNER	NEXXO	NEXXO T 610.			2200	4	D	96	14.10	130	36500
BÜRSTNER	NEXXO	NEXXO T 610.			2200	4	D	103	14.10	140	36900
BÜRSTNER	NEXXO	NEXXO T 620 G.			2200	4	D	81	14.10	110	35600
BÜRSTNER	NEXXO	NEXXO T 620 G.			2200	4	D	96	14.10	130	36800
BÜRSTNER	NEXXO	NEXXO T 620 G.			2200	4	D	103	14.10	140	37100
BÜRSTNER	NEXXO	NEXXO T 660.			2300	4	D	96	14.49	130	51300
BÜRSTNER	NEXXO	NEXXO T 660.			3000	4	D	118	16.99	160	49200
BÜRSTNER	NEXXO	NEXXO T 660.			3000	4	D	130	16.99	177	54800
BÜRSTNER	NEXXO	NEXXO T 660.			2200	4	D	81	14.10	110	36100
BÜRSTNER	NEXXO	NEXXO T 660.			2200	4	D	103	14.10	140	37600
BÜRSTNER	NEXXO	NEXXO T 660.			2300	4	D	109	14.49	148	52700
BÜRSTNER	NEXXO	NEXXO T 660 2.200 cc.			2200	4	D	96	14.10	130	37300
BÜRSTNER	NEXXO	NEXXO T 685.			3000	4	D	130	16.99	177	57100
BÜRSTNER	NEXXO	NEXXO T 685.			2300	4	D	96	14.49	130	53700
BÜRSTNER	NEXXO	NEXXO T 685.			2300	4	D	109	14.49	148	54900
BÜRSTNER	NEXXO	NEXXO T 687.			3000	4	D	118	16.99	160	49800
BÜRSTNER	NEXXO	NEXXO T 687.			2300	4	D	96	14.49	130	47500
BÜRSTNER	NEXXO	NEXXO T 690 G.			3000	4	D	130	16.99	177	56600
BÜRSTNER	NEXXO	NEXXO T 690 G.			2300	4	D	96	14.49	130	53000
BÜRSTNER	NEXXO	NEXXO T 690 G.			2300	4	D	109	14.49	148	54400
BÜRSTNER	NEXXO	NEXXO T 720.			3000	4	D	118	16.99	160	51400
BÜRSTNER	NEXXO	NEXXO T 720.			2300	4	D	96	14.49	130	49200
BÜRSTNER	NEXXO	NEXXO T 728 G.			3000	4	D	118	16.99	160	50300
BÜRSTNER	NEXXO	NEXXO T 728 G.			2300	4	D	96	14.49	130	48200
BÜRSTNER	NEXXO	NEXXO T 740.			3000	4	D	130	16.99	177	59800
BÜRSTNER	NEXXO	NEXXO T 740.			2300	4	D	96	14.49	130	56400
BÜRSTNER	NEXXO	NEXXO T 740.			2300	4	D	109	14.49	148	57600
BÜRSTNER	NEXXO	NEXXO T 745.			3000	4	D	130	16.99	177	59800
BÜRSTNER	NEXXO	NEXXO T 745.			2300	4	D	96	14.49	130	56400
BÜRSTNER	NEXXO	NEXXO T 745.			2300	4	D	109	14.49	148	57600
BÜRSTNER	NEXXO	NEXXO TIME T 569.			3000	4	D	130	16.99	177	48300
BÜRSTNER	NEXXO	NEXXO TIME T 569.			2000	4	D	85	13.32	115	43700
BÜRSTNER	NEXXO	NEXXO TIME T 569.			2300	4	D	96	14.49	130	44700
BÜRSTNER	NEXXO	NEXXO TIME T 569.			2300	4	D	109	14.49	148	46100
BÜRSTNER	NEXXO	NEXXO TIME T 660.			3000	4	D	130	16.99	177	50600
BÜRSTNER	NEXXO	NEXXO TIME T 660.			2300	4	D	96	14.49	130	47200
BÜRSTNER	NEXXO	NEXXO TIME T 660.			2300	4	D	109	14.49	148	48500
BÜRSTNER	NEXXO	NEXXO TIME T 665.			3000	4	D	130	16.99	177	51000
BÜRSTNER	NEXXO	NEXXO TIME T 665.			2300	4	D	96	14.49	130	47600
BÜRSTNER	NEXXO	NEXXO TIME T 665.			2300	4	D	109	14.49	148	48900
BÜRSTNER	NEXXO	NEXXO TIME T 670 G.			3000	4	D	130	16.99	177	52000
BÜRSTNER	NEXXO	NEXXO TIME T 670 G.			2300	4	D	96	14.49	130	48500
BÜRSTNER	NEXXO	NEXXO TIME T 670 G.			2300	4	D	109	14.49	148	49800
BÜRSTNER	NEXXO	NEXXO TIME T 685.			3000	4	D	130	16.99	177	52000
BÜRSTNER	NEXXO	NEXXO TIME T 685.			2300	4	D	96	14.49	130	48500
BÜRSTNER	NEXXO	NEXXO TIME T 685.			2300	4	D	109	14.49	148	49800
BÜRSTNER	NEXXO	NEXXO TIME T 690 G.			3000	4	D	130	16.99	177	52000
BÜRSTNER	NEXXO	NEXXO TIME T 690 G.			2300	4	D	96	14.49	130	48500
BÜRSTNER	NEXXO	NEXXO TIME T 690 G.			2300	4	D	109	14.49	148	49800
BÜRSTNER	NEXXO	NEXXO VAN T 569 Citroën Blue HDI.			2200	4	D	103	14.10	140	42600
BÜRSTNER	NEXXO	NEXXO VAN T 590.	2025		2200	4	D	103	14.10	140	56100
BÜRSTNER	NEXXO	NEXXO VAN T 590 G Citroën Blue HDI.			2200	4	D	103	14.10	140	43100
BÜRSTNER	NEXXO	NEXXO VAN T 620 G Citroën Blue HDI.			2200	4	D	103	14.10	140	42300
BÜRSTNER	NEXXO	NEXXO VAN T 690 G Citroën Blue HDI.			2200	4	D	103	14.10	140	42800
BÜRSTNER	NEXXO	NEXXO VAN T 700 Citroën Blue HDI.			2200	4	D	103	14.10	140	43900
BÜRSTNER	PRIMERO	PRIMERO T 580.			3000	4	D	118	16.99	160	42000
BÜRSTNER	PRIMERO	PRIMERO T 580.			2200	4	D	74	14.10	100	38400
BÜRSTNER	PRIMERO	PRIMERO T 585.			3000	4	D	118	16.99	160	42600
BÜRSTNER	PRIMERO	PRIMERO T 585.			2200	4	D	74	14.10	100	39100
BÜRSTNER	PRIMERO	PRIMERO T 585.			2300	4	D	96	14.49	130	40600
BÜRSTNER	PRIMERO	PRIMERO T 640.			3000	4	D	118	16.99	160	45100
BÜRSTNER	PRIMERO	PRIMERO T 640.			2300	4	D	96	14.49	130	42900
BÜRSTNER	PRIMERO	PRIMERO T 645.			3000	4	D	118	16.99	160	44700
BÜRSTNER	PRIMERO	PRIMERO T 645.			2300	4	D	96	14.49	130	42700
BÜRSTNER	PRIMERO	PRIMERO T 675 G.			3000	4	D	118	16.99	160	45400
BÜRSTNER	PRIMERO	PRIMERO T 675 G.			2300	4	D	96	14.49	130	43400
BÜRSTNER	PRIVILÈGE	PRIVILÈGE T 615.			3000	4	D	118	16.99	160	63800
BÜRSTNER	PRIVILÈGE	PRIVILÈGE T 615.			2300	4	D	96	14.49	130	61400
BÜRSTNER	PRIVILÈGE	PRIVILÈGE T 630.			3000	4	D	118	16.99	160	51500
BÜRSTNER	PRIVILÈGE	PRIVILÈGE T 630.			2300	4	D	96	14.49	130	49400
BÜRSTNER	PRIVILÈGE	PRIVILÈGE T 690 G.			3000	4	D	118	16.99	160	52400
BÜRSTNER	PRIVILÈGE	PRIVILÈGE T 690 G.			2300	4	D	96	14.49	130	50200
BÜRSTNER	PRIVILÈGE	PRIVILÈGE T 695 G.			3000	4	D	118	16.99	160	52200
BÜRSTNER	PRIVILÈGE	PRIVILÈGE T 695 G.			2300	4	D	96	14.49	130	50000
BÜRSTNER	PRIVILÈGE	PRIVILÈGE T 697 G.			3000	4	D	118	16.99	160	65800
BÜRSTNER	PRIVILÈGE	PRIVILÈGE T 697 G.			2300	4	D	96	14.49	130	63400
BÜRSTNER	PRIVILÈGE	PRIVILÈGE T 700.			3000	4	D	118	16.99	160	52000
BÜRSTNER	PRIVILÈGE	PRIVILÈGE T 700.			2300	4	D	96	14.49	130	49900
BÜRSTNER	PRIVILÈGE	PRIVILÈGE T 710.			3000	4	D	118	16.99	160	52900
BÜRSTNER	PRIVILÈGE	PRIVILÈGE T 710.			2300	4	D	96	14.49	130	50800
BÜRSTNER	PRIVILÈGE	PRIVILÈGE T 720 G.			3000	4	D	118	16.99	160	53600
BÜRSTNER	PRIVILÈGE	PRIVILÈGE T 720 G.			2300	4	D	96	14.49	130	51500
BÜRSTNER	PRIVILÈGE	PRIVILÈGE T 725.			3000	4	D	118	16.99	160	67400
BÜRSTNER	PRIVILÈGE	PRIVILÈGE T 725.			2300	4	D	96	14.49	130	65100
BÜRSTNER	PRIVILÈGE	PRIVILÈGE T 727.			3000	4	D	118	16.99	160	66900
BÜRSTNER	PRIVILÈGE	PRIVILÈGE T 727.			2300	4	D	96	14.49	130	64600
BÜRSTNER	PRIVILÈGE	PRIVILÈGE T 729.			3000	4	D	118	16.99	160	66900
BÜRSTNER	PRIVILÈGE	PRIVILÈGE T 729.			2300	4	D	96	14.49	130	64600
BÜRSTNER	SOLANO	SOLANO T 602.	2007		2800	4	D	94	16.29	128	58000
BÜRSTNER	SOLANO	SOLANO T 615.			3000	4	D	118	16.99	160	58200
BÜRSTNER	SOLANO	SOLANO T 615.			2300	4	D	96	14.49	130	56000
BÜRSTNER	SOLANO	SOLANO T 630.			3000	4	D	118	16.99	160	48200
BÜRSTNER	SOLANO	SOLANO T 630.			2300	4	D	96	14.49	130	46000
BÜRSTNER	SOLANO	SOLANO T 690 G.			3000	4	D	118	16.99	160	48900
BÜRSTNER	SOLANO	SOLANO T 690 G.			2300	4	D	96	14.49	130	46900
BÜRSTNER	SOLANO	SOLANO T 695 G.			3000	4	D	118	16.99	160	48700
BÜRSTNER	SOLANO	SOLANO T 695 G.			2300	4	D	96	14.49	130	46600
BÜRSTNER	SOLANO	SOLANO T 697 G.			3000	4	D	118	16.99	160	60400
BÜRSTNER	SOLANO	SOLANO T 697 G.			2300	4	D	96	14.49	130	57900
BÜRSTNER	SOLANO	SOLANO T 700.			3000	4	D	118	16.99	160	48500
BÜRSTNER	SOLANO	SOLANO T 700.			2300	4	D	96	14.49	130	46500
BÜRSTNER	SOLANO	SOLANO T 710.			3000	4	D	118	16.99	160	49600
BÜRSTNER	SOLANO	SOLANO T 710.			2300	4	D	96	14.49	130	47500
BÜRSTNER	SOLANO	SOLANO T 720 G.			3000	4	D	118	16.99	160	50200
BÜRSTNER	SOLANO	SOLANO T 720 G.			2300	4	D	96	14.49	130	48200
BÜRSTNER	SOLANO	SOLANO T 725.			3000	4	D	118	16.99	160	61900
BÜRSTNER	SOLANO	SOLANO T 725.			2300	4	D	96	14.49	130	59700
BÜRSTNER	SOLANO	SOLANO T 727.			3000	4	D	118	16.99	160	61400
BÜRSTNER	SOLANO	SOLANO T 727.			2300	4	D	96	14.49	130	59100
BÜRSTNER	SOLANO	SOLANO T 729.			3000	4	D	118	16.99	160	61400
BÜRSTNER	SOLANO	SOLANO T 729.			2300	4	D	96	14.49	130	59100
BÜRSTNER	STAR	STAR T 695 (MERCEDES BENZ).	2006		2148	4	D	95	13.90	129	70600
BÜRSTNER	T	T 615.			2800	4	D	94	16.30	128	56000
BÜRSTNER	T	T 670.	2011		2300	4	D	96	14.44	130	56300
BÜRSTNER	T	T 680.			2800	4	D	94	16.30	128	56400
BÜRSTNER	T	T 695.	2005		2685	4	D	115	15.90	156	63700
BÜRSTNER	TRAVEL	TRAVEL VAN T 570 G.			3000	4	D	118	16.99	160	41400
BÜRSTNER	TRAVEL	TRAVEL VAN T 570 G.			2200	4	D	74	14.10	100	37800
BÜRSTNER	TRAVEL	TRAVEL VAN T 570 G.			2300	4	D	96	14.49	130	39300
BÜRSTNER	TRAVEL	TRAVEL VAN T 571 G.			3000	4	D	118	16.99	160	49800
BÜRSTNER	TRAVEL	TRAVEL VAN T 571 G.			2200	4	D	74	14.10	100	45700
BÜRSTNER	TRAVEL	TRAVEL VAN T 571 G.			2300	4	D	96	14.49	130	47500
BÜRSTNER	TRAVEL	TRAVEL VAN T 590 G.			3000	4	D	130	16.99	177	53800
BÜRSTNER	TRAVEL	TRAVEL VAN T 590 G.			2000	4	D	85	13.32	115	49000
BÜRSTNER	TRAVEL	TRAVEL VAN T 590 G.			2300	4	D	96	14.49	130	49400
BÜRSTNER	TRAVEL	TRAVEL VAN T 590 G.			2300	4	D	109	14.49	148	51300
BÜRSTNER	TRAVEL	TRAVEL VAN T 590 G Fiat Mjet Light Duty.			2300	4	D	103	14.49	140	55300
BÜRSTNER	TRAVEL	TRAVEL VAN T 620 G.			3000	4	D	118	16.99	160	50800
BÜRSTNER	TRAVEL	TRAVEL VAN T 620 G.			3000	4	D	130	16.99	177	55500
BÜRSTNER	TRAVEL	TRAVEL VAN T 620 G.			2000	4	D	85	13.32	115	50700
BÜRSTNER	TRAVEL	TRAVEL VAN T 620 G.			2200	4	D	74	14.10	100	46800
BÜRSTNER	TRAVEL	TRAVEL VAN T 620 G.			2300	4	D	96	14.49	130	51600
BÜRSTNER	TRAVEL	TRAVEL VAN T 620 G.			2300	4	D	109	14.49	148	53500
BÜRSTNER	TRAVEL	TRAVEL VAN T 620 G Fiat Mjet Light Duty.			2300	4	D	96	14.49	130	56600
BÜRSTNER	TRAVEL	TRAVEL VAN T 690 G.			3000	4	D	130	16.99	177	56900
BÜRSTNER	TRAVEL	TRAVEL VAN T 690 G.			2300	4	D	96	14.49	130	53500
BÜRSTNER	TRAVEL	TRAVEL VAN T 690 G.			2300	4	D	109	14.49	148	54800
BÜRSTNER	Urban	Urban Vehicle Copa C 500 G Ford.			2000	4	D	96	14.10	130	36400
BÜRSTNER	Urban	Urban Vehicle Copa C 530 G Ford.			2000	4	D	96	14.10	130	41000
BÜRSTNER	VISEO	VISEO I 676.			3000	4	D	118	16.99	160	59300
BÜRSTNER	VISEO	VISEO I 676.			2300	4	D	96	14.49	130	57100
BÜRSTNER	VISEO	VISEO i 690 G.			3000	4	D	130	16.99	177	64000
BÜRSTNER	VISEO	VISEO i 690 G.			2300	4	D	96	14.49	130	60700
BÜRSTNER	VISEO	VISEO i 690 G.			2300	4	D	109	14.49	148	61900
BÜRSTNER	VISEO	VISEO I 694 G.			3000	4	D	118	16.99	160	60800
BÜRSTNER	VISEO	VISEO I 694 G.			2300	4	D	96	14.49	130	58400
BÜRSTNER	VISEO	VISEO I 696.			3000	4	D	118	16.99	160	60800
BÜRSTNER	VISEO	VISEO I 696.			2300	4	D	96	14.49	130	58400
BÜRSTNER	VISEO	VISEO i 700.			3000	4	D	130	16.99	177	64000
BÜRSTNER	VISEO	VISEO i 700.			2300	4	D	96	14.49	130	60600
BÜRSTNER	VISEO	VISEO i 700.			2300	4	D	109	14.49	148	61800
BÜRSTNER	VISEO	VISEO i 720.			2300	4	D	132	14.49	180	60100
BÜRSTNER	VISEO	VISEO i 720.			3000	4	D	130	16.99	177	65600
BÜRSTNER	VISEO	VISEO i 720.			2300	4	D	96	14.49	130	56600
BÜRSTNER	VISEO	VISEO i 720.			2300	4	D	109	14.49	148	58100
BÜRSTNER	VISEO	VISEO I 726.			3000	4	D	118	16.99	160	61900
BÜRSTNER	VISEO	VISEO I 726.			2300	4	D	96	14.49	130	59600
CARADO	A	A 132 Fiat Euro 6D.			2200	4	D	103	14.10	140	42800
CARADO	A	A 132 Pro Fiat 2,2 Euro 6D.			2200	4	D	103	14.10	140	42400
CARADO	A	A 160.	2012		2000	4	D	85	13.14	116	58900
CARADO	A	A 160.	2012		2300	4	D	96	14.49	131	60000
CARADO	A	A 361.			2000	4	D	85	13.32	115	40200
CARADO	A	A 361.			2300	4	D	96	14.49	130	42800
CARADO	A	A 361.			2300	4	D	109	14.49	148	42600
CARADO	A	A 361 Fiat Euro 6D.			2200	4	D	103	14.10	140	45500
CARADO	A	A 361 Pro Fiat 2,2 Euro 6D.			2200	4	D	103	14.10	140	45000
CARADO	A	A 461.			2000	4	D	85	13.32	115	42000
CARADO	A	A 461.			2300	4	D	96	14.49	130	47200
CARADO	A	A 461.			2300	4	D	109	14.49	148	44500
CARADO	A	A 461 Fiat Euro 6D.			2200	4	D	103	14.10	140	45200
CARADO	A	A 464.			2000	4	D	85	13.32	115	42000
CARADO	A	A 464.			2300	4	D	96	14.49	130	47000
CARADO	A	A 464.			2300	4	D	109	14.49	148	44600
CARADO	A	A 464 Fiat Euro 6D.			2200	4	D	103	14.10	140	44900
CARADO	A	A 464 Pro Fiat 2,2 Euro 6D.			2200	4	D	103	14.10	140	47000
CARADO	CV	CV 540 15 Edition Fiat Ducato Euro 6D.			2200	4	D	103	14.10	140	36600
CARADO	CV	CV 540 Fiat Euro 6D.			2200	4	D	103	14.10	140	35700
CARADO	CV	CV 540 Pro 2,2 Citroen Blue HDI.			2200	4	D	103	14.10	140	40100
CARADO	CV	CV 590 4X4 2,2 Citroen Blue HDI.			2200	4	D	103	14.10	140	49000
CARADO	CV	CV 590 4X4 ED24.	2024		2000	4	D	125	13.32	170	63100
CARADO	CV	CV 600 15 Edition Fiat Ducato Euro 6D.			2200	4	D	103	14.10	140	37300
CARADO	CV	CV 600 Fiat Euro 6D.			2200	4	D	103	14.10	140	36300
CARADO	CV	CV 600 PRO.	2024		2200	4	D	103	14.10	140	49200
CARADO	CV	CV 600 Pro 2,2 Citroen Blue HDI.			2200	4	D	103	14.10	140	40900
CARADO	CV	CV 600 Pro+ 2,2 Citroen Blue HDI.			2200	4	D	103	14.10	140	42800
CARADO	CV	CV 601 15 Edition Fiat Ducato Euro 6D.			2200	4	D	103	14.10	140	37700
CARADO	CV	CV 601 Fiat Euro 6D.			2200	4	D	103	14.10	140	36900
CARADO	CV	CV 601 PRO.	2024		2200	4	D	103	14.10	140	50000
CARADO	CV	CV 601 Pro 2,2 Citroen Blue HDI.			2200	4	D	103	14.10	140	41400
CARADO	CV	CV 602 PRO.	2025		2200	4	D	103	14.10	140	51000
CARADO	CV	CV 602 Pro 2,2 Citroen Blue HDI.			2200	4	D	103	14.10	140	41200
CARADO	CV	CV 640 15 Edition Fiat Ducato Euro 6D.			2200	4	D	103	14.10	140	38600
CARADO	CV	CV 640 Fiat Euro 6D.			2200	4	D	103	14.10	140	37800
CARADO	CV	CV 640 Pro 2,2 Citroen Blue HDI.			2200	4	D	103	14.10	140	42300
CARADO	CV	CV 640 Pro+ 2,2 Citroen Blue HDI.			2200	4	D	103	14.10	140	44200
CARADO	I	I 338 15 Edition Fiat Ducato Euro 6D.			2200	4	D	103	14.10	140	51400
CARADO	I	I 338 Fiat Ducato Euro 6D.			2200	4	D	103	14.10	140	56800
CARADO	I	I 338 Pro+ Fiat Ducato 2,2 Euro 6D.			2200	4	D	103	14.10	140	56200
CARADO	I	I 447.	2024		2200	4	D	132	14.10	180	73100
CARADO	I	I 447.			2300	4	D	96	14.49	130	54300
CARADO	I	I 447 15 Edition Fiat Ducato Euro 6D.			2200	4	D	103	14.10	140	58300
CARADO	I	I 447 Fiat Ducato Euro 6D.			2200	4	D	103	14.10	140	52400
CARADO	I	I 447 Pro+ Fiat Ducato 2,2 Euro 6D.			2200	4	D	103	14.10	140	57800
CARADO	I	I 449.			2300	4	D	96	14.49	130	54300
CARADO	I	I 449 15 Edition Fiat Ducato Euro 6D.			2200	4	D	103	14.10	140	52800
CARADO	I	I 449 Fiat Ducato Euro 6D.			2200	4	D	103	14.10	140	57800
CARADO	I	I 449 Pro+ Fiat Ducato 2,2 Euro 6D.			2200	4	D	103	14.10	140	57600
CARADO	T	T 132.			2000	4	D	96	13.32	130	39100
CARADO	T	T 132.			2300	4	D	96	14.49	130	37400
CARADO	T	T 132.			2000	4	D	85	13.32	115	36100
CARADO	T	T 135.			2000	4	D	85	13.32	115	37300
CARADO	T	T 135.			2300	4	D	109	14.49	148	40000
CARADO	T	T 135 15 Edition Fiat Ducato Euro 6D.			2200	4	D	103	14.10	140	41100
CARADO	T	T 135 Fiat Ducato Euro 6D.			2200	4	D	103	14.10	140	47000
CARADO	T	T 135 Pro+ Fiat Ducato 2,2 Euro 6D.			2200	4	D	103	14.10	140	45000
CARADO	T	T 135 Pro+ Fiat Ducato Euro 6D.			2200	4	D	103	14.10	140	45900
CARADO	T	T 334.			2000	4	D	85	13.32	115	41400
CARADO	T	T 334.			2300	4	D	109	14.49	148	44100
CARADO	T	T 334 2X2.			2000	4	D	85	13.32	115	42000
CARADO	T	T 334 2X2.			2300	4	D	96	14.49	130	43500
CARADO	T	T 334 2X2.			2300	4	D	109	14.49	148	44700
CARADO	T	T 334 Fiat Ducato Euro 6D.			2200	4	D	103	14.10	140	45300
CARADO	T	T 337.			2000	4	D	85	13.32	115	41200
CARADO	T	T 337.			2300	4	D	96	14.49	130	45700
CARADO	T	T 337.			2300	4	D	109	14.49	148	43900
CARADO	T	T 337 Fiat Ducato Euro 6D.			2200	4	D	103	14.10	140	44100
CARADO	T	T 338 15 Edition Fiat Ducato Euro 6D.			2200	4	D	103	14.10	140	45000
CARADO	T	T 338 2,2l.			2200	4	D	103	14.10	140	67500
CARADO	T	T 338 Fiat Ducato Euro 6D.			2200	4	D	103	14.10	140	50700
CARADO	T	T 338 Ford.			2000	4	D	103	13.32	130	51300
CARADO	T	T 338 Pro+ Fiat Ducato 2,2 Euro 6D.			2200	4	D	103	14.10	140	48200
CARADO	T	T 338 Pro+ Fiat Ducato Euro 6D.			2200	4	D	103	14.10	140	49100
CARADO	T	T 339.			2000	4	D	85	13.32	115	41200
CARADO	T	T 339.			2300	4	D	96	14.49	130	46700
CARADO	T	T 339.			2300	4	D	109	14.49	148	43900
CARADO	T	T 345.			2000	4	D	85	13.32	115	40300
CARADO	T	T 345.			2300	4	D	96	14.49	130	41600
CARADO	T	T 345.			2300	4	D	109	14.49	148	42900
CARADO	T	T 348.			2000	4	D	85	13.32	115	41800
CARADO	T	T 348.	2011		2300	4	D	96	14.49	130	68700
CARADO	T	T 348.			2300	4	D	109	14.49	148	44500
CARADO	T	T 348 2X2.			2000	4	D	85	13.32	115	42500
CARADO	T	T 348 2X2.			2300	4	D	96	14.49	130	44000
CARADO	T	T 348 2X2.			2300	4	D	109	14.49	148	45200
CARADO	T	T 440 Ford.			2000	4	D	96	13.32	130	52300
CARADO	T	T 447.			2000	4	D	96	13.32	130	44400
CARADO	T	T 447.	2024		2000	4	D	114	13.32	155	61500
CARADO	T	T 447.			2300	4	D	96	14.49	130	48400
CARADO	T	T 447.			2000	4	D	85	13.32	115	42800
CARADO	T	T 447.			2300	4	D	109	14.49	148	45500
CARADO	T	T 447 15 Edition Fiat Ducato Euro 6D.			2200	4	D	103	14.10	140	46100
CARADO	T	T 447 2X2.			2000	4	D	85	13.32	115	43400
CARADO	T	T 447 2X2.			2300	4	D	96	14.49	130	44800
CARADO	T	T 447 2X2.			2300	4	D	109	14.49	148	46000
CARADO	T	T 447 2X2 Ed.15.			2200	4	D	103	14.10	140	70200
CARADO	T	T 447 Fiat Ducato Euro 6D.			2200	4	D	103	14.10	140	46500
CARADO	T	T 447 Ford.			2000	4	D	96	13.32	130	52600
CARADO	T	T 447 Pro+ Fiat Ducato Euro 6D.			2200	4	D	103	14.10	140	49500
CARADO	T	T 448.			2000	4	D	85	13.32	115	42800
CARADO	T	T 448.			2300	4	D	96	14.49	130	45300
CARADO	T	T 448.			2300	4	D	109	14.49	148	45500
CARADO	T	T 448 15 Edition Fiat Ducato Euro 6D.			2200	4	D	103	14.10	140	46100
CARADO	T	T 448 2X2.			2000	4	D	85	13.32	115	43400
CARADO	T	T 448 2X2.			2300	4	D	96	14.49	130	44800
CARADO	T	T 448 2X2.			2300	4	D	109	14.49	148	46000
CARADO	T	T 448 Fiat Ducato Euro 6D.			2200	4	D	103	14.10	140	51900
CARADO	T	T 448 Pro+ Fiat Ducato Euro 6D.			2200	4	D	103	14.10	140	49500
CARADO	T	T 449.			2000	4	D	85	13.32	115	42400
CARADO	T	T 449.			2300	4	D	96	14.49	130	45300
CARADO	T	T 449.			2300	4	D	109	14.49	148	45100
CARADO	T	T 449 2X2.			2000	4	D	85	13.32	115	43100
CARADO	T	T 449 2X2.			2300	4	D	96	14.49	130	44500
CARADO	T	T 449 2X2.			2300	4	D	109	14.49	148	45700
CARADO	T	T 449 2X2 Ed.15.			2200	4	D	103	14.10	140	79700
CARADO	T	T 449 Fiat Ducato Euro 6D.			2200	4	D	103	14.10	140	45300
CARADO	T	T 449 Ford.			2000	4	D	96	13.32	130	52400
CARADO	T	T 457 Fiat Ducato Euro 6D.			2200	4	D	103	14.10	140	52200
CARADO	T	T 457 Pro+ Fiat Ducato Euro 6D.			2200	4	D	103	14.10	140	49800
CARADO	T	T 459 15 Edition Fiat Ducato Euro 6D.			2200	4	D	103	14.10	140	45900
CARADO	T	T 459 Fiat Ducato Euro 6D.			2200	4	D	103	14.10	140	51300
CARADO	T	T 459 PRO.	2025		2200	4	D	103	14.10	140	56900
CARADO	T	T 459 Pro+ Fiat Ducato Euro 6D.			2200	4	D	103	14.10	140	49500
CARADO	V	V 132.	2024		2200	4	D	103	14.10	140	47700
CARADO	V	V 132 15 Edition Fiat Ducato Euro 6D.			2200	4	D	103	14.10	140	37600
CARADO	V	V 132 Pro Citroen Blue HDI.			2200	4	D	103	14.10	140	41100
CARADO	V	V 132 Pro+ 2,2 Citroen Blue HDI.			2200	4	D	103	14.10	140	40900
CARADO	V	V 337 15 Edition Fiat Ducato Euro 6D.			2200	4	D	103	14.10	140	39100
CARADO	V	V 337 PRO.	2024		2200	4	D	103	14.10	140	48400
CARADO	V	V 337 Pro Citroen Blue HDI.			2200	4	D	103	14.10	140	42400
CARADO	V	V 337 Pro+ 2,2 Citroen Blue HDI.			2200	4	D	103	14.10	140	42700
CARADO	V	V 339 15 Edition Fiat Ducato Euro 6D.			2200	4	D	103	14.10	140	39000
CARADO	V	V 339 PRO.	2025		2200	4	D	103	14.10	140	49200
CARADO	V	V 339 Pro Citroen Blue HDI.			2200	4	D	103	14.10	140	42600
CARADO	V540.	V540.			2000	4	D	85	13.32	115	42600
CARADO	V600.	V600.			2000	4	D	85	13.32	115	43800
CARADO	V601.	V601.			2000	4	D	85	13.32	115	44300
CARADO	V640.	V640.			2000	4	D	85	13.32	115	45900
CARTHAGO	C-	C- COMPACTLINE I 138 DB Fiat Ducato 35 L Alko 2,3L.			2300	4	D	96	14.49	130	65900
CARTHAGO	C-	C- COMPACTLINE I 138 PMA 3500.			2300	4	D	96	14.49	130	73700
CARTHAGO	C-	C- COMPACTLINE I 138 PMA 4250.			2300	4	D	96	14.49	130	74900
CARTHAGO	C-	C- COMPACTLINE I 141 LE Fiat Ducato 35 L Alko 2,3L.			2300	4	D	96	14.49	130	67200
CARTHAGO	C-	C- COMPACTLINE I 143 LE Fiat Ducato 35 L Alko 2,3L.			2300	4	D	96	14.49	130	68000
CARTHAGO	C-	C- COMPACTLINE I 143 PMA 3500.			2300	4	D	96	14.49	130	75300
CARTHAGO	C-	C- COMPACTLINE I 143 PMA 4250.			2300	4	D	96	14.49	130	76700
CARTHAGO	C-	C- COMPACTLINE I 144 LE Fiat Ducato 35 L Alko 2,3L.			2300	4	D	96	14.49	130	69000
CARTHAGO	C-	C- COMPACTLINE I 144 LE PMA 3500.			2300	4	D	96	14.49	130	77200
CARTHAGO	C-	C- COMPACTLINE I 144 LE PMA 4250.			2300	4	D	96	14.49	130	78500
CARTHAGO	C-	C- COMPACTLINE I 144 QB Fiat Ducato 35 L Alko 2,3L.			2300	4	D	96	14.49	130	69300
CARTHAGO	C-	C- COMPACTLINE I 144 QB PMA 3500.			2300	4	D	96	14.49	130	77300
CARTHAGO	C-	C- COMPACTLINE I 144 QB PMA 4250.			2300	4	D	96	14.49	130	78600
CARTHAGO	C-	C- COMPACTLINE I 145 QB.			2300	4	D	96	14.49	130	77400
CARTHAGO	C-	C- COMPACTLINE I l 138.			2300	4	D	96	14.49	130	72000
CARTHAGO	C2-tourer	C2-tourer I 141 KB-LE Fiat Ducato 35 L comfort Alko 2,3L Light f35.			2300	4	D	96	14.49	130	81000
CARTHAGO	C2-tourer	C2-tourer I 141 KB-LE Fiat Ducato 35 L lightweight Alko 2,3L Light f35.			2300	4	D	96	14.49	130	75200
CARTHAGO	C2-tourer	C2-tourer I 141 KB-LE Mercedes Benz Sprinter comfort Alko 2,3L Light f35.			2300	4	D	96	14.49	130	81900
CARTHAGO	C2-tourer	C2-tourer I 141 KB-LE Mercedes Benz Sprinter lightweight Alko 2,3L Light f35.			2300	4	D	96	14.49	130	79300
CARTHAGO	C2-tourer	C2-tourer I 143 KB-LE Fiat Ducato 35 L comfort Alko 2,3L Light f35.			2300	4	D	96	14.49	130	81600
CARTHAGO	C2-tourer	C2-tourer I 143 KB-LE Fiat Ducato 35 L lightweight Alko 2,3L Light f35.			2300	4	D	96	14.49	130	75800
CARTHAGO	C2-tourer	C2-tourer I 143 KB-LE Mercedes Benz Sprinter comfort Alko 2,3L Light f35.			2300	4	D	96	14.49	130	82500
CARTHAGO	C2-tourer	C2-tourer I 143 KB-LE Mercedes Benz Sprinter lightweight Alko 2,3L Light f35.			2300	4	D	96	14.49	130	79800
CARTHAGO	C2-tourer	C2-tourer I 145 RB-LE Fiat Ducato 35 L comfort Alko 2,3L Light f35.			2300	4	D	96	14.49	130	85600
CARTHAGO	C2-tourer	C2-tourer I 145 RB-LE Fiat Ducato 35 L lightweight Alko 2,3L Light f35.			2300	4	D	96	14.49	130	79700
CARTHAGO	C2-tourer	C2-tourer I 145 RB-LE Mercedes Benz Sprinter comfort Alko 2,3L Light f35.			2300	4	D	96	14.49	130	86400
CARTHAGO	C2-tourer	C2-tourer I 145 RB-LE Mercedes Benz Sprinter lightweight Alko 2,3L Light f35.			2300	4	D	96	14.49	130	83800
CARTHAGO	C2-tourer	C2-tourer I 147 RB-LE "K" Fiat Ducato 35 L comfort Alko 2,3L Light f35.			2300	4	D	96	14.49	130	85700
CARTHAGO	C2-tourer	C2-tourer I 147 RB-LE "K" Fiat Ducato 35 L lightweight Alko 2,3L Light f35.			2300	4	D	96	14.49	130	79900
CARTHAGO	C2-tourer	C2-tourer I 147 RB-LE "K" Mercedes Benz Sprinter comfort Alko 2,3L Light f35.			2300	4	D	96	14.49	130	86600
CARTHAGO	C2-tourer	C2-tourer I 147 RB-LE "K" Mercedes Benz Sprinter lightweight Alko 2,3L Light f35.			2300	4	D	96	14.49	130	83900
CARTHAGO	C2-tourer	C2-tourer I 147 RB-LE "L" Fiat Ducato 35 L comfort Alko 2,3L Light f35.			2300	4	D	96	14.49	130	85800
CARTHAGO	C2-tourer	C2-tourer I 147 RB-LE "L" Mercedes Benz Sprinter comfort Alko 2,3L Light f35.			2300	4	D	96	14.49	130	86700
CARTHAGO	C2-tourer	C2-tourer I 148 KB-QB "K" Fiat Ducato 35 L comfort Alko 2,3L Light f35.			2300	4	D	96	14.49	130	86200
CARTHAGO	C2-tourer	C2-tourer I 148 KB-QB "K" Fiat Ducato 35 L lightweight Alko 2,3L Light f35.			2300	4	D	96	14.49	130	80400
CARTHAGO	C2-tourer	C2-tourer I 148 KB-QB "K" Mercedes Benz Sprinter comfort Alko 2,3L Light f35.			2300	4	D	96	14.49	130	87100
CARTHAGO	C2-tourer	C2-tourer I 148 KB-QB "K" Mercedes Benz Sprinter lightweight Alko 2,3L Light f35.			2300	4	D	96	14.49	130	84400
CARTHAGO	C2-tourer	C2-tourer I 148 KB-QB "L" Fiat Ducato 35 L comfort Alko 2,3L Light f35.			2300	4	D	96	14.49	130	86300
CARTHAGO	C2-tourer	C2-tourer I 148 KB-QB "L" Mercedes Benz Sprinter comfort Alko 2,3L Light f35.			2300	4	D	96	14.49	130	87200
CARTHAGO	CHIC	CHIC C-LINE I 4.2 DB Fiat Ducato 35 L Alko 2,3L.			2300	4	D	96	14.49	130	74900
CARTHAGO	CHIC	CHIC C-LINE I 4.2 PMA 3500.			2300	4	D	96	14.49	130	84300
CARTHAGO	CHIC	CHIC C-LINE I 4.2 PMA 4250.			2300	4	D	96	14.49	130	85500
CARTHAGO	CHIC	CHIC C-LINE I 4.7 PMA 3500.			2300	4	D	96	14.49	130	88000
CARTHAGO	CHIC	CHIC C-LINE I 4.7 PMA 4250.			2300	4	D	96	14.49	130	89200
CARTHAGO	CHIC	CHIC C-LINE I 4.8 LE Fiat Ducato 35 L Alko 2,3L.			2300	4	D	96	14.49	130	79300
CARTHAGO	CHIC	CHIC C-LINE I 4.8 PMA 3500.			2300	4	D	96	14.49	130	88200
CARTHAGO	CHIC	CHIC C-LINE I 4.8 PMA 4250.			2300	4	D	96	14.49	130	89500
CARTHAGO	CHIC	CHIC C-LINE I 4.9 L PMA 4250.			2300	4	D	96	14.49	130	91600
CARTHAGO	CHIC	CHIC C-LINE I 4.9 L SUPERIOR PMA 4250.			2300	4	D	96	14.49	130	94700
CARTHAGO	CHIC	CHIC C-LINE I 4.9 LE / L Superior Mercedes-Benz Sprinter.			2200	4	D	96	14.10	130	89400
CARTHAGO	CHIC	CHIC C-LINE I 4.9 LE Fiat Ducato 35 L Alko 2,3L.			2300	4	D	96	14.49	130	93300
CARTHAGO	CHIC	CHIC C-LINE I 4.9 LE Mercedes-Benz Sprinter.			2200	4	D	103	14.10	130	95900
CARTHAGO	CHIC	CHIC C-LINE I 4.9 LE Superior Fiat Ducato 35 L Alko 2,3L.			2300	4	D	96	14.49	130	83300
CARTHAGO	CHIC	CHIC C-LINE I 4.9 LE Superior Mercedes-Benz Sprinter.			2200	4	D	96	14.10	130	87900
CARTHAGO	CHIC	CHIC C-LINE I 4.9 LE/L Fiat Ducato 35 L Alko 2,3L.			2300	4	D	96	14.49	130	94700
CARTHAGO	CHIC	CHIC C-LINE I 4.9 LE/L Mercedes-Benz Sprinter.			2200	4	D	96	14.10	130	97300
CARTHAGO	CHIC	CHIC C-LINE I 4.9 LE/L Superior Fiat Ducato 35 L Alko 2,3L.			2300	4	D	96	14.49	130	84800
CARTHAGO	CHIC	CHIC C-LINE I 4.9 PMA 3500.			2300	4	D	96	14.49	130	89000
CARTHAGO	CHIC	CHIC C-LINE I 4.9 PMA 4250.			2300	4	D	96	14.49	130	90300
CARTHAGO	CHIC	CHIC C-LINE I 4.9 SUPERIOR PMA 3500.			2300	4	D	96	14.49	130	92600
CARTHAGO	CHIC	CHIC C-LINE I 4.9 SUPERIOR PMA 4250.			2300	4	D	96	14.49	130	93800
CARTHAGO	CHIC	CHIC C-LINE I 5.0 L PMA 4250.			2300	4	D	96	14.49	130	91600
CARTHAGO	CHIC	CHIC C-LINE I 5.0 L SUPERIOR PMA 4250.			2300	4	D	96	14.49	130	94700
CARTHAGO	CHIC	CHIC C-LINE I 5.0 PMA 3500.			2300	4	D	96	14.49	130	89100
CARTHAGO	CHIC	CHIC C-LINE I 5.0 PMA 4250.			2300	4	D	96	14.49	130	90400
CARTHAGO	CHIC	CHIC C-LINE I 5.0 QB / L Mercedes-Benz Sprinter.			2200	4	D	96	14.10	130	97900
CARTHAGO	CHIC	CHIC C-LINE I 5.0 QB Fiat Ducato 35 L Alko 2,3L.			2300	4	D	96	14.49	130	94000
CARTHAGO	CHIC	CHIC C-LINE I 5.0 QB Mercedes-Benz Sprinter.			2200	4	D	96	14.10	130	96600
CARTHAGO	CHIC	CHIC C-LINE I 5.0 QB Superior Fiat Ducato 35 L Alko 2,3L.			2300	4	D	96	14.49	130	83700
CARTHAGO	CHIC	CHIC C-LINE I 5.0 QB Superior Mercedes-Benz Sprinter.			2200	4	D	96	14.10	130	88400
CARTHAGO	CHIC	CHIC C-LINE I 5.0 QB/L Fiat Ducato 35 L Alko 2,3L.			2300	4	D	96	14.49	130	95400
CARTHAGO	CHIC	CHIC C-LINE I 5.0 QB/L Superior Fiat Ducato 35 L Alko 2,3L.			2300	4	D	96	14.49	130	85300
CARTHAGO	CHIC	CHIC C-LINE I 5.0 QB/L Superior Mercedes-Benz Sprinter.			2200	4	D	96	14.10	130	89800
CARTHAGO	CHIC	CHIC C-LINE I 5.0 S.			2300	4	D	96	14.49	130	91900
CARTHAGO	CHIC	CHIC C-LINE I 5.0 SUPERIOR PMA 3500.			2300	4	D	96	14.49	130	92700
CARTHAGO	CHIC	CHIC C-LINE I 5.0 SUPERIOR PMA 4250.			2300	4	D	96	14.49	130	93900
CARTHAGO	CHIC	CHIC C-LINE I 5.3 QB/SL Fiat Ducato 35 L Alko 2,3L.			2300	4	D	96	14.49	130	81400
CARTHAGO	CHIC	CHIC C-LINE I 5.9 XL LE Fiat Ducato 35 L Alko 2,3L.			2300	4	D	96	14.49	130	106100
CARTHAGO	CHIC	CHIC C-LINE I 5.9 XL LE Mercedes-Benz Sprinter Heavy f40.			2200	4	D	96	14.10	130	108700
CARTHAGO	CHIC	CHIC C-LINE I 6.2 XL QB Fiat Ducato 35 L Alko 2,3L.			2300	4	D	96	14.49	130	106200
CARTHAGO	CHIC	CHIC C-LINE I 6.2 XL QB Mercedes-Benz Sprinter Heavy f40.			2200	4	D	96	14.10	130	108900
CARTHAGO	CHIC	CHIC C-LINE I 7.7.			2300	4	D	96	14.49	130	84200
CARTHAGO	Chic	Chic c-line T (perfilados) T 4.9 LE Mercedes-Benz Sprinter Heavy f40.			2300	4	D	96	14.49	130	83700
CARTHAGO	CHIC	CHIC C-LINE T 4.8 LE Fiat Ducato 35 L Alko 2,3L.			2300	4	D	96	14.49	130	67300
CARTHAGO	CHIC	CHIC C-LINE T 4.9 LE Fiat Ducato 35 L Alko 2,3L.			2300	4	D	96	14.49	130	81300
CARTHAGO	CHIC	CHIC C-LINE T 5.0 QB Fiat Ducato 35 L Alko 2,3L.			2300	4	D	96	14.49	130	68900
CARTHAGO	CHIC	CHIC C-LINE XL 5.5 LE.			2300	4	D	96	14.49	130	99500
CARTHAGO	CHIC	CHIC C-LINE XL 5.8 Q.			2300	4	D	96	14.49	130	100600
CARTHAGO	CHIC	CHIC C-LINE XL 5.8 QS.			2300	4	D	96	14.49	130	103200
CARTHAGO	CHIC	CHIC E-LINE I 44 "YACHTING".			2300	4	D	96	14.49	130	96800
CARTHAGO	CHIC	CHIC E-LINE I 47 "YACHTING".			2300	4	D	96	14.49	130	99000
CARTHAGO	CHIC	CHIC E-LINE I 49 "YACHTING".			2300	4	D	96	14.49	130	99200
CARTHAGO	CHIC	CHIC E-LINE I 50 "LINERCLASS".			2300	4	D	96	14.49	130	107300
CARTHAGO	CHIC	CHIC E-LINE I 50 "YACHTING".			2300	4	D	96	14.49	130	99900
CARTHAGO	Chic	Chic e-line I 50 LE DA Fiat Ducato 35 L Alko 2,3L doble eje / 5,0 t.			2300	4	D	96	14.49	130	125400
CARTHAGO	Chic	Chic e-line I 50 LE DA Mercedes-Benz Sprinter doble eje / 5,0 t.			2300	4	D	96	14.49	130	125400
CARTHAGO	CHIC	CHIC E-LINE I 50 LE Fiat Ducato 35 L Alko 2,3L.			2300	4	D	96	14.49	130	119400
CARTHAGO	CHIC	CHIC E-LINE I 50 LE Mercedes-Benz Sprinter.			2200	4	D	96	14.10	130	119500
CARTHAGO	CHIC	CHIC E-LINE I 51 "LINERCLASS".			2300	4	D	96	14.49	130	106800
CARTHAGO	CHIC	CHIC E-LINE I 51 "YACHTING".			2300	4	D	96	14.49	130	99400
CARTHAGO	CHIC	CHIC E-LINE I 51 LE Fiat Ducato 35 L Alko 2,3L.			2300	4	D	96	14.49	130	104400
CARTHAGO	CHIC	CHIC E-LINE I 51 QB "LINERCLASS".			2300	4	D	96	14.49	130	107300
CARTHAGO	CHIC	CHIC E-LINE I 51 QB "YACHTING".			2300	4	D	96	14.49	130	99900
CARTHAGO	Chic	Chic e-line I 51 QB DA Fiat Ducato 35 L Alko 2,3L doble eje / 5,0 t.			2300	4	D	96	14.49	130	124200
CARTHAGO	Chic	Chic e-line I 51 QB DA Mercedes-Benz Sprinter doble eje / 5,0 t.			2300	4	D	96	14.49	130	126100
CARTHAGO	CHIC	CHIC E-LINE I 51 QB Fiat Ducato 35 L Alko 2,3L.			2300	4	D	96	14.49	130	120200
CARTHAGO	CHIC	CHIC E-LINE I 51 QB Mercedes-Benz Sprinter.			2200	4	D	96	14.10	130	119500
CARTHAGO	CHIC	CHIC E-LINE I 61 XL LE Fiat Ducato 35 L Alko 2,3L.			2300	4	D	96	14.49	130	112400
CARTHAGO	Chic	Chic e-line I 61 XL LE Fiat Ducato 35 L Alko 2,3L doble eje / 5,0 t DA.			2300	4	D	96	14.49	130	129400
CARTHAGO	CHIC	CHIC E-LINE I 61 XL LE Mercedes-Benz Sprinter.			2200	4	D	96	14.10	130	127200
CARTHAGO	Chic	Chic e-line I 61 XL LE Mercedes-Benz Sprinter doble eje / 5,0 t.			2300	4	D	96	14.49	130	131400
CARTHAGO	CHIC	CHIC E-LINE I 64 XL QB Fiat Ducato 35 L Alko 2,3L.			2300	4	D	96	14.49	130	112900
CARTHAGO	Chic	Chic e-line I 64 XL QB Fiat Ducato 35 L Alko 2,3L doble eje Heavy f40.			2300	4	D	96	14.49	130	123100
CARTHAGO	CHIC	CHIC E-LINE I 64 XL QB Mercedes-Benz Sprinter.			2200	4	D	96	14.10	130	127600
CARTHAGO	Chic	Chic e-line I 64 XL QB Mercedes-Benz Sprinter doble eje / 5,0 t.			2300	4	D	96	14.49	130	131800
CARTHAGO	CHIC	CHIC S-PLUS I 50.			3000	4	D	107	16.99	146	116500
CARTHAGO	CHIC	CHIC S-PLUS I 50 LE Iveco Daily 50 C.			3000	4	D	107	16.99	146	124900
CARTHAGO	CHIC	CHIC S-PLUS I 51.			3000	4	D	107	16.99	146	115800
CARTHAGO	CHIC	CHIC S-PLUS I 52.			3000	4	D	107	16.99	146	119800
CARTHAGO	CHIC	CHIC S-PLUS I 52 QB Iveco Daily 50 C.			3000	4	D	107	16.99	146	125100
CARTHAGO	CHIC	CHIC S-PLUS I 61 XL LE Iveco Daily 65 C.			3000	4	D	107	16.99	146	139300
CARTHAGO	CHIC	CHIC S-PLUS I 64 XL QB Iveco Daily 65 C.			3000	4	D	107	16.99	146	142700
CARTHAGO	C-LINE	C-LINE T 4.8 PMA 3500.			2300	4	D	96	14.49	130	73000
CARTHAGO	C-LINE	C-LINE T 4.8 PMA 4250.			2300	4	D	96	14.49	130	74200
CARTHAGO	C-LINE	C-LINE T 4.9 PMA 3500.			2300	4	D	96	14.49	130	74800
CARTHAGO	C-LINE	C-LINE T 4.9 PMA 4250.			2300	4	D	96	14.49	130	76200
CARTHAGO	C-LINE	C-LINE T 5.0 PMA 3500.			2300	4	D	96	14.49	130	74800
CARTHAGO	C-LINE	C-LINE T 5.0 PMA 4250.			2300	4	D	96	14.49	130	76200
CARTHAGO	C-TOURER	C-TOURER I 138 PMA 3500.			2300	4	D	96	14.49	130	77100
CARTHAGO	C-TOURER	C-TOURER I 138 PMA 4250.			2300	4	D	96	14.49	130	78300
CARTHAGO	C-TOURER	C-TOURER I 141 LE Fiat Ducato 35 L Alko 2,3L.			2300	4	D	96	14.49	130	69700
CARTHAGO	C-TOURER	C-TOURER I 142 DB Fiat Ducato 35 L Alko 2,3L.			2300	4	D	96	14.49	130	69600
CARTHAGO	C-TOURER	C-TOURER I 142 PMA 3500.			2300	4	D	96	14.49	130	78600
CARTHAGO	C-TOURER	C-TOURER I 142 PMA 4250.			2300	4	D	96	14.49	130	79800
CARTHAGO	C-TOURER	C-TOURER I 142 QB PMA 3500.			2300	4	D	96	14.49	130	78700
CARTHAGO	C-TOURER	C-TOURER I 142 QB PMA 4250.			2300	4	D	96	14.49	130	80100
CARTHAGO	C-TOURER	C-TOURER I 143 LE Fiat Ducato 35 L Alko 2,3L.			2300	4	D	96	14.49	130	70300
CARTHAGO	C-TOURER	C-TOURER I 143 LE Mercedes-Benz Sprinter.			2200	4	D	96	14.49	130	73600
CARTHAGO	C-TOURER	C-TOURER I 143 PMA 3500.			2300	4	D	96	14.49	130	78700
CARTHAGO	C-TOURER	C-TOURER I 143 PMA 4250.			2300	4	D	96	14.49	130	80100
CARTHAGO	C-TOURER	C-TOURER I 144 LE Fiat Ducato 35 L Alko 2,3L.			2300	4	D	96	14.49	130	71400
CARTHAGO	C-TOURER	C-TOURER I 144 LE PMA 3500.			2300	4	D	96	14.49	130	80600
CARTHAGO	C-TOURER	C-TOURER I 144 LE PMA 4250.			2300	4	D	96	14.49	130	81800
CARTHAGO	C-TOURER	C-TOURER I 144 QB Fiat Ducato 35 L Alko 2,3L.			2300	4	D	96	14.49	130	71800
CARTHAGO	C-TOURER	C-TOURER I 144 QB PMA 3500.			2300	4	D	96	14.49	130	80700
CARTHAGO	C-TOURER	C-TOURER I 144 QB PMA 4250.			2300	4	D	96	14.49	130	82000
CARTHAGO	C-TOURER	C-TOURER I 145 RB-LE comfort 4,2 t Fiat Ducato 35 L Alko 2,3L Light f35.			2300	4	D	96	14.49	130	90900
CARTHAGO	C-TOURER	C-TOURER I 145 RB-LE comfort 4,2 t Mercedes-Benz Sprinter Alko.			2300	4	D	96	14.49	130	86700
CARTHAGO	C-TOURER	C-TOURER I 145 RB-LE lightweight Fiat Ducato 35 L Alko 2,3L Light f35.			2300	4	D	96	14.49	130	84900
CARTHAGO	C-TOURER	C-TOURER I 145 RB-LE lightweight Mercedes-Benz Sprinter Alko 2,3L.			2300	4	D	96	14.49	130	83900
CARTHAGO	C-TOURER	C-TOURER I 145 RB-LE superior comfort 4,2 t Fiat Ducato 35 L Alko 2,3L Light f35.			2300	4	D	96	14.49	130	93000
CARTHAGO	C-TOURER	C-TOURER I 145 RB-LE superior comfort 4,2 t Mercedes-Benz Sprinter Alko.			2300	4	D	96	14.49	130	88800
CARTHAGO	C-TOURER	C-TOURER I 145 RB-LE superior lightweight Fiat Ducato 35 L Alko 2,3L Light f35.			2300	4	D	96	14.49	130	87000
CARTHAGO	C-TOURER	C-TOURER I 145 RB-LE superior lightweight Mercedes-Benz Sprinter Alko 2,3L.			2300	4	D	96	14.49	130	86000
CARTHAGO	C-TOURER	C-TOURER I 147 PMA 3500.			2300	4	D	96	14.49	130	80600
CARTHAGO	C-TOURER	C-TOURER I 147 PMA 4250.			2300	4	D	96	14.49	130	81900
CARTHAGO	C-TOURER	C-TOURER I 148 LE Fiat Ducato 35 L Alko 2,3L.			2300	4	D	96	14.49	130	71800
CARTHAGO	C-TOURER	C-TOURER I 148 LE Mercedes-Benz Sprinter.			2200	4	D	96	14.10	130	75000
CARTHAGO	C-TOURER	C-TOURER I 148 PMA 3500.			2300	4	D	96	14.49	130	80600
CARTHAGO	C-TOURER	C-TOURER I 148 PMA 4250.			2300	4	D	96	14.49	130	81800
CARTHAGO	C-TOURER	C-TOURER I 149 LE Fiat Ducato 35 L Alko 2,3L.			2300	4	D	96	14.49	130	88200
CARTHAGO	C-TOURER	C-TOURER I 149 LE Mercedes-Benz Sprinter.			2200	4	D	96	14.10	130	86500
CARTHAGO	C-TOURER	C-TOURER I 150 PMA 3500.			2300	4	D	96	14.49	130	82600
CARTHAGO	C-TOURER	C-TOURER I 150 PMA 4250.			2300	4	D	96	14.49	130	83800
CARTHAGO	C-TOURER	C-TOURER I 150 QB Fiat Ducato 35 L Alko 2,3L.			2300	4	D	96	14.49	130	74400
CARTHAGO	C-TOURER	C-TOURER I 150 QB Mercedes-Benz Sprinter.			2200	4	D	96	14.10	130	77700
CARTHAGO	C-TOURER	C-TOURER I SPORT l 142.			2300	4	D	96	14.49	130	69600
CARTHAGO	C-TOURER	C-TOURER I SPORT l 148.			2300	4	D	96	14.49	130	72600
CARTHAGO	C-TOURER	C-TOURER l 149 PMA 3500.			2300	4	D	96	14.49	130	82500
CARTHAGO	C-TOURER	C-TOURER l 149 PMA 4250.			2300	4	D	96	14.49	130	83600
CARTHAGO	C-TOURER	C-TOURER T 142 DB Fiat Ducato 35 L Alko 2,3L.			2300	4	D	96	14.49	130	59200
CARTHAGO	C-TOURER	C-TOURER T 142 PMA 3500.			2300	4	D	96	14.49	130	65000
CARTHAGO	C-TOURER	C-TOURER T 142 PMA 4250.			2300	4	D	96	14.49	130	66300
CARTHAGO	C-TOURER	C-TOURER T 142 QB PMA 3500.			2300	4	D	96	14.49	130	65300
CARTHAGO	C-TOURER	C-TOURER T 142 QB PMA 4250.			2300	4	D	96	14.49	130	66500
CARTHAGO	C-tourer	C-tourer T 143 KB-LE Mercedes Benz Sprinter comfort Alko 2,3L Light f35.			2300	4	D	96	14.49	130	72200
CARTHAGO	C-TOURER	C-TOURER T 143 LE Fiat Ducato 35 L Alko 2,3L.			2300	4	D	96	14.49	130	65600
CARTHAGO	C-TOURER	C-TOURER T 143 LE Mercedes-Benz Sprinter.			2200	4	D	96	14.10	130	69800
CARTHAGO	C-TOURER	C-TOURER T 143 PMA 3500.			2300	4	D	96	14.49	130	65300
CARTHAGO	C-TOURER	C-TOURER T 143 PMA 4250.			2300	4	D	96	14.49	130	66500
CARTHAGO	C-TOURER	C-TOURER T 144 LE Fiat Ducato 35 L Alko 2,3L.			2300	4	D	96	14.49	130	61000
CARTHAGO	C-TOURER	C-TOURER T 144 LE PMA 3500.			2300	4	D	96	14.49	130	67000
CARTHAGO	C-TOURER	C-TOURER T 144 LE PMA 4250.			2300	4	D	96	14.49	130	68400
CARTHAGO	C-TOURER	C-TOURER T 144 QB Fiat Ducato 35 L Alko 2,3L.			2300	4	D	96	14.49	130	61400
CARTHAGO	C-TOURER	C-TOURER T 144 QB PMA 3500.			2300	4	D	96	14.49	130	67200
CARTHAGO	C-TOURER	C-TOURER T 144 QB PMA 4250.			2300	4	D	96	14.49	130	68600
CARTHAGO	C-TOURER	C-TOURER T 145 DB / H Fiat Ducato 35 L Alko 2,3L.			2300	4	D	96	14.49	130	60300
CARTHAGO	C-TOURER	C-TOURER T 145 H PMA 3500.			2300	4	D	96	14.49	130	66300
CARTHAGO	C-TOURER	C-TOURER T 145 H PMA 4250.			2300	4	D	96	14.49	130	67500
CARTHAGO	C-tourer	C-tourer T 145 RB-LE Fiat Ducato 35 L comfort Alko 2,3L Light f35.			2300	4	D	96	14.49	130	75400
CARTHAGO	C-tourer	C-tourer T 145 RB-LE Fiat Ducato 35 L lightweight Alko 2,3L Light f35.			2300	4	D	96	14.49	130	69600
CARTHAGO	C-tourer	C-tourer T 145 RB-LE Mercedes Benz Sprinter comfort Alko 2,3L Light f35.			2300	4	D	96	14.49	130	76400
CARTHAGO	C-tourer	C-tourer T 145 RB-LE Mercedes Benz Sprinter lightweight Alko 2,3L Light f35.			2300	4	D	96	14.49	130	73800
CARTHAGO	C-TOURER	C-TOURER T 148 H PMA 3500.			2300	4	D	96	14.49	130	67900
CARTHAGO	C-TOURER	C-TOURER T 148 H PMA 4250.			2300	4	D	96	14.49	130	69200
CARTHAGO	C-TOURER	C-TOURER T 148 LE / H Fiat Ducato 35 L Alko 2,3L.			2300	4	D	96	14.49	130	61800
CARTHAGO	C-TOURER	C-TOURER T 148 LE / H Mercedes-Benz Sprinter.			2200	4	D	96	14.10	130	64800
CARTHAGO	C-TOURER	C-TOURER T 148 LE Fiat Ducato 35 L Alko 2,3L.			2300	4	D	96	14.49	130	61700
CARTHAGO	C-TOURER	C-TOURER T 148 PMA 3500.			2300	4	D	96	14.49	130	67700
CARTHAGO	C-TOURER	C-TOURER T 148 PMA 4250.			2300	4	D	96	14.49	130	68900
CARTHAGO	C-tourer	C-tourer T 148 RB-LB H Fiat Ducato 35 L comfort Alko 2,3L Light f35.			2300	4	D	96	14.49	130	75500
CARTHAGO	C-tourer	C-tourer T 148 RB-LB H Mercedes Benz Sprinter comfort Alko 2,3L Light f35.			2300	4	D	96	14.49	130	74100
CARTHAGO	C-TOURER	C-TOURER T 149 LE Fiat Ducato 35 L Alko 2,3L.			2300	4	D	96	14.49	130	75400
CARTHAGO	C-TOURER	C-TOURER T 149 LE Mercedes-Benz Sprinter.			2200	4	D	96	14.10	130	76500
CARTHAGO	C-TOURER	C-TOURER T 149 PMA 3500.			2300	4	D	96	14.49	130	71400
CARTHAGO	C-TOURER	C-TOURER T 149 PMA 4250.			2300	4	D	96	14.49	130	72800
CARTHAGO	C-TOURER	C-TOURER T 150 PMA 3500.			2300	4	D	96	14.49	130	71500
CARTHAGO	C-TOURER	C-TOURER T 150 PMA 4250.			2300	4	D	96	14.49	130	72800
CARTHAGO	C-TOURER	C-TOURER T 150 QB Fiat Ducato 35 L Alko 2,3L.			2300	4	D	96	14.49	130	64300
CARTHAGO	C-TOURER	C-TOURER T 150 QB Mercedes-Benz Sprinter.			2200	4	D	96	14.10	130	67200
CARTHAGO	E-LINE	E-LINE I 47.			2300	4	D	96	14.49	130	110600
CARTHAGO	E-LINE	E-LINE I 49.			2300	4	D	96	14.49	130	109900
CARTHAGO	E-LINE	E-LINE I 50 PMA 4500.			2300	4	D	96	14.49	130	111200
CARTHAGO	E-LINE	E-LINE I 50 PMA 5000.			2300	4	D	96	14.49	130	115700
CARTHAGO	E-LINE	E-LINE I 51 PMA 4500.			2300	4	D	96	14.49	130	110300
CARTHAGO	E-LINE	E-LINE I 51 PMA 5000.			2300	4	D	96	14.49	130	114900
CARTHAGO	E-LINE	E-LINE I 51 QB PMA 4500.			2300	4	D	96	14.49	130	110900
CARTHAGO	E-LINE	E-LINE I 51 QB PMA 5000.			2300	4	D	96	14.49	130	115900
CARTHAGO	E-LINE	E-LINE I 51 QB S PMA 4500.			2300	4	D	96	14.49	130	113800
CARTHAGO	E-LINE	E-LINE I 51 QB S PMA 5000.			2300	4	D	96	14.49	130	118900
CARTHAGO	E-LINE	E-LINE I 55 XL.			2300	4	D	96	14.49	130	127100
CARTHAGO	E-LINE	E-LINE I 58 XL.			2300	4	D	96	14.49	130	132200
CARTHAGO	E-LINE	E-LINE I 58 XL S.			2300	4	D	96	14.49	130	147600
CARTHAGO	HIGLINER	HIGLINER 59 LE.			3000	4	D	132	16.99	180	167000
CARTHAGO	HIGLINER	HIGLINER 62 QB.			3000	4	D	132	16.99	180	168800
CARTHAGO	Liner-for-two	Liner-for-two 53 Fiat Ducato Alko 2,3L.			2300	4	D	96	14.49	130	124900
CARTHAGO	Liner-for-two	Liner-for-two 53 Iveco Daily 50 C.			3000	4	D	107	16.99	146	131300
CARTHAGO	Liner-for-two	Liner-for-two 53 L (Doble eje) Fiat Ducato Alko 2,3L.			2300	4	D	96	14.49	130	131600
CARTHAGO	Liner-for-two	Liner-for-two 53 L Iveco Daily 65 C.			3000	4	D	107	16.99	146	142900
CARTHAGO	MALIBU.	MALIBU.	1992		2370	5	D	57	16.13	78	40700
CARTHAGO	S-PLUS	S-PLUS I 50.			2300	4	D	96	14.49	130	124700
CARTHAGO	S-PLUS	S-PLUS I 50 1.			3000	4	D	110	16.99	150	123300
CARTHAGO	S-PLUS	S-PLUS I 52.			2300	4	D	96	14.49	130	127900
CARTHAGO	S-PLUS	S-PLUS I 52 1.			3000	4	D	110	16.99	150	126800
CARTHAGO	S-PLUS	S-PLUS I 52 S.			2300	4	D	96	14.49	130	142300
CARTHAGO	S-PLUS	S-PLUS I 52 S 1.			3000	4	D	110	16.99	150	129500
CARTHAGO	S-PLUS	S-PLUS I 55 XL.			3000	4	D	110	16.99	150	125500
CARTHAGO	S-PLUS	S-PLUS I 58 XL.			3000	4	D	110	16.99	150	131600
CARTHAGO	S-PLUS	S-PLUS I 58 XL S.			3000	4	D	110	16.99	150	145700
CARTHAGO	T	T 4.9 LE Mercedes-Benz Sprinter Heavy f40.			2200	4	D	96	14.10	130	83700
CHALLENGER	2060	2060 GRAPHITE EDITION PREMIUM 2,2L.			2200	4	D	103	14.10	140	50100
CHALLENGER	2060	2060 START EDITION 2,2L.			2200	4	D	88	14.10	120	47400
CHALLENGER	240	240 Graphite Ultimate Ford Transit Euro 6D temp 2L ESP (auto).			2000	4	D	125	13.32	170	48000
CHALLENGER	240	240 OPEN EDITION 2L.			2000	4	D	96	13.32	130	41700
CHALLENGER	250	250 BREAK EDITION.	2024		2000	4	D	96	13.32	130	52700
CHALLENGER	250	250 BREAK EDITION CAMBIO AUTOMÁTICO.	2024		2000	4	D	96	13.32	130	56200
CHALLENGER	250	250 Etape Edition Peugeot L.			2200	4	D	103	14.10	140	45900
CHALLENGER	250	250 GRAPHITE PREMIUM 2L.			2000	4	D	125	13.32	170	41100
CHALLENGER	250	250 GRAPHITE VIP 2,3L.			2300	4	D	96	14.49	130	41100
CHALLENGER	250	250 START EDITION 2L.			2000	4	D	96	13.32	130	36600
CHALLENGER	250	250 Start Edition Ford Transit Euro 6D temp 2L.			2000	4	D	125	13.32	170	45600
CHALLENGER	260	260 GRAPHITE PREMIUM 2L.			2000	4	D	125	13.32	170	41800
CHALLENGER	260	260 Graphite Ultimate Ford Transit Euro 6D temp 2L ESP (auto).			2000	4	D	125	13.32	170	48000
CHALLENGER	260	260 GRAPHITE VIP 2,3L.			2300	4	D	96	14.49	130	41800
CHALLENGER	260	260 START EDITION 2L.			2000	4	D	96	13.32	130	37300
CHALLENGER	264	264 GRAPHITE PREMIUM 2L.			2000	4	D	125	13.32	170	41800
CHALLENGER	264	264 GRAPHITE VIP 2,3L.			2300	4	D	96	14.49	130	41800
CHALLENGER	264	264 START EDITION 2L.			2000	4	D	96	13.32	130	37300
CHALLENGER	268	268 GRAPHITE PREMIUM 2L.			2000	4	D	125	13.32	170	42500
CHALLENGER	268	268 GRAPHITE VIP 2,3L.			2300	4	D	96	14.49	130	42500
CHALLENGER	268	268 START EDITION 2L.			2000	4	D	96	13.32	130	37900
CHALLENGER	270	270 GRAPHITE PREMIUM 2L.			2000	4	D	125	13.32	170	42600
CHALLENGER	270	270 GRAPHITE VIP 2,3L.			2300	4	D	96	14.49	130	42600
CHALLENGER	270	270 START EDITION 2L.			2000	4	D	96	13.32	130	38100
CHALLENGER	287	287 GA GRAPHITE PREMIUM 2L.			2000	4	D	125	13.32	170	42500
CHALLENGER	287	287 GA GRAPHITE VIP 2,3L.			2300	4	D	96	14.49	130	42500
CHALLENGER	287	287 GA START EDITION 2L.			2000	4	D	96	13.32	130	37900
CHALLENGER	287GA	287GA Graphite Ultimate Ford Transit Euro 6D temp 2L ESP (auto).			2000	4	D	125	13.32	170	48800
CHALLENGER	3048	3048 XLB GRAPHITE EDITION PREMIUM 2,2L.			2200	4	D	103	14.10	140	51600
CHALLENGER	3048	3048 XLB START EDITION 2,2L.			2200	4	D	88	14.10	120	48800
CHALLENGER	3080	3080 START EDITION 2,2L.			2200	4	D	88	14.10	120	48400
CHALLENGER	328	328 GRAPHITE PREMIUM 2L.			2000	4	D	125	13.32	170	43200
CHALLENGER	328	328 Graphite Ultimate Ford Transit Euro 6D temp 2L ESP (auto).			2000	4	D	125	13.32	170	49600
CHALLENGER	328	328 GRAPHITE VIP 2,3L.			2300	4	D	96	14.49	130	43200
CHALLENGER	328	328 START EDITION 2L.			2000	4	D	96	13.32	130	38600
CHALLENGER	337	337 ETAPE EDITION.	2024		2000	4	D	121	13.32	170	58900
CHALLENGER	337	337 GA GRAPHITE PREMIUM 2L.			2000	4	D	125	13.32	170	43200
CHALLENGER	337	337 GA GRAPHITE VIP 2,3L.			2300	4	D	96	14.49	130	43200
CHALLENGER	337	337 GA START EDITION 2L.			2000	4	D	96	13.32	130	38600
CHALLENGER	337GA	337GA Graphite Ultimate Ford Transit Euro 6D temp 2L ESP (auto).			2000	4	D	125	13.32	170	49600
CHALLENGER	380	380 GRAPHITE PREMIUM 2L.			2000	4	D	125	13.32	170	42800
CHALLENGER	380	380 Graphite Ultimate Ford Transit Euro 6D temp 2L ESP (auto).			2000	4	D	125	13.32	170	49300
CHALLENGER	380	380 GRAPHITE VIP 2,3L.			2300	4	D	96	14.49	130	42800
CHALLENGER	380	380 START EDITION 2L.			2000	4	D	96	13.32	130	38300
CHALLENGER	384	384 Etape Edition Peugeot L.			2200	4	D	103	14.10	140	49300
CHALLENGER	396	396 GRAPHITE PREMIUM 2L.			2000	4	D	125	13.32	170	43900
CHALLENGER	396	396 GRAPHITE VIP 2,3L.			2300	4	D	96	14.49	130	43900
CHALLENGER	396	396 START EDITION 2L.			2000	4	D	96	13.32	130	39400
CHALLENGER	C182.	C182.	2003		2402	4	D	92	14.86	125	49900
CHALLENGER	C194	C194 START EDITION 2L.			2000	4	D	96	13.32	130	36800
CHALLENGER	C25.	C25.	1992		2500	4	D	54	15.23	73	35900
CHALLENGER	C256	C256 START EDITION 2,2L.			2200	4	D	88	14.49	120	42800
CHALLENGER	C397GA	C397GA START EDITION 2,2L.			2200	4	D	88	14.49	120	44800
CHALLENGER	CAPUCHINAS	CAPUCHINAS C194.			2200	4	D	92	14.10	125	40300
CHALLENGER	CAPUCHINAS	CAPUCHINAS C196.			2200	4	D	92	14.10	125	40000
CHALLENGER	CAPUCHINAS	CAPUCHINAS C276.			2200	4	D	92	14.10	125	44700
CHALLENGER	CAPUCHINAS	CAPUCHINAS C286.			2200	4	D	92	14.10	125	42900
CHALLENGER	EDEN	EDEN 310.			2500	4	D	110	15.23	149	46400
CHALLENGER	EDEN	EDEN 312.			2500	4	D	110	15.23	149	48300
CHALLENGER	EDEN	EDEN 612.			3000	4	D	118	16.99	160	52900
CHALLENGER	EDEN	EDEN 614.			3000	4	D	118	16.99	160	53700
CHALLENGER	GENESIS	GENESIS 100.			2200	4	D	85	14.10	115	41600
CHALLENGER	GENESIS	GENESIS 100.			2200	4	D	92	14.10	125	40300
CHALLENGER	GENESIS	GENESIS 170.			2300	4	D	96	14.49	130	44000
CHALLENGER	GENESIS	GENESIS 190.			2000	4	D	85	13.32	115	42000
CHALLENGER	GENESIS	GENESIS 190.			2200	4	D	92	14.10	125	40700
CHALLENGER	GENESIS	GENESIS 194.			2000	4	D	85	13.32	115	41200
CHALLENGER	GENESIS	GENESIS 194.			2000	4	D	96	13.32	130	42500
CHALLENGER	GENESIS	GENESIS 194.			2200	4	D	92	14.10	125	39800
CHALLENGER	GENESIS	GENESIS 195.			2000	4	D	96	13.32	130	42400
CHALLENGER	GENESIS	GENESIS 256.			2300	4	D	96	14.49	130	44800
CHALLENGER	GENESIS	GENESIS 260.			2300	4	D	96	14.49	130	46600
CHALLENGER	GENESIS	GENESIS 270.			2300	4	D	96	14.49	130	47700
CHALLENGER	GENESIS	GENESIS 275.			2300	4	D	96	14.49	130	46600
CHALLENGER	GENESIS	GENESIS 277.			2300	4	D	96	14.49	130	46800
CHALLENGER	GENESIS	GENESIS 278 EB.			2300	4	D	96	14.49	130	46800
CHALLENGER	GENESIS	GENESIS 280.			2300	4	D	96	14.49	130	46400
CHALLENGER	GENESIS	GENESIS 284.			2300	4	D	96	14.49	130	46600
CHALLENGER	GENESIS	GENESIS 285.			2000	4	D	85	13.32	115	43200
CHALLENGER	GENESIS	GENESIS 285.			2200	4	D	85	14.10	115	41800
CHALLENGER	GENESIS	GENESIS 285.			2300	4	D	96	14.49	130	44000
CHALLENGER	GENESIS	GENESIS 287 GA.			2000	4	D	96	13.32	130	44500
CHALLENGER	GENESIS	GENESIS 287 GA.			2300	4	D	96	14.49	130	47700
CHALLENGER	GENESIS	GENESIS 288 EB.			2300	4	D	96	14.49	130	47300
CHALLENGER	GENESIS	GENESIS 288EB.			2000	4	D	96	13.32	130	45400
CHALLENGER	GENESIS	GENESIS 288EB.			2200	4	D	92	14.10	125	42900
CHALLENGER	GENESIS	GENESIS 290.			2000	4	D	85	13.32	115	42900
CHALLENGER	GENESIS	GENESIS 290.			2200	4	D	92	14.10	125	41600
CHALLENGER	GENESIS	GENESIS 290.			2300	4	D	96	14.49	130	45100
CHALLENGER	GENESIS	GENESIS 294.			2000	4	D	96	13.32	130	45500
CHALLENGER	GENESIS	GENESIS 294.			2200	4	D	92	14.10	125	45700
CHALLENGER	GENESIS	GENESIS 296.			2000	4	D	96	13.32	130	44700
CHALLENGER	GENESIS	GENESIS 297.			2000	4	D	96	13.32	130	44700
CHALLENGER	GENESIS	GENESIS 297.			2200	4	D	92	14.10	125	42300
CHALLENGER	GENESIS	GENESIS 297GA.			2000	4	D	96	13.32	130	45100
CHALLENGER	GENESIS	GENESIS 297GA.			2200	4	D	92	14.10	125	42500
CHALLENGER	GENESIS	GENESIS 31.			2200	4	D	96	14.10	130	31600
CHALLENGER	GENESIS	GENESIS 32.			2200	4	D	96	14.10	130	34200
CHALLENGER	GENESIS	GENESIS 33.			2200	4	D	96	14.10	130	34200
CHALLENGER	GENESIS	GENESIS 34.			2200	4	D	96	14.10	130	34200
CHALLENGER	GENESIS	GENESIS 357.			2300	4	D	96	14.49	130	49200
CHALLENGER	GENESIS	GENESIS 36.	2012		1598	4	D	55	11.64	75	47000
CHALLENGER	GENESIS	GENESIS 367 GA.			2300	4	D	96	14.49	130	49400
CHALLENGER	GENESIS	GENESIS 368 EB.			2300	4	D	96	14.49	130	50000
CHALLENGER	GENESIS	GENESIS 377.			2300	4	D	96	14.49	130	47700
CHALLENGER	GENESIS	GENESIS 378 XL.			2300	4	D	96	14.49	130	49200
CHALLENGER	GENESIS	GENESIS 38.			2300	4	D	96	14.49	130	36800
CHALLENGER	GENESIS	GENESIS 387 GA.			2300	4	D	96	14.49	130	48500
CHALLENGER	GENESIS	GENESIS 388 EB.			2300	4	D	96	14.49	130	48700
CHALLENGER	GENESIS	GENESIS 388EB.			2000	4	D	96	13.32	130	47200
CHALLENGER	GENESIS	GENESIS 388EB.			2200	4	D	92	14.10	125	44600
CHALLENGER	GENESIS	GENESIS 396.			2000	4	D	96	13.32	130	46100
CHALLENGER	GENESIS	GENESIS 397GA.			2000	4	D	96	13.32	130	46100
CHALLENGER	GENESIS	GENESIS 397GA.			2200	4	D	92	14.10	125	43800
CHALLENGER	GENESIS	GENESIS 398 XLB.			2300	4	D	96	14.49	130	48200
CHALLENGER	GENESIS	GENESIS 398EB.			2200	4	D	92	14.10	125	43800
CHALLENGER	GENESIS	GENESIS 398EB.			2300	4	D	96	14.49	130	46100
CHALLENGER	GENESIS	GENESIS 40.			2300	4	D	96	14.49	130	37000
CHALLENGER	GENESIS	GENESIS 43.			2200	4	D	96	14.10	130	34200
CHALLENGER	GENESIS	GENESIS 43 / MO6.			1998	4	D	96	13.31	130	40600
CHALLENGER	GENESIS	GENESIS 43 / MO8.			2200	4	D	96	14.10	130	42900
CHALLENGER	GENESIS	GENESIS 47/49.			2400	4	D	103	14.86	140	37100
CHALLENGER	GENESIS	GENESIS C194.			2000	4	D	96	13.32	130	41600
CHALLENGER	GENESIS	GENESIS C256.			2300	4	D	96	14.49	130	45100
CHALLENGER	GENESIS	GENESIS C266.			2000	4	D	96	13.32	130	43200
CHALLENGER	GENESIS	GENESIS C394 GA.			2000	4	D	96	13.32	130	46100
CHALLENGER	INTEGRALES	INTEGRALES 2088 SIRIUS.			2300	4	D	96	14.49	130	55800
CHALLENGER	INTEGRALES	INTEGRALES 2097GA SIRIUS.			2300	4	D	96	14.49	130	55800
CHALLENGER	INTEGRALES	INTEGRALES 3088 SIRIUS.			2300	4	D	96	14.49	130	56700
CHALLENGER	INTEGRALES	INTEGRALES 3097 SIRIUS.			2300	4	D	96	14.49	130	56700
CHALLENGER	INTEGRALES	INTEGRALES 3098 SIRIUS.			2300	4	D	96	14.49	130	84200
CHALLENGER	MAGEO	MAGEO 100.			2000	4	D	85	13.32	115	45300
CHALLENGER	MAGEO	MAGEO 100.			2200	4	D	92	14.10	125	44000
CHALLENGER	MAGEO	MAGEO 107/109/115.			2300	4	D	96	14.49	130	42900
CHALLENGER	MAGEO	MAGEO 108.			2300	4	D	96	14.49	130	42000
CHALLENGER	MAGEO	MAGEO 163/183.			2300	4	D	96	14.49	130	42500
CHALLENGER	MAGEO	MAGEO 170.			2000	4	D	96	13.32	130	42500
CHALLENGER	MAGEO	MAGEO 172.			2400	4	D	103	14.86	140	42000
CHALLENGER	MAGEO	MAGEO 190.			2000	4	D	85	13.32	115	45700
CHALLENGER	MAGEO	MAGEO 190.			2200	4	D	92	14.10	125	44400
CHALLENGER	MAGEO	MAGEO 192 GA.			2400	4	D	103	14.86	140	42400
CHALLENGER	MAGEO	MAGEO 192 SU.			2400	4	D	103	14.86	140	43100
CHALLENGER	MAGEO	MAGEO 194.			2000	4	D	85	13.32	115	44800
CHALLENGER	MAGEO	MAGEO 194.			2200	4	D	92	14.10	125	43400
CHALLENGER	MAGEO	MAGEO 195.	2009		2400	4	D	103	14.87	140	49200
CHALLENGER	MAGEO	MAGEO 260.			2000	4	D	96	13.32	130	45300
CHALLENGER	MAGEO	MAGEO 270.			2000	4	D	96	13.32	130	46400
CHALLENGER	MAGEO	MAGEO 277.			2000	4	D	96	13.32	130	45500
CHALLENGER	MAGEO	MAGEO 278 EB.			2000	4	D	96	13.32	130	45500
CHALLENGER	MAGEO	MAGEO 280.			2000	4	D	96	13.32	130	45100
CHALLENGER	MAGEO	MAGEO 285.			2000	4	D	85	13.32	115	46800
CHALLENGER	MAGEO	MAGEO 285.			2200	4	D	92	14.10	125	45500
CHALLENGER	MAGEO	MAGEO 287 GA.			2000	4	D	96	13.32	130	46400
CHALLENGER	MAGEO	MAGEO 288 EB.			2000	4	D	96	13.32	130	45900
CHALLENGER	MAGEO	MAGEO 288EB.			2000	4	D	96	13.32	130	49000
CHALLENGER	MAGEO	MAGEO 288EB.			2200	4	D	92	14.10	125	46600
CHALLENGER	MAGEO	MAGEO 290.			2000	4	D	85	13.32	115	46600
CHALLENGER	MAGEO	MAGEO 290.			2000	4	D	96	13.32	130	43700
CHALLENGER	MAGEO	MAGEO 290.			2200	4	D	92	14.10	125	45300
CHALLENGER	MAGEO	MAGEO 291.			2300	4	D	96	14.49	130	52200
CHALLENGER	MAGEO	MAGEO 294.			2000	4	D	96	13.32	130	49200
CHALLENGER	MAGEO	MAGEO 296.			2000	4	D	96	13.32	130	48400
CHALLENGER	MAGEO	MAGEO 296.			2200	4	D	92	14.10	125	46600
CHALLENGER	MAGEO	MAGEO 297.			2000	4	D	96	13.32	130	48400
CHALLENGER	MAGEO	MAGEO 297.			2200	4	D	92	14.10	125	45900
CHALLENGER	MAGEO	MAGEO 297GA.			2000	4	D	96	13.32	130	48700
CHALLENGER	MAGEO	MAGEO 297GA.			2200	4	D	92	14.10	125	46100
CHALLENGER	MAGEO	MAGEO 357.			2000	4	D	96	13.32	130	47700
CHALLENGER	MAGEO	MAGEO 367 GA.			2000	4	D	96	13.32	130	48100
CHALLENGER	MAGEO	MAGEO 368 EB.			2000	4	D	96	13.32	130	48700
CHALLENGER	MAGEO	MAGEO 377.			2000	4	D	96	13.32	130	45500
CHALLENGER	MAGEO	MAGEO 378 XLB.			2000	4	D	96	13.32	130	47700
CHALLENGER	MAGEO	MAGEO 387 GA.			2000	4	D	96	13.32	130	45700
CHALLENGER	MAGEO	MAGEO 387 GA.			2300	4	D	96	14.49	130	51400
CHALLENGER	MAGEO	MAGEO 387 GA.			2300	4	D	96	14.49	130	47200
CHALLENGER	MAGEO	MAGEO 388 EB.			2300	4	D	96	14.49	130	52100
CHALLENGER	MAGEO	MAGEO 388 EB.			2000	4	D	96	13.32	130	47300
CHALLENGER	MAGEO	MAGEO 388EB.			2000	4	D	96	13.32	130	50800
CHALLENGER	MAGEO	MAGEO 388EB.			2200	4	D	92	14.10	125	48300
CHALLENGER	MAGEO	MAGEO 391.			2300	4	D	96	14.49	130	53000
CHALLENGER	MAGEO	MAGEO 397GA.			2000	4	D	96	13.32	130	49800
CHALLENGER	MAGEO	MAGEO 397GA.			2200	4	D	92	14.10	125	47400
CHALLENGER	MAGEO	MAGEO 398 XLB.			2300	4	D	96	14.49	130	51100
CHALLENGER	MAGEO	MAGEO 398 XLB.			2000	4	D	96	13.32	130	46800
CHALLENGER	MAGEO	MAGEO 398EB.			2200	4	D	92	14.10	125	47400
CHALLENGER	MAGEO	MAGEO 398EB.			2300	4	D	96	14.49	130	49800
CHALLENGER	S194	S194 Etape Edition Renault L 145 CH 10.			2300	4	D	107	14.49	145	41900
CHALLENGER	S194	S194 START EDITION 2L.			2000	4	D	96	13.32	130	36100
CHALLENGER	S194	S194 Start Edition Ford Transit Euro 6D temp 2L.			2000	4	D	96	13.32	130	42500
CHALLENGER	S217	S217 Etape Edition Renault L 145 CH 10.			2300	4	D	107	14.49	145	44000
CHALLENGER	S217GA	S217GA Sport Edition Ford Transit Euro 6D temp 2L.			2000	4	D	96	14.49	130	44600
CHALLENGER	S217GA	S217GA START EDITION 2L.			2000	4	D	96	13.32	130	38000
CHALLENGER	S217GA	S217GA Start Edition Ford Transit Euro 6D temp 2L.			2000	4	D	96	14.49	130	40400
CHALLENGER	SIRIUS	SIRIUS 2.088 EB.			2300	4	D	96	14.49	130	57700
CHALLENGER	SIRIUS	SIRIUS 2.090.			2300	4	D	96	14.49	130	57700
CHALLENGER	SIRIUS	SIRIUS 3.077.			2300	4	D	96	14.49	130	57900
CHALLENGER	SIRIUS	SIRIUS 3.078 XLB.			2300	4	D	96	14.49	130	59800
CHALLENGER	SIRIUS	SIRIUS 3.087 GA.			2300	4	D	96	14.49	130	57900
CHALLENGER	SIRIUS	SIRIUS 3.088 EB.			2300	4	D	96	14.49	130	57900
CHALLENGER	SIRIUS	SIRIUS 3.098 XLB.			2300	4	D	96	14.49	130	57900
CHALLENGER	SIRIUS	SIRIUS 3.187 GA.			2300	4	D	96	14.49	130	64800
CHALLENGER	SIRIUS	SIRIUS 3.188 EB.			2300	4	D	96	14.49	130	64800
CHALLENGER	SIRIUS	SIRIUS 3.198 XLB.			2300	4	D	96	14.49	130	64800
CHALLENGER	SIRIUS	SIRIUS 3067 GA.			2300	4	D	96	14.49	130	59800
CHALLENGER	SIRIUS	SIRIUS 3167 GA.			2300	4	D	96	14.49	130	66600
CHALLENGER	SIRIUS	SIRIUS 3178 XLB.			2300	4	D	96	14.49	130	66600
CHALLENGER	SPECIAL	SPECIAL EDITION 287 GA.			2000	4	D	125	13.32	170	47600
CHALLENGER	SPECIAL	SPECIAL EDITION 288 EB.			2000	4	D	125	13.32	170	47300
CHALLENGER	SPECIAL	SPECIAL EDITION 290.			2000	4	D	125	13.32	170	44800
CHALLENGER	SPECIAL	SPECIAL EDITION 357.			2300	4	D	96	14.49	130	49400
CHALLENGER	SPECIAL	SPECIAL EDITION 387 GA.			2300	4	D	96	14.49	130	48700
CHALLENGER	SPECIAL	SPECIAL EDITION 398 XL.			2300	4	D	96	14.49	130	48500
CHALLENGER	SUNSET	SUNSET EDITION.	2025		2200	4	D	103	14.10	140	45000
CHALLENGER	V114	V114 BREAK EDITION.	2025		2200	4	D	103	14.10	140	51400
CHALLENGER	V114	V114 M Sport Edition Fiat Ducato Euro 6D temp 2,2L (automático).			2200	4	D	103	14.10	140	44000
CHALLENGER	V114	V114 M Start Edition Fiat Ducato Euro 6D temp 2,2L (manual).			2200	4	D	103	14.10	140	38600
CHALLENGER	V114	V114 MAX.	2025		2200	4	D	103	14.10	140	48000
CHALLENGER	V114	V114 S.	2025		2200	4	D	103	14.10	140	50600
CHALLENGER	V114	V114 S Sport Edition Fiat Ducato Euro 6D temp 2,2L (automático).			2200	4	D	103	14.10	140	42600
CHALLENGER	V114	V114 Sport Edition Fiat Ducato Euro 6D temp 2,2L (automático).			2200	4	D	103	14.10	140	43300
CHALLENGER	V114	V114 Start Edition Fiat Ducato Euro 6D temp 2,2L (manual).			2200	4	D	103	14.10	140	37900
CHALLENGER	V210	V210 M Sport Edition Fiat Ducato Euro 6D temp 2,2L (automático).			2200	4	D	103	14.10	140	46300
CHALLENGER	V217	V217 Sport Edition Fiat Ducato Euro 6D temp 2,2L (automático).			2200	4	D	103	14.10	140	45900
CHALLENGER	V217	V217 Start Edition Fiat Ducato Euro 6D temp 2,2L (manual).			2200	4	D	103	14.10	140	40600
CHALLENGER	VANS	VANS V114 MAX ROAD EDITION PREMIUM 2,2L.			2200	4	D	103	14.10	140	42400
CHALLENGER	VANS	VANS V114 MAX ROAD EDITION VIP 2,2L.			2200	4	D	103	14.10	140	40100
CHALLENGER	VANS	VANS V114 MAX START EDITION 2,2L.			2200	4	D	88	14.10	120	37700
CHALLENGER	VANS	VANS V114 ROAD EDITION PREMIUM 2,2L.			2200	4	D	103	14.10	140	41900
CHALLENGER	VANS	VANS V114 ROAD EDITION VIP 2,2L.			2200	4	D	103	14.10	140	39600
CHALLENGER	VANS	VANS V114 START EDITION 2,2L.			2200	4	D	88	14.10	120	37300
CHALLENGER	VANS	VANS V114S ROAD EDITION PREMIUM 2,2L.			2200	4	D	103	14.10	140	41200
CHALLENGER	VANS	VANS V114S ROAD EDITION VIP 2,2L.			2200	4	D	103	14.10	140	38800
CHALLENGER	VANS	VANS V114S START EDITION 2,2L.			2200	4	D	88	14.10	120	36400
CHALLENGER	VANS	VANS V210 ROAD EDITION PREMIUM 2,2L.			2200	4	D	103	14.10	140	45200
CHALLENGER	VANS	VANS V210 ROAD EDITION VIP 2,2L.			2200	4	D	103	14.10	140	42800
CHALLENGER	VANS	VANS V217 ROAD EDITION PREMIUM 2,2L.			2200	4	D	103	14.10	140	44600
CHALLENGER	VANS	VANS V217 ROAD EDITION VIP 2,2L.			2200	4	D	103	14.10	140	42000
CHALLENGER	VANS	VANS V217 START EDITION 2,2L.			2200	4	D	88	14.10	120	39800
CHALLENGER	VANS	VANS VANY V114 EXCLUSIVE.			2000	4	D	85	13.32	115	40300
CHALLENGER	VANS	VANS VANY V114 MAX EXCLUSIVE.			2000	4	D	85	13.32	115	41000
CHALLENGER	VANS	VANS VANY V114 MAX START.			2000	4	D	85	13.32	115	36400
CHALLENGER	VANS	VANS VANY V114 S EXCLUSIVE.			2000	4	D	85	13.32	115	38700
CHALLENGER	VANS	VANS VANY V114 S START.			2000	4	D	85	13.32	115	34200
CHALLENGER	VANS	VANS VANY V114 START.			2000	4	D	85	13.32	115	35700
CHALLENGER	VANS	VANS VANY V214 EXCLUSIVE.			2300	4	D	96	14.49	130	44500
CHALLENGER	VANS	VANS VANY V214 MAX EXCLUSIVE.			2300	4	D	96	14.49	130	45300
CHALLENGER	VANS	VANS VANY V217 EXCLUSIVE.			2300	4	D	96	14.49	130	44200
CHALLENGER	VANS	VANS VANY V217 START.			2300	4	D	96	14.49	130	39700
CHALLENGER	VANY	VANY V114 MAX START.			2000	4	D	85	13.32	115	37300
CHALLENGER	VANY	VANY V114 MAX START SPECIAL EDITION.			2300	4	D	96	14.49	130	37600
CHALLENGER	VANY	VANY V114 S CS START.			2000	4	D	85	13.32	115	35900
CHALLENGER	VANY	VANY V114 S START.			2000	4	D	85	13.32	115	35100
CHALLENGER	VANY	VANY V114 START.			2000	4	D	85	13.32	115	36500
CHALLENGER	VANY	VANY V114 START SPECIAL EDITION.			2300	4	D	96	14.49	130	37000
CHALLENGER	VANY	VANY V117 S CS START.			2000	4	D	85	13.32	115	37900
CHALLENGER	VANY	VANY V117 S CS START SPECIAL EDITION.			2300	4	D	96	14.49	130	38300
CHALLENGER	VANY	VANY V124 START.			2000	4	D	85	13.32	115	37900
CHALLENGER	VANY	VANY V217 START.			2300	4	D	96	14.49	130	40500
CHALLENGER	VANY	VANY V217 START SPECIAL EDITION.			2300	4	D	96	14.49	130	39800
CHALLENGER	X150.	X150.	2024		2200	4	D	103	14.10	140	57800
CHALLENGER	X150	X150 OPEN EDITION 2,2L.			2200	4	D	103	14.49	140	48000
CHALLENGER	X150	X150 Open Edition Fiat Ducato Euro 6D temp 2,2L.			2200	4	D	103	14.10	140	48000
CHALLENGER	X250	X250 OPEN EDITION.	2024		2300	4	D	103	14.49	140	60100
CHALLENGER	X250	X250 Open Edition Fiat Ducato Euro 6D temp 2,2L.			2200	4	D	103	14.10	140	49900
CHAUSSON	ALLEGRO	ALLEGRO 67.	2003		2500	4	D	94	16.30	128	58400
CHAUSSON	ALLEGRO	ALLEGRO 83.	2007		2464	4	D	107	15.10	146	58400
CHAUSSON	FLASH	FLASH 03.	2007		2198	4	D	96	14.10	131	45600
CHAUSSON	FLASH	FLASH 03.			1998	4	D	92	13.31	125	48600
CHAUSSON	FLASH	FLASH 03 M13.			2200	4	D	103	14.10	140	48600
CHAUSSON	FLASH	FLASH S2.			2287	4	D	96	14.44	130	49800
CHAUSSON	ODYSSEE	ODYSSEE 89 (Mercedes Benz 316CDI).	2003		2685	5	D	115	17.37	156	65100
CHAUSSON	VHF5500AZ083.	VHF5500AZ083.			2400	4	D	93	14.86	126	39100
CHAUSSON	WELCOME.	WELCOME.	2004		2179	4	D	74	14.02	101	53900
CHAUSSON	WELCOME	WELCOME 23.	2002		2402	4	D	92	14.87	125	58400
CHAUSSON	WELCOME	WELCOME 28.	2003		2402	4	D	88	14.86	120	58400
CHAUSSON	WELCOME	WELCOME 55.	2004		2800	4	D	94	16.30	128	59200
CHAUSSON	WELCOME	WELCOME 628EB.			1995	4	D	125	13.30	170	51400
CHAUSSON	WELCOME	WELCOME 70.	1998		2499	4	D	85	15.22	116	55400
CHAUSSON	WELCOME	WELCOME 9 M06.			2800	4	D	94	16.30	128	57500
CHAUSSON	WELCOME	WELCOME I778.	2012		2287	4	D	96	14.43	130	69200
CI	530.	530.			2496	4	D	114	15.21	155	38100
CI	CARIOCA	CARIOCA 10.	2001		1905	4	D	66	12.94	90	44300
CI	CARIOCA	CARIOCA 15P.	2002		1997	4	D	62	13.31	84	47900
CI	CARIOCA	CARIOCA 20.	2003		1997	4	D	62	13.31	84	51700
CI	CARIOCA	CARIOCA 21.	2001		1905	4	D	66	12.94	90	43100
CI	CARIOCA	CARIOCA 40.	2003		2800	4	D	94	16.30	127	49200
CI	CARIOCA	CARIOCA 5.	2002		1997	4	D	62	13.31	84	46500
CI	CARIOCA	CARIOCA 50.	2000		1905	4	D	66	12.93	90	45900
CI	CARIOCA	CARIOCA 590.	2006		1998	4	D	92	13.31	125	47600
CI	ELEGANT	ELEGANT 641.	1999		2500	4	D	85	15.23	116	73900
CI	ELLIOT	ELLIOT 40.	2005		2800	4	D	94	16.30	127	50200
CI	ELLIOT	ELLIOT 5 / AUTOROLLER 2.	2006		2300	4	D	81	14.43	110	49200
CI	ELLIOT	ELLIOT 98.	2015		2200	4	D	114	14.09	155	60900
CI	ELLIOT/AUTOROLLER	ELLIOT/AUTOROLLER 65XT.	2016		2198	4	D	114	14.09	155	59800
CI	ELLIOT/AUTOROLLER	ELLIOT/AUTOROLLER EL 64/ AR 264.			2400	4	D	114	14.86	155	42500
CI	ELLIOT/AUTOROLLER	ELLIOT/AUTOROLLER EL 65 / AR 265.			2400	4	D	114	14.86	155	43500
CI	ELLIOT/AUTOROLLER	ELLIOT/AUTOROLLER EL 66 / AR 266.			2400	4	D	114	14.86	155	44600
CI	ELLIOT/AUTOROLLER	ELLIOT/AUTOROLLER EL 75 / AR 275.			2400	4	D	114	14.86	155	42000
CI	ELLIOT/AUTOROLLER	ELLIOT/AUTOROLLER EL 77 / AR 277.			2400	4	D	114	14.86	155	42600
CI	ELLIOT/AUTOROLLER	ELLIOT/AUTOROLLER EL 84 / AR 284.			2400	4	D	114	14.86	155	44000
CI	ELLIOT/AUTOROLLER	ELLIOT/AUTOROLLER EL 85 / AR 285 P.			2400	4	D	114	14.86	155	41600
CI	ELLIOT/AUTOROLLER	ELLIOT/AUTOROLLER EL 86 / AR 286.			2400	4	D	114	14.86	155	44000
CI	ELLIOT/AUTOROLLER	ELLIOT/AUTOROLLER EL 98 / AR 298.			2400	4	D	114	14.86	155	42600
CI	EXPERIENCE	EXPERIENCE KYROS 2 CHASIS.			2000	4	D	85	13.32	115	37600
CI	EXPERIENCE	EXPERIENCE KYROS 5 CHASIS.			2000	4	D	85	13.32	115	38200
CI	EXPERIENCE	EXPERIENCE KYROS DUO CHASIS.			2300	4	D	96	14.49	130	41200
CI	EXPERIENCE	EXPERIENCE KYROS K2 CHASIS.			2000	4	D	85	13.32	115	36100
CI	GRANDUCA	GRANDUCA 56.	1989		1929	4	D	60	13.04	82	32800
CI	GRANDUCA	GRANDUCA 64.			2800	4	D	93	16.30	127	57000
CI	GRANDUCA	GRANDUCA 65.	2000		2800	4	D	90	16.30	122	57000
CI	HORON	HORON 34 XT Chasis Fiat 33.			2300	4	D	88	14.49	120	45400
CI	HORON	HORON 34 XT Citroën Jumper /Peugeot Boxer Euro 6D.			2200	4	D	103	14.10	140	45400
CI	HORON	HORON 34 XT Ford Transit 2.0.			2000	4	D	96	13.32	130	43400
CI	HORON	HORON 65 XT Chasis Fiat 33.			2300	4	D	88	14.49	120	45400
CI	HORON	HORON 65 XT Citroën Jumper /Peugeot Boxer Euro 6D.			2200	4	D	103	14.10	140	45400
CI	HORON	HORON 65 XT Ford Transit 2.0.			2000	4	D	96	13.32	130	44700
CI	HORON	HORON 66 XT Chasis Fiat 33.			2300	4	D	88	14.49	120	46700
CI	HORON	HORON 66 XT Citroën Jumper /Peugeot Boxer Euro 6D.			2200	4	D	103	14.10	140	46700
CI	HORON	HORON 66 XT Ford Transit 2.0.			2000	4	D	96	13.32	130	44700
CI	HORON	HORON 67 P Chasis Fiat 33.			2300	4	D	88	14.49	120	45400
CI	HORON	HORON 67 P Citroën Jumper /Peugeot Boxer Euro 6D.			2200	4	D	103	14.10	140	45400
CI	HORON	HORON 67 P Ford Transit 2.0.			2000	4	D	96	13.32	130	43400
CI	HORON	HORON 67 XT Chasis Fiat 33.			2300	4	D	88	14.49	120	46100
CI	HORON	HORON 67 XT Citroën Jumper /Peugeot Boxer Euro 6D.			2200	4	D	103	14.10	140	46100
CI	HORON	HORON 67 XT Ford Transit 2.0.			2000	4	D	96	13.32	130	44100
CI	HORON	HORON 74 XT Chasis Fiat 33.			2300	4	D	88	14.49	120	45300
CI	HORON	HORON 74 XT Citroën Jumper /Peugeot Boxer Euro 6D.			2200	4	D	103	14.10	140	45300
CI	HORON	HORON 74 XT Ford Transit 2.0.			2000	4	D	96	13.32	130	43300
CI	HORON	HORON 77 M Chasis Fiat 33.			2300	4	D	88	14.49	120	44800
CI	HORON	HORON 77 M Citroën Jumper /Peugeot Boxer Euro 6D.			2200	4	D	103	13.32	140	44800
CI	HORON	HORON 77 M Ford Transit 2.0.			2000	4	D	96	13.32	130	42700
CI	HORON	HORON 79 M Chasis Fiat 33.			2300	4	D	88	14.49	120	44200
CI	HORON	HORON 79 M Citroën Jumper /Peugeot Boxer Euro 6D.			2200	4	D	103	14.49	140	44200
CI	HORON	HORON 79 M Ford Transit 2.0.			2000	4	D	96	13.32	130	42200
CI	HORON	HORON 84 M Chasis Fiat 33.			2300	4	D	88	14.49	120	45800
CI	HORON	HORON 84 M Citroën Jumper /Peugeot Boxer Euro 6D.			2200	4	D	103	13.32	140	45800
CI	HORON	HORON 84 M Ford Transit 2.0.			2000	4	D	96	13.32	130	43900
CI	HORON	HORON 84 XT Chasis Fiat 33.			2300	4	D	88	14.49	120	45300
CI	HORON	HORON 84 XT Citroën Jumper /Peugeot Boxer Euro 6D.			2200	4	D	103	14.10	140	45300
CI	HORON	HORON 84 XT Ford Transit 2.0.			2000	4	D	96	13.32	130	43300
CI	HORON	HORON 85 P Chasis Fiat 33.			2300	4	D	88	14.49	120	44200
CI	HORON	HORON 85 P Citroën Jumper /Peugeot Boxer Euro 6D.			2000	4	D	103	13.32	140	44200
CI	HORON	HORON 85 P Ford Transit 2.0.			2000	4	D	96	13.32	130	42200
CI	HORON	HORON 85 TL Citroën Jumper /Peugeot Boxer Euro 6D.			2200	4	D	103	14.10	140	44900
CI	HORON	HORON 85 TL Ford Transit 2.0.			2200	4	D	96	14.10	130	44900
CI	HORON	HORON 85 XT Chasis Fiat 33.			2300	4	D	88	14.49	120	44900
CI	HORON	HORON 85 XT Ford Transit 2.0.			2000	4	D	96	13.32	130	42900
CI	HORON	HORON 87 P Chasis Fiat 33.			2300	4	D	88	14.49	120	44100
CI	HORON	HORON 87 P Citroën Jumper /Peugeot Boxer Euro 6D.			2200	4	D	103	14.10	140	45400
CI	HORON	HORON 87 P Ford Transit 2.0.			2000	4	D	96	13.32	130	43400
CI	HORON	HORON 87 XT Chasis Fiat 33.			2300	4	D	88	14.49	120	46100
CI	HORON	HORON 87 XT Citroën Jumper /Peugeot Boxer Euro 6D.			2200	4	D	103	14.10	140	46100
CI	HORON	HORON 87 XT Ford Transit 2.0.			2000	4	D	96	13.32	130	44100
CI	HORON	HORON 90 M Chasis Fiat 33.			2300	4	D	88	14.49	120	45800
CI	HORON	HORON 90 M Citroën Jumper /Peugeot Boxer Euro 6D.			2200	4	D	103	14.10	140	45800
CI	HORON	HORON 90 M Ford Transit 2.0.			2000	4	D	96	13.32	130	43800
CI	HORON	HORON 91 TL Ford Transit 2.0.			2000	4	D	96	13.32	130	41800
CI	HORON	HORON 91 TL M Citroën Jumper /Peugeot Boxer Euro 6D.			2200	4	D	103	14.10	140	41800
CI	HORON	HORON 91 XT Chasis Fiat 33.			2300	4	D	88	14.49	120	41800
CI	HORON	HORON 91 XT Ford Transit 2.0.			2000	4	D	96	13.32	130	39800
CI	HORON	HORON 94 TL Citroën Jumper /Peugeot Boxer Euro 6D.			2200	4	D	103	14.10	140	42100
CI	HORON	HORON 94 TL Ford Transit 2.0.			2000	4	D	96	13.32	130	42100
CI	HORON	HORON 94 XT Chasis Fiat 33.			2300	4	D	88	14.49	120	42100
CI	HORON	HORON 94 XT Ford Transit 2.0.			2000	4	D	96	13.32	130	40100
CI	HORON	HORON 95 M.	2022		1995	4	D	95	13.30	129	63100
CI	HORON	HORON 95 TL Citroën Jumper /Peugeot Boxer Euro 6D.			2200	4	D	103	14.10	140	44200
CI	HORON	HORON 95 TL Ford Transit 2.0.			2000	4	D	96	13.32	130	44200
CI	HORON	HORON 95 XT Chasis Fiat 33.			2300	4	D	88	14.49	120	44200
CI	HORON	HORON 95 XT Ford Transit 2.0.			2000	4	D	96	13.32	130	42200
CI	HORON	HORON 98 XT Chasis Fiat 33.			2300	4	D	88	14.49	120	44900
CI	HORON	HORON 98 XT Citroën Jumper /Peugeot Boxer Euro 6D.			2200	4	D	103	14.10	140	44900
CI	HORON	HORON 98 XT Ford Transit 2.0.			2000	4	D	96	13.32	130	42900
CI	KYROS	KYROS 2 Fiat Ducato EURO 6D 33 LIGHT.			2200	4	D	88	14.10	120	35500
CI	KYROS	KYROS 2 PRESTIGE.			2300	4	D	96	14.49	130	42400
CI	KYROS	KYROS 5 Fiat Ducato EURO 6D 33 LIGHT.			2200	4	D	88	14.10	120	35900
CI	KYROS	KYROS 5 PRESTIGE.			2300	4	D	96	14.49	130	42900
CI	KYROS	KYROS 6 Fiat Ducato EURO 6D 33 LIGHT.			2200	4	D	88	14.10	120	35900
CI	KYROS	KYROS 6 PRESTIGE.			2300	4	D	96	14.49	130	43700
CI	KYROS	KYROS DUO EXPERIENCE.			2300	4	D	96	14.49	130	40700
CI	KYROS	KYROS DUO Fiat Ducato EURO 6D 33 LIGHT.			2200	4	D	103	14.10	140	37600
CI	KYROS	KYROS DUO PRESTIGE.			2300	4	D	96	14.49	130	44800
CI	KYROS	KYROS K2 EXPERIENCE.			2300	4	D	96	14.49	130	36800
CI	KYROS	KYROS K2 Fiat Ducato EURO 6D 33 LIGHT.			2200	4	D	88	14.10	120	35000
CI	KYROS	KYROS K2 PRESTIGE.			2300	4	D	96	14.49	130	41000
CI	KYROS	KYROS K3 EXPERIENCE.			2300	4	D	96	14.49	130	37500
CI	KYROS	KYROS K3 PRESTIGE.			2300	4	D	96	14.49	130	41700
CI	KYROS2	KYROS2 EXPERIENCE.			2300	4	D	96	14.49	130	38200
CI	KYROS5	KYROS5 EXPERIENCE.			2300	4	D	96	14.49	130	38800
CI	KYROS6	KYROS6 EXPERIENCE.			2300	4	D	96	14.49	130	39400
CI	MAGIS	MAGIS / ZEFIRO M 35 XT/Z235 TL.			2300	4	D	96	14.49	130	44000
CI	MAGIS	MAGIS / ZEFIRO M 65/Z265.			2300	4	D	96	14.49	130	47600
CI	MAGIS	MAGIS / ZEFIRO M 66/Z266.			2300	4	D	96	14.49	130	48500
CI	MAGIS	MAGIS / ZEFIRO M 74 XT/Z274 TL.			2300	4	D	96	14.49	130	46600
CI	MAGIS	MAGIS / ZEFIRO M 77 /Z277.			2300	4	D	96	14.49	130	45700
CI	MAGIS	MAGIS / ZEFIRO M 82 /Z282.			2300	4	D	96	14.49	130	46600
CI	MAGIS	MAGIS / ZEFIRO M 84 /Z284.			2300	4	D	96	14.49	130	47600
CI	MAGIS	MAGIS / ZEFIRO M 85 /Z285.			2300	4	D	96	14.49	130	47600
CI	MAGIS	MAGIS / ZEFIRO M 86 /Z286.			2300	4	D	96	14.49	130	47600
CI	MAGIS	MAGIS / ZEFIRO M 94 XT /Z294 TL.			2300	4	D	96	14.49	130	44800
CI	MAGIS	MAGIS / ZEFIRO M 95 /Z295.			2300	4	D	96	14.49	130	45700
CI	MAGIS	MAGIS 35 XT.			2300	4	D	96	14.49	130	44100
CI	MAGIS	MAGIS 65 P.			2300	4	D	96	14.49	130	46100
CI	MAGIS	MAGIS 65 XT.			2300	4	D	96	14.49	130	47400
CI	MAGIS	MAGIS 66 P.			2300	4	D	96	14.49	130	47200
CI	MAGIS	MAGIS 66 XT.			2300	4	D	96	14.49	130	48500
CI	MAGIS	MAGIS 66 XT Citroën Jumper /Peugeot Boxer Euro 6D.			2200	4	D	103	14.10	140	49400
CI	MAGIS	MAGIS 66 XT Fiat Ducato EURO 6D.			2200	4	D	103	14.10	140	49400
CI	MAGIS	MAGIS 67 Fiat Ducato EURO 6D.			2200	4	D	103	14.10	140	56600
CI	MAGIS	MAGIS 67 P Citroën Jumper /Peugeot Boxer Euro 6D.			2200	4	D	103	14.10	140	48300
CI	MAGIS	MAGIS 67 P Fiat Ducato EURO 6D.			2200	4	D	103	14.10	140	48300
CI	MAGIS	MAGIS 67 XT Citroën Jumper /Peugeot Boxer Euro 6D.			2200	4	D	103	14.10	140	49000
CI	MAGIS	MAGIS 67 XT Fiat Ducato EURO 6D.			2200	4	D	103	14.10	140	49000
CI	MAGIS	MAGIS 69 XT.			2300	4	D	96	14.49	130	46400
CI	MAGIS	MAGIS 75.			2300	4	D	96	14.49	130	45600
CI	MAGIS	MAGIS 75 XT.			2300	4	D	96	14.49	130	46000
CI	MAGIS	MAGIS 77.			2300	4	D	96	14.49	130	45100
CI	MAGIS	MAGIS 84 Fiat Ducato EURO 6D.			2200	4	D	103	14.10	140	56600
CI	MAGIS	MAGIS 84 P.			2300	4	D	96	14.49	130	45600
CI	MAGIS	MAGIS 84 XT.			2300	4	D	96	14.49	130	47000
CI	MAGIS	MAGIS 84 XT Citroën Jumper /Peugeot Boxer Euro 6D.			2200	4	D	103	14.10	140	48100
CI	MAGIS	MAGIS 84 XT Fiat Ducato EURO 6D.			2200	4	D	103	14.10	140	48100
CI	MAGIS	MAGIS 85 P.			2300	4	D	96	14.49	130	44700
CI	MAGIS	MAGIS 85 P Citroën Jumper /Peugeot Boxer Euro 6D.			2200	4	D	103	14.10	140	46900
CI	MAGIS	MAGIS 85 P Fiat Ducato EURO 6D.			2200	4	D	103	14.10	140	46900
CI	MAGIS	MAGIS 85 XT Citroën Jumper /Peugeot Boxer Euro 6D.			2200	4	D	103	14.10	140	47700
CI	MAGIS	MAGIS 85 XT Fiat Ducato EURO 6D.			2200	4	D	103	14.10	140	47700
CI	MAGIS	MAGIS 86 P.			2300	4	D	96	14.49	130	45600
CI	MAGIS	MAGIS 86 XT.			2300	4	D	96	14.49	130	47000
CI	MAGIS	MAGIS 87 Fiat Ducato EURO 6D.			2200	4	D	103	14.10	140	56600
CI	MAGIS	MAGIS 87 P Citroën Jumper /Peugeot Boxer Euro 6D.			2200	4	D	103	14.10	140	48100
CI	MAGIS	MAGIS 87 P Fiat Ducato EURO 6D.			2200	4	D	103	14.10	140	48100
CI	MAGIS	MAGIS 87 XT Citroën Jumper /Peugeot Boxer Euro 6D.			2200	4	D	103	14.10	140	48800
CI	MAGIS	MAGIS 87 XT Fiat Ducato EURO 6D.			2200	4	D	103	14.10	140	48800
CI	MAGIS	MAGIS 94 XT Citroën Jumper /Peugeot Boxer Euro 6D.			2200	4	D	103	14.10	140	44800
CI	MAGIS	MAGIS 94 XT Fiat Ducato EURO 6D.			2200	4	D	103	14.10	140	44800
CI	MAGIS	MAGIS 95.			2300	4	D	96	14.49	130	45100
CI	MAGIS	MAGIS 95 P.			2300	4	D	96	14.49	130	44200
CI	MAGIS	MAGIS 95 XT.			2300	4	D	96	14.49	130	42800
CI	MAGIS	MAGIS 95 XT Citroën Jumper /Peugeot Boxer Euro 6D.			2200	4	D	103	14.10	140	46900
CI	MAGIS	MAGIS 95 XT Fiat Ducato EURO 6D.			2200	4	D	103	14.10	140	46900
CI	MAGIS	MAGIS 98 XT Citroën Jumper /Peugeot Boxer Euro 6D.			2200	4	D	103	14.10	140	47700
CI	MAGIS	MAGIS 98 XT Fiat Ducato EURO 6D.			2200	4	D	103	14.10	140	47700
CI	MERIDIEN	MERIDIEN 114.	1994		2496	4	D	59	15.21	80	43700
CI	MIZAR	MIZAR 150.	1995		2500	4	D	55	15.00	75	44300
CI	MIZAR	MIZAR 170.	1995		2500	4	D	85	15.23	116	49000
CI	MIZAR	MIZAR GTL TOP CLAS.	2006		2800	4	D	107	16.30	146	71900
CI	MIZAR	MIZAR KARISIMA 65.			2300	4	D	96	14.49	130	60900
CI	MIZAR	MIZAR KARISIMA 66.			2300	4	D	96	14.49	130	61400
CI	MIZAR	MIZAR KARISIMA 85.			2300	4	D	96	14.49	130	60900
CI	MIZAR	MIZAR KARISIMA 88.			2300	4	D	96	14.49	130	60900
CI	MIZAR	MIZAR KARISIMA 98.			2300	4	D	96	14.49	130	60900
CI	MIZAR	MIZAR PEGASO M65/P265.			2300	4	D	96	14.49	130	59500
CI	MIZAR	MIZAR PEGASO M66/P266.			2300	4	D	96	14.49	130	59500
CI	MIZAR	MIZAR PEGASO M85/P285.			2300	4	D	96	14.49	130	59500
CI	MIZAR	MIZAR PEGASO M88/P288.			2300	4	D	96	14.49	130	59500
CI	MIZAR	MIZAR PEGASO M98/P298.			2300	4	D	96	14.49	130	59500
CI	MIZAR/GARAGE.	MIZAR/GARAGE.			2800	4	D	93	16.30	127	51300
CI	MIZAR/GARAGE.	MIZAR/GARAGE.	2005		2800	4	D	107	16.30	146	57300
CI	PRESTIGE	PRESTIGE KYROS 2.			2000	4	D	85	13.32	115	41400
CI	PRESTIGE	PRESTIGE KYROS 2 MAXI.			2300	4	D	96	14.49	130	45500
CI	PRESTIGE	PRESTIGE KYROS 5.			2000	4	D	85	13.32	115	42000
CI	PRESTIGE	PRESTIGE KYROS 5 MAXI.			2300	4	D	96	14.49	130	46200
CI	PRESTIGE	PRESTIGE KYROS DUO.			2300	4	D	96	14.49	130	45100
CI	PRESTIGE	PRESTIGE KYROS K2.			2000	4	D	85	13.32	115	40000
CI	RIVIERA	RIVIERA 120.			2496	4	D	88	15.21	120	40700
CI	RIVIERA	RIVIERA 140.			1905	4	D	66	12.94	90	40700
CI	RIVIERA	RIVIERA 164.	2006		2800	4	D	107	16.30	145	54500
CI	RIVIERA	RIVIERA 190 / 191.	2000		2800	4	D	90	16.29	122	58400
CI	RIVIERA	RIVIERA 320.			2496	4	D	88	15.21	120	42300
CI	RIVIERA	RIVIERA 631.	1995		2500	4	D	85	15.23	116	42300
CI	RIVIERA	RIVIERA 65 P.			2300	4	D	96	14.49	130	52400
CI	RIVIERA	RIVIERA 65 XT.			2300	4	D	96	14.49	130	53500
CI	RIVIERA	RIVIERA 66 XT.			2300	4	D	96	14.49	130	52500
CI	RIVIERA	RIVIERA 75.			2300	4	D	96	14.49	130	51600
CI	RIVIERA	RIVIERA 85.			2300	4	D	96	14.49	130	52100
CI	RIVIERA	RIVIERA 85 P.			2300	4	D	96	14.49	130	52200
CI	RIVIERA	RIVIERA 85 XT.			2300	4	D	96	14.49	130	52300
CI	RIVIERA	RIVIERA 86 P.			2300	4	D	96	14.49	130	52200
CI	RIVIERA	RIVIERA 86 XT.			2300	4	D	96	14.49	130	52600
CI	RIVIERA	RIVIERA 95 XT.			2300	4	D	96	14.49	130	52200
CI	RIVIERA	RIVIERA 98.			2300	4	D	96	14.49	130	51700
CI	RIVIERA	RIVIERA 99 XT.			2300	4	D	96	14.49	130	52400
CI	RIVIERA	RIVIERA GARAGE.	2006		2800	4	D	107	16.30	107	58100
CI	RIVIERA	RIVIERA GARAGE 9.	2005		2402	4	D	92	14.87	125	52600
CI	RIVIERA	RIVIERA GRANDUCA R65/ G266.			2300	4	D	96	14.49	130	54400
CI	RIVIERA	RIVIERA GRANDUCA R66 / G266.			2300	4	D	96	14.49	130	54900
CI	RIVIERA	RIVIERA GRANDUCA R75 / G275.			2300	4	D	96	14.49	130	55400
CI	RIVIERA	RIVIERA GRANDUCA R85 / G285.			2300	4	D	96	14.49	130	54000
CI	RIVIERA	RIVIERA GRANDUCA R86 / G286.			2300	4	D	96	14.49	130	54400
CI	RIVIERA	RIVIERA GRANDUCA R95 XT/ G295 TL.			2300	4	D	96	14.49	130	53500
CI	RIVIERA	RIVIERA GRANDUCA R98 XT/ G298.			2300	4	D	96	14.49	130	53000
CI	RIVIERA	RIVIERA GRANDUCA R98 XT/ G298 TL.			2300	4	D	96	14.49	130	53000
CI	RIVIERA	RIVIERA GRANDUCA R99 XT/ G299 TL.			2300	4	D	96	14.49	130	54900
CI	SINFONIA	SINFONIA 65 P.			2300	4	D	96	14.49	130	54000
CI	SINFONIA	SINFONIA 65 XT.			2300	4	D	96	14.49	130	55200
CI	SINFONIA	SINFONIA 85 XT.			2300	4	D	96	14.49	130	54900
CI	SINFONIA	SINFONIA 86 P.			2300	4	D	96	14.49	130	53500
CI	SINFONIA	SINFONIA 98.			2300	4	D	96	14.49	130	53600
CI	SINFONIA	SINFONIA 98 XT.			2300	4	D	96	14.49	130	54300
CI	SINFONIA	SINFONIA MAGNIFICO S65/M265.			2300	4	D	96	14.49	130	58700
CI	SINFONIA	SINFONIA MAGNIFICO S66/M266.			2300	4	D	96	14.49	130	58700
CI	SINFONIA	SINFONIA MAGNIFICO S85/M285.			2300	4	D	96	14.49	130	58500
CI	SINFONIA	SINFONIA MAGNIFICO S857 /M285.			2300	4	D	96	14.49	130	59100
CI	SINFONIA	SINFONIA MAGNIFICO S98XT /M298 TL.			2300	4	D	96	14.49	130	56700
CI	SIRIO	SIRIO 590.	2006		1998	4	D	92	13.31	125	47600
CITYVAN	57	57 G			2200	4	D	74	14.10	100	43700
CITYVAN	57	57 G			2300	4	D	96	14.49	130	45200
CITYVAN	57	57 L			2200	4	D	74	14.10	100	43100
CITYVAN	57	57 L			2300	4	D	96	14.49	130	44700
CITYVAN	57	57 P			2200	4	D	74	14.10	100	43900
CITYVAN	57	57 P			2300	4	D	96	14.49	130	45400
CITYVAN	60	60 A			2200	4	D	74	14.10	100	46200
CITYVAN	60	60 H			2200	4	D	74	14.10	100	46200
CLEVER VANS	CELEBRATION	CELEBRATION 600.			2000	4	D	120	13.32	163	38600
CLEVER VANS	CELEBRATION	CELEBRATION 600.	2024		2200	4	D	103	14.10	140	51900
CLEVER VANS	CITI	CITI 500 WC.			2000	4	D	81	13.32	110	32200
CLEVER VANS	FAMILY	FAMILY 600.			2000	4	D	96	13.32	130	39700
CLEVER VANS	FAMILY	FAMILY 600.			2000	4	D	96	13.32	130	33200
CLEVER VANS	FLEX	FLEX 636.			2000	4	D	120	13.32	163	40500
CLEVER VANS	FLEX	FLEX 636.			2000	4	D	120	13.32	163	40500
CLEVER VANS	FLEX	FLEX KIDS 636.			2000	4	D	120	13.32	163	42400
CLEVER VANS	FLEX	FLEX MOTO 636.			2000	4	D	120	13.32	163	44200
CLEVER VANS	FLEX	FLEX ROLLY 636.			2000	4	D	120	13.32	163	36900
CLEVER VANS	FLEX	FLEX ROLLY 636.			2000	4	D	96	13.32	130	35900
CLEVER VANS	ROOMER	ROOMER 600.			2000	4	D	120	13.32	163	36900
CLEVER VANS	ROOMER	ROOMER 600.			2000	4	D	96	13.32	130	35900
CLEVER VANS	RUNNER	RUNNER 636.			2000	4	D	120	13.32	163	38600
CLEVER VANS	SPIRIT.	SPIRIT.	2025		2200	4	D	103	14.10	140	49800
CLEVER VANS	TOUR	TOUR 540.			2000	4	D	120	13.32	163	35000
CLEVER VANS	TOUR	TOUR 540.			2000	4	D	81	13.32	110	33200
CLEVER VANS	TOUR	TOUR 540.			2000	4	D	96	13.32	130	34100
CLEVER VANS	TOUR	TOUR 540 140 Cv.	2024		2000	4	D	103	13.32	140	68000
CLEVER VANS	TOUR	TOUR 540 165 Cv.	2024		2000	4	D	121	13.32	165	68500
CLEVER VANS	TOUR	TOUR 540 LITERAS.			2000	4	D	120	13.32	163	36900
CLEVER VANS	TOUR	TOUR 540 LITERAS.			2000	4	D	81	13.32	110	34500
CLEVER VANS	TOUR	TOUR 540 LITERAS.			2000	4	D	96	13.32	130	35500
CLEVER VANS	TOUR	TOUR 540 TECHO ELEVABLE.	2025		2200	4	D	103	14.10	140	53900
CLEVER VANS	VARIO	VARIO KIDS 600.			2000	4	D	120	13.32	163	36900
CLEVER VANS	VARIO	VARIO KIDS 600.			2000	4	D	96	13.32	130	35900
CLIFF	540.	540.			2300	4	D	85	14.49	115	42600
CLIFF	540.	540.			2300	4	D	96	14.49	130	43200
CLIFF	600.	600.			2300	4	D	85	14.49	115	43800
CLIFF	600.	600.			2300	4	D	96	14.49	130	44300
CLIFF	601.	601.			2300	4	D	85	14.49	115	44300
CLIFF	601.	601.			2300	4	D	96	14.49	130	44700
CLIFF	640.	640.			2300	4	D	85	14.49	115	45900
CLIFF	Adventure	Adventure edition CV 540 Chasis Citroen / 3,5 T CI (white).			2200	4	D	103	14.10	140	38700
CLIFF	Adventure	Adventure edition CV 540 Chasis Fiat / 3,5 T.			2200	4	D	88	14.10	120	33500
CLIFF	Adventure	Adventure edition CV 540 Chasis Fiat / 3,5 T.			2200	4	D	103	14.10	140	39200
CLIFF	Adventure	Adventure edition CV 540 Chasis Fiat / 3,5 T.			2200	4	D	118	14.10	160	35600
CLIFF	Adventure	Adventure edition CV 540 Chasis Fiat / 3,5 T.			2200	4	D	132	14.10	180	36900
CLIFF	Adventure	Adventure edition CV 600 Chasis Citroen / 3,5 T CI (white).			2200	4	D	103	14.10	140	39600
CLIFF	Adventure	Adventure edition CV 600 Chasis Fiat / 3,5 T.			2200	4	D	88	14.10	120	34100
CLIFF	Adventure	Adventure edition CV 600 Chasis Fiat / 3,5 T.			2200	4	D	103	14.10	140	40000
CLIFF	Adventure	Adventure edition CV 600 Chasis Fiat / 3,5 T.			2200	4	D	118	14.10	160	36200
CLIFF	Adventure	Adventure edition CV 600 Chasis Fiat / 3,5 T.			2200	4	D	132	14.10	180	37600
CLIFF	Adventure	Adventure edition CV 601 Chasis Citroen / 3,5 T CI (white).			2200	4	D	103	14.10	140	40300
CLIFF	Adventure	Adventure edition CV 601 Chasis Fiat / 3,5 T.			2200	4	D	88	14.10	120	34900
CLIFF	Adventure	Adventure edition CV 601 Chasis Fiat / 3,5 T.			2200	4	D	103	14.10	140	40700
CLIFF	Adventure	Adventure edition CV 601 Chasis Fiat / 3,5 T.			2200	4	D	118	14.10	160	36900
CLIFF	Adventure	Adventure edition CV 601 Chasis Fiat / 3,5 T.			2200	4	D	132	14.10	180	38200
CLIFF	Adventure	Adventure edition CV 640 Chasis Citroen / 3,5 T CI (white).			2200	4	D	103	14.10	140	41000
CLIFF	Adventure	Adventure edition CV 640 Chasis Fiat / 3,5 T.			2200	4	D	88	14.10	120	35600
CLIFF	Adventure	Adventure edition CV 640 Chasis Fiat / 3,5 T.			2200	4	D	103	14.10	140	41400
CLIFF	Adventure	Adventure edition CV 640 Chasis Fiat / 3,5 T.			2200	4	D	118	14.10	160	37600
CLIFF	Adventure	Adventure edition CV 640 Chasis Fiat / 3,5 T.			2200	4	D	132	14.10	180	39000
CLIFF	Adventure	Adventure edition RT (techo eléctrico) CV 540 Chasis Fiat / 3,5 T.			2200	4	D	103	14.10	140	42600
CLIFF	Adventure	Adventure edition RT (techo eléctrico) CV 600 Chasis Fiat / 3,5 T.			2200	4	D	103	14.10	140	43400
CLIFF	Adventure	Adventure edition RT (techo eléctrico) CV 640 Chasis Fiat / 3,5 T.			2200	4	D	103	14.10	140	44900
CLIFF	Adventure	Adventure edition RT CV 540 AD Chasis Citroen / 3,5 T CI (white).			2200	4	D	103	14.10	140	42200
CLIFF	Adventure	Adventure edition RT CV 540 Chasis Fiat / 3,5 T.			2200	4	D	88	14.10	120	35900
CLIFF	Adventure	Adventure edition RT CV 540 Chasis Fiat / 3,5 T.			2200	4	D	103	14.10	140	36600
CLIFF	Adventure	Adventure edition RT CV 540 Chasis Fiat / 3,5 T.			2200	4	D	118	14.10	160	37900
CLIFF	Adventure	Adventure edition RT CV 540 Chasis Fiat / 3,5 T.			2200	4	D	132	14.10	180	39300
CLIFF	Adventure	Adventure edition RT CV 600 AD Chasis Citroen / 3,5 T CI.			2200	4	D	103	14.10	140	42900
CLIFF	Adventure	Adventure edition RT CV 600 Chasis Fiat / 3,5 T.			2200	4	D	88	14.10	120	36600
CLIFF	Adventure	Adventure edition RT CV 600 Chasis Fiat / 3,5 T.			2200	4	D	103	14.10	140	37200
CLIFF	Adventure	Adventure edition RT CV 600 Chasis Fiat / 3,5 T.			2200	4	D	118	14.10	160	38600
CLIFF	Adventure	Adventure edition RT CV 600 Chasis Fiat / 3,5 T.			2200	4	D	132	14.10	180	40000
CLIFF	Adventure	Adventure edition RT CV 601 Chasis Fiat / 3,5 T.			2200	4	D	88	14.10	120	37200
CLIFF	Adventure	Adventure edition RT CV 601 Chasis Fiat / 3,5 T.			2200	4	D	103	14.10	140	37900
CLIFF	Adventure	Adventure edition RT CV 601 Chasis Fiat / 3,5 T.			2200	4	D	118	14.10	160	39300
CLIFF	Adventure	Adventure edition RT CV 601 Chasis Fiat / 3,5 T.			2200	4	D	132	14.10	180	40700
CLIFF	Adventure	Adventure edition RT CV 640 AD Chasis Citroen / 3,5 T CI.			2200	4	D	103	14.10	140	44500
CLIFF	Adventure	Adventure edition RT CV 640 Chasis Fiat / 3,5 T.			2200	4	D	88	14.10	120	37900
CLIFF	Adventure	Adventure edition RT CV 640 Chasis Fiat / 3,5 T.			2200	4	D	103	14.10	140	38600
CLIFF	Adventure	Adventure edition RT CV 640 Chasis Fiat / 3,5 T.			2200	4	D	118	14.10	160	40000
CLIFF	Adventure	Adventure edition RT CV 640 Chasis Fiat / 3,5 T.			2200	4	D	132	14.10	180	41400
CLIFF	CV	CV 540 Chasis Fiat / 3,3 T.			2200	4	D	88	14.10	120	32100
CLIFF	CV	CV 540 Chasis Fiat / 3,3 T.			2200	4	D	103	14.10	140	32700
CLIFF	CV	CV 540 Chasis Fiat / 3,3 T.			2200	4	D	118	14.10	160	34100
CLIFF	CV	CV 540 Chasis Fiat / 3,5 T.			2200	4	D	132	14.10	180	41100
CLIFF	CV	CV 600 Chasis Fiat / 3,3 T.			2200	4	D	88	14.10	120	32700
CLIFF	CV	CV 600 Chasis Fiat / 3,3 T.			2200	4	D	103	14.10	140	33400
CLIFF	CV	CV 600 Chasis Fiat / 3,3 T.			2200	4	D	118	14.10	160	34700
CLIFF	CV	CV 600 Chasis Fiat / 3,5 T.			2200	4	D	132	14.10	180	39200
CLIFF	CV	CV 601 Chasis Fiat / 3,3 T.			2200	4	D	88	14.10	120	33500
CLIFF	CV	CV 601 Chasis Fiat / 3,3 T.			2200	4	D	103	14.10	140	40000
CLIFF	CV	CV 601 Chasis Fiat / 3,3 T.			2200	4	D	118	14.10	160	35600
CLIFF	CV	CV 601 Chasis Fiat / 3,5 T.			2200	4	D	132	14.10	180	42600
CLIFF	CV	CV 640 Chasis Fiat / 3,5 T.			2200	4	D	88	14.10	120	34100
CLIFF	CV	CV 640 Chasis Fiat / 3,5 T.			2200	4	D	103	14.10	140	40300
CLIFF	CV	CV 640 Chasis Fiat / 3,5 T.			2200	4	D	118	14.10	160	36200
CLIFF	CV	CV 640 Chasis Fiat / 3,5 T.			2200	4	D	132	14.10	180	42900
DETHLEFFS	ADVANTAGE	ADVANTAGE A 5881.			2200	4	D	74	14.10	100	51400
DETHLEFFS	ADVANTAGE	ADVANTAGE A 5881.			2300	4	D	96	14.49	130	53000
DETHLEFFS	ADVANTAGE	ADVANTAGE A-5830 FIAT.			2800	4	D	90	16.30	122	50600
DETHLEFFS	ADVANTAGE	ADVANTAGE A-6975.			2402	4	D	103	14.87	140	52200
DETHLEFFS	ADVANTAGE	ADVANTAGE I 6501.			2200	4	D	74	14.10	100	61400
DETHLEFFS	ADVANTAGE	ADVANTAGE I 6501.			2300	4	D	96	14.49	130	63000
DETHLEFFS	ADVANTAGE	ADVANTAGE I-5901 MJ L.			2300	4	D	110	14.49	150	61900
DETHLEFFS	ADVANTAGE	ADVANTAGE I-5901 MJ L.			3000	4	D	132	16.99	180	64000
DETHLEFFS	ADVANTAGE	ADVANTAGE I-5901 MJ L.			2000	4	D	85	13.32	115	59300
DETHLEFFS	ADVANTAGE	ADVANTAGE I-5901 MJ L.			2300	4	D	96	14.49	130	60700
DETHLEFFS	ADVANTAGE	ADVANTAGE I-6601.			2300	4	D	130	14.49	177	68900
DETHLEFFS	ADVANTAGE	ADVANTAGE I-6601.			2300	4	D	109	14.49	148	66800
DETHLEFFS	ADVANTAGE	ADVANTAGE I-6601 MJ L.			2300	4	D	110	14.49	150	63300
DETHLEFFS	ADVANTAGE	ADVANTAGE I-6601 MJ L.			3000	4	D	132	16.99	180	65400
DETHLEFFS	ADVANTAGE	ADVANTAGE I-6601 MJ L.			2000	4	D	85	13.32	115	63300
DETHLEFFS	ADVANTAGE	ADVANTAGE I-6601 MJ L.			2300	4	D	96	14.49	130	65400
DETHLEFFS	ADVANTAGE	ADVANTAGE I-6611.			2300	4	D	118	14.49	160	67300
DETHLEFFS	ADVANTAGE	ADVANTAGE I-6611.			2300	4	D	130	14.49	177	69000
DETHLEFFS	ADVANTAGE	ADVANTAGE I-6611.			2300	4	D	96	14.49	130	66500
DETHLEFFS	ADVANTAGE	ADVANTAGE I-6611.			2300	4	D	109	14.49	148	67000
DETHLEFFS	ADVANTAGE	ADVANTAGE I-6611 HEAVY.			2300	4	D	118	14.49	160	68900
DETHLEFFS	ADVANTAGE	ADVANTAGE I-6611 HEAVY.			2300	4	D	96	14.49	130	68000
DETHLEFFS	ADVANTAGE	ADVANTAGE I-6611 MJ L.			2300	4	D	110	14.49	150	63300
DETHLEFFS	ADVANTAGE	ADVANTAGE I-6611 MJ L.			3000	4	D	132	16.99	180	65400
DETHLEFFS	ADVANTAGE	ADVANTAGE I-6611 MJ L.			2000	4	D	85	13.32	115	63300
DETHLEFFS	ADVANTAGE	ADVANTAGE I-6611 MJ L.			2300	4	D	96	14.49	130	65500
DETHLEFFS	ADVANTAGE	ADVANTAGE I-6651.			2300	4	D	130	14.49	177	69000
DETHLEFFS	ADVANTAGE	ADVANTAGE I-6651.			2300	4	D	96	14.49	130	65500
DETHLEFFS	ADVANTAGE	ADVANTAGE I-6651.			2300	4	D	109	14.49	148	67000
DETHLEFFS	ADVANTAGE	ADVANTAGE I-6671 MJ L.			2000	4	D	85	13.32	115	63300
DETHLEFFS	ADVANTAGE	ADVANTAGE I-7051DBM.			2300	4	D	118	14.49	160	68100
DETHLEFFS	ADVANTAGE	ADVANTAGE I-7051DBM.			2300	4	D	130	14.49	177	69700
DETHLEFFS	ADVANTAGE	ADVANTAGE I-7051DBM.			2300	4	D	96	14.49	130	67200
DETHLEFFS	ADVANTAGE	ADVANTAGE I-7051DBM.			2300	4	D	109	14.49	148	67800
DETHLEFFS	ADVANTAGE	ADVANTAGE I-7051DBM HEAVY.			2300	4	D	118	14.49	160	69500
DETHLEFFS	ADVANTAGE	ADVANTAGE I-7051DBM HEAVY.			2300	4	D	96	14.49	130	68700
DETHLEFFS	ADVANTAGE	ADVANTAGE I-7051DBM MJ L.			2300	4	D	110	14.49	150	64200
DETHLEFFS	ADVANTAGE	ADVANTAGE I-7051DBM MJ L.			3000	4	D	132	16.99	180	66300
DETHLEFFS	ADVANTAGE	ADVANTAGE I-7051DBM MJ L.			2000	4	D	85	13.32	115	61700
DETHLEFFS	ADVANTAGE	ADVANTAGE I-7051DBM MJ L.			2300	4	D	96	14.49	130	66200
DETHLEFFS	ADVANTAGE	ADVANTAGE I-7051DBM MJ MAXI.			2000	4	D	85	13.32	115	64200
DETHLEFFS	ADVANTAGE	ADVANTAGE I-7051EB.			2300	4	D	118	14.49	160	68100
DETHLEFFS	ADVANTAGE	ADVANTAGE I-7051EB.			2300	4	D	130	14.49	177	69700
DETHLEFFS	ADVANTAGE	ADVANTAGE I-7051EB.			2300	4	D	96	14.49	130	67200
DETHLEFFS	ADVANTAGE	ADVANTAGE I-7051EB.			2300	4	D	109	14.49	148	67800
DETHLEFFS	ADVANTAGE	ADVANTAGE I-7051EB HEAVY.			1300	4	D	118	10.29	160	69500
DETHLEFFS	ADVANTAGE	ADVANTAGE I-7051EB HEAVY.			2300	4	D	96	14.49	130	68700
DETHLEFFS	ADVANTAGE	ADVANTAGE I-7051EB MJ L.			2300	4	D	110	14.49	150	64200
DETHLEFFS	ADVANTAGE	ADVANTAGE I-7051EB MJ L.			3000	4	D	132	16.99	180	66300
DETHLEFFS	ADVANTAGE	ADVANTAGE I-7051EB MJ L.			2000	4	D	85	13.32	115	61700
DETHLEFFS	ADVANTAGE	ADVANTAGE I-7051EB MJ L.			2300	4	D	96	14.49	130	66200
DETHLEFFS	ADVANTAGE	ADVANTAGE I-7051EB MJ MAXI.			2000	4	D	85	13.32	115	64200
DETHLEFFS	ADVANTAGE	ADVANTAGE T 5871.			2200	4	D	74	14.10	100	58100
DETHLEFFS	ADVANTAGE	ADVANTAGE T 5871.			2300	4	D	96	14.49	130	59800
DETHLEFFS	ADVANTAGE	ADVANTAGE T 6871.			2200	4	D	74	14.10	100	54400
DETHLEFFS	ADVANTAGE	ADVANTAGE T 6871.			2300	4	D	96	14.49	130	52800
DETHLEFFS	ADVANTAGE	ADVANTAGE T-5901 MJ L.			2300	4	D	110	14.49	150	52900
DETHLEFFS	ADVANTAGE	ADVANTAGE T-5901 MJ L.			3000	4	D	132	16.99	180	54900
DETHLEFFS	ADVANTAGE	ADVANTAGE T-5901 MJ L.			2000	4	D	85	13.32	115	50300
DETHLEFFS	ADVANTAGE	ADVANTAGE T-5901 MJ L.			2300	4	D	96	14.49	130	51600
DETHLEFFS	ADVANTAGE	ADVANTAGE T-6541.	2003		2300	4	D	81	14.49	110	49200
DETHLEFFS	ADVANTAGE	ADVANTAGE T-6601.			2300	4	D	130	14.49	177	59500
DETHLEFFS	ADVANTAGE	ADVANTAGE T-6601.			2300	4	D	109	14.49	148	57600
DETHLEFFS	ADVANTAGE	ADVANTAGE T-6601 MJ L.			2300	4	D	110	14.49	150	54200
DETHLEFFS	ADVANTAGE	ADVANTAGE T-6601 MJ L.			3000	4	D	132	16.99	180	56300
DETHLEFFS	ADVANTAGE	ADVANTAGE T-6601 MJ L.			2000	4	D	85	13.32	115	51700
DETHLEFFS	ADVANTAGE	ADVANTAGE T-6601 MJ L.			2300	4	D	96	14.49	130	55700
DETHLEFFS	ADVANTAGE	ADVANTAGE T-6611.			2300	4	D	118	14.49	160	57600
DETHLEFFS	ADVANTAGE	ADVANTAGE T-6611.			2300	4	D	130	14.49	177	59700
DETHLEFFS	ADVANTAGE	ADVANTAGE T-6611.			2300	4	D	96	14.49	130	56700
DETHLEFFS	ADVANTAGE	ADVANTAGE T-6611.			2300	4	D	109	14.49	148	57800
DETHLEFFS	ADVANTAGE	ADVANTAGE T-6611 MJ L.			2300	4	D	110	14.49	150	54200
DETHLEFFS	ADVANTAGE	ADVANTAGE T-6611 MJ L.			3000	4	D	132	16.99	180	56300
DETHLEFFS	ADVANTAGE	ADVANTAGE T-6611 MJ L.			2000	4	D	85	13.32	115	51700
DETHLEFFS	ADVANTAGE	ADVANTAGE T-6611 MJ L.			2300	4	D	96	14.49	130	55900
DETHLEFFS	ADVANTAGE	ADVANTAGE T-6651.			2300	4	D	130	14.49	177	59300
DETHLEFFS	ADVANTAGE	ADVANTAGE T-6651.			2300	4	D	96	14.49	130	55600
DETHLEFFS	ADVANTAGE	ADVANTAGE T-6651.			2300	4	D	109	14.49	148	57300
DETHLEFFS	ADVANTAGE	ADVANTAGE T-6671 MJ L.			2300	4	D	110	14.49	150	54200
DETHLEFFS	ADVANTAGE	ADVANTAGE T-6671 MJ L.			3000	4	D	132	16.99	180	56300
DETHLEFFS	ADVANTAGE	ADVANTAGE T-6671 MJ L.			2000	4	D	85	13.32	115	51700
DETHLEFFS	ADVANTAGE	ADVANTAGE T-6671 MJ L.			2300	4	D	96	14.49	130	52900
DETHLEFFS	ADVANTAGE	ADVANTAGE T-7051 DBM.			2300	4	D	118	14.49	160	58100
DETHLEFFS	ADVANTAGE	ADVANTAGE T-7051- DBM.			2300	4	D	130	14.49	177	60000
DETHLEFFS	ADVANTAGE	ADVANTAGE T-7051 DBM.			2300	4	D	96	14.49	130	57300
DETHLEFFS	ADVANTAGE	ADVANTAGE T-7051- DBM.			2300	4	D	109	14.49	148	58000
DETHLEFFS	ADVANTAGE	ADVANTAGE T-7051 DBM HEAVY.			2300	4	D	118	14.49	160	59700
DETHLEFFS	ADVANTAGE	ADVANTAGE T-7051 DBM HEAVY.			2300	4	D	96	14.49	130	58700
DETHLEFFS	ADVANTAGE	ADVANTAGE T-7051- DBM MJ L.			2300	4	D	110	14.49	150	55100
DETHLEFFS	ADVANTAGE	ADVANTAGE T-7051- DBM MJ L.			3000	4	D	132	16.99	180	57200
DETHLEFFS	ADVANTAGE	ADVANTAGE T-7051- DBM MJ L.			2000	4	D	85	13.32	115	52600
DETHLEFFS	ADVANTAGE	ADVANTAGE T-7051- DBM MJ L.			2300	4	D	96	14.49	130	56500
DETHLEFFS	ADVANTAGE	ADVANTAGE T-7051- DBM MJ MAXI.			2000	4	D	85	13.32	115	55100
DETHLEFFS	ADVANTAGE	ADVANTAGE T-7051-EB.			2300	4	D	118	14.49	160	58100
DETHLEFFS	ADVANTAGE	ADVANTAGE T-7051-EB.			2300	4	D	130	14.49	177	60000
DETHLEFFS	ADVANTAGE	ADVANTAGE T-7051-EB.			2300	4	D	96	14.49	130	57300
DETHLEFFS	ADVANTAGE	ADVANTAGE T-7051-EB.			2300	4	D	109	14.49	148	58000
DETHLEFFS	ADVANTAGE	ADVANTAGE T-7051-EB HEAVY.			2300	4	D	118	14.49	160	59700
DETHLEFFS	ADVANTAGE	ADVANTAGE T-7051-EB HEAVY.			2300	4	D	96	14.49	130	58700
DETHLEFFS	ADVANTAGE	ADVANTAGE T-7051-EB MJ L.			2300	4	D	110	14.49	150	55100
DETHLEFFS	ADVANTAGE	ADVANTAGE T-7051-EB MJ L.			3000	4	D	132	16.99	180	57200
DETHLEFFS	ADVANTAGE	ADVANTAGE T-7051-EB MJ L.			2000	4	D	85	13.32	115	52600
DETHLEFFS	ADVANTAGE	ADVANTAGE T-7051-EB MJ L.			2300	4	D	96	14.49	130	56500
DETHLEFFS	ADVANTAGE	ADVANTAGE T-7051-EB MJ MAXI.			2000	4	D	85	13.32	115	55100
DETHLEFFS	ALPA	ALPA A 6820 MAXI.			2300	4	D	103	14.49	140	69600
DETHLEFFS	ALPA	ALPA A 6820 MAXI.			2300	4	D	118	14.49	160	71200
DETHLEFFS	ALPA	ALPA A 6820 MAXI.			2300	4	D	132	14.49	180	86100
DETHLEFFS	ALPA	ALPA A 7820 MAXI.			2300	4	D	103	14.49	140	81100
DETHLEFFS	ALPA	ALPA A 7820 MAXI.			2300	4	D	118	14.49	160	82700
DETHLEFFS	ALPA	ALPA A 7820 MAXI.			2300	4	D	132	14.49	180	100600
DETHLEFFS	ALPA	ALPA A 9820 65 C 18.			2300	4	D	132	14.49	180	112600
DETHLEFFS	ALPA	ALPA A 9820 65 C 21.			2300	4	D	132	14.49	180	114300
DETHLEFFS	ALPA	ALPA Capuchina A 6820-2.	2025		2200	4	D	132	14.10	180	121600
DETHLEFFS	ALPA	ALPA Capuchina A 7820-2.	2025		2200	4	D	132	14.10	180	139400
DETHLEFFS	ALPA	ALPA I 6820 MAXI.			2300	4	D	103	14.49	140	81100
DETHLEFFS	ALPA	ALPA I 6820 MAXI.			2300	4	D	118	14.49	160	82700
DETHLEFFS	ALPA	ALPA I 6820 MAXI.			2300	4	D	132	14.49	180	101200
DETHLEFFS	ALPA	ALPA I 7820 MAXI.			2300	4	D	103	14.49	140	92100
DETHLEFFS	ALPA	ALPA I 7820 MAXI.			2300	4	D	132	14.49	180	114200
DETHLEFFS	ALPA	ALPA I 7820 MAXI.			2300	4	D	118	14.49	160	93800
DETHLEFFS	EG/DF	EG/DF 001 FIAT.			1905	4	D	66	12.94	90	40700
DETHLEFFS	EG/DF	EG/DF 002 FIAT.			1905	4	D	81	12.94	110	42300
DETHLEFFS	ESPRIT	ESPRIT COMFORT A- 6820-2.			2300	4	D	109	14.49	148	75900
DETHLEFFS	ESPRIT	ESPRIT COMFORT A- 6820-2 MJ MAXI.			2000	4	D	85	13.32	115	70200
DETHLEFFS	ESPRIT	ESPRIT COMFORT A- 7870-2.			2300	4	D	109	14.49	148	80300
DETHLEFFS	ESPRIT	ESPRIT COMFORT A- 7870-2 MJ MAXI.			2000	4	D	85	13.32	115	74700
DETHLEFFS	ESPRIT	ESPRIT COMFORT A-6820 2.			2300	4	D	109	14.49	148	75900
DETHLEFFS	ESPRIT	ESPRIT COMFORT A-6820 2 MJ MAXI.			2000	4	D	85	13.32	115	70200
DETHLEFFS	ESPRIT	ESPRIT COMFORT A-6820-2.			2300	4	D	110	14.49	150	78500
DETHLEFFS	ESPRIT	ESPRIT COMFORT A-6820-2.			2300	4	D	130	14.49	177	80700
DETHLEFFS	ESPRIT	ESPRIT COMFORT A-6820-2.			2300	4	D	96	14.49	130	77000
DETHLEFFS	ESPRIT	ESPRIT COMFORT A-7870 2.			2300	4	D	109	14.49	148	80300
DETHLEFFS	ESPRIT	ESPRIT COMFORT A-7870 2 MJ MAXI.			2000	4	D	85	13.32	115	74700
DETHLEFFS	ESPRIT	ESPRIT COMFORT A-7870-2.			2300	4	D	110	14.49	150	90900
DETHLEFFS	ESPRIT	ESPRIT COMFORT A-7870-2.			2300	4	D	130	14.49	177	93200
DETHLEFFS	ESPRIT	ESPRIT COMFORT A-7870-2.			2300	4	D	96	14.49	130	89500
DETHLEFFS	ESPRIT	ESPRIT COMFORT I-7010- 2 MJ L.			2300	4	D	110	14.49	150	76000
DETHLEFFS	ESPRIT	ESPRIT COMFORT I-7010- 2 MJ L.			3000	4	D	132	16.99	180	78000
DETHLEFFS	ESPRIT	ESPRIT COMFORT I-7010- 2 MJ L.			2300	4	D	96	14.49	130	74700
DETHLEFFS	ESPRIT	ESPRIT COMFORT I-7010- 2 MJ MAXI.			2000	4	D	85	13.32	115	76100
DETHLEFFS	ESPRIT	ESPRIT COMFORT I-7090- 2 MJ L.			2300	4	D	110	14.49	150	76000
DETHLEFFS	ESPRIT	ESPRIT COMFORT I-7090- 2 MJ L.			3000	4	D	132	16.99	180	78000
DETHLEFFS	ESPRIT	ESPRIT COMFORT I-7090- 2 MJ L.			2300	4	D	96	14.49	130	74700
DETHLEFFS	ESPRIT	ESPRIT COMFORT I-7090- 2 MJ MAXI.			2000	4	D	85	13.32	115	76100
DETHLEFFS	ESPRIT	ESPRIT COMFORT I-7150- 2 DBM MJ L.			2300	4	D	110	14.49	150	77000
DETHLEFFS	ESPRIT	ESPRIT COMFORT I-7150- 2 DBM MJ L.			3000	4	D	132	16.99	180	78900
DETHLEFFS	ESPRIT	ESPRIT COMFORT I-7150- 2 DBM MJ L.			2300	4	D	96	14.49	130	75600
DETHLEFFS	ESPRIT	ESPRIT COMFORT I-7150- 2 DBM MJ MAXI.			2000	4	D	85	13.32	115	77000
DETHLEFFS	ESPRIT	ESPRIT COMFORT I-7150- 2 EB MJ L.			2300	4	D	110	14.49	150	77000
DETHLEFFS	ESPRIT	ESPRIT COMFORT I-7150- 2 EB MJ L.			3000	4	D	132	16.99	180	78900
DETHLEFFS	ESPRIT	ESPRIT COMFORT I-7150- 2 EB MJ L.			2300	4	D	96	14.49	130	75600
DETHLEFFS	ESPRIT	ESPRIT COMFORT I-7150- 2 EB MJ MAXI.			2000	4	D	85	13.32	115	77000
DETHLEFFS	ESPRIT	ESPRIT COMFORT T-7010 2 MJ L.			2300	4	D	110	14.49	150	66100
DETHLEFFS	ESPRIT	ESPRIT COMFORT T-7010 2 MJ L.			3000	4	D	132	16.99	180	68200
DETHLEFFS	ESPRIT	ESPRIT COMFORT T-7010 2 MJ L.			2300	4	D	96	14.49	130	64900
DETHLEFFS	ESPRIT	ESPRIT COMFORT T-7010 2 MJ MAXI.			2000	4	D	85	13.32	115	66200
DETHLEFFS	ESPRIT	ESPRIT COMFORT T-7090 2 MJ L.			2300	4	D	110	14.49	150	66100
DETHLEFFS	ESPRIT	ESPRIT COMFORT T-7090 2 MJ L.			3000	4	D	132	16.99	180	68200
DETHLEFFS	ESPRIT	ESPRIT COMFORT T-7090 2 MJ L.			2300	4	D	96	14.49	130	64900
DETHLEFFS	ESPRIT	ESPRIT COMFORT T-7090 2 MJ MAXI.			2000	4	D	85	13.32	115	66200
DETHLEFFS	ESPRIT	ESPRIT COMFORT T-7150 2 DMB MJ L.			2300	4	D	110	14.49	150	66900
DETHLEFFS	ESPRIT	ESPRIT COMFORT T-7150 2 DMB MJ L.			3000	4	D	132	16.99	180	69100
DETHLEFFS	ESPRIT	ESPRIT COMFORT T-7150 2 DMB MJ L.			2300	4	D	96	14.49	130	65800
DETHLEFFS	ESPRIT	ESPRIT COMFORT T-7150 2 EB MJ L.			2300	4	D	110	14.49	150	66900
DETHLEFFS	ESPRIT	ESPRIT COMFORT T-7150 2 EB MJ L.			3000	4	D	132	16.99	180	69100
DETHLEFFS	ESPRIT	ESPRIT COMFORT T-7150 2 EB MJ L.			2300	4	D	96	14.49	130	65800
DETHLEFFS	ESPRIT	ESPRIT COMFORT T-7150 2 EB MJ MAXI.			2000	4	D	85	13.32	115	67000
DETHLEFFS	ESPRIT	ESPRIT I 6770.			2200	4	D	74	14.10	100	65000
DETHLEFFS	ESPRIT	ESPRIT I 6770.			2300	4	D	96	14.49	130	66600
DETHLEFFS	ESPRIT	ESPRIT I 7150.			2200	4	D	74	14.10	100	66400
DETHLEFFS	ESPRIT	ESPRIT I 7150.			2300	4	D	96	14.49	130	68100
DETHLEFFS	ESPRIT	ESPRIT I 7150 - 2 DBL MAXI.			2300	4	D	103	14.49	140	75500
DETHLEFFS	ESPRIT	ESPRIT I 7150 - 2 DBL MAXI.			2300	4	D	118	14.49	160	77200
DETHLEFFS	ESPRIT	ESPRIT I 7150 - 2 DBL MAXI.			2300	4	D	132	14.49	180	94000
DETHLEFFS	ESPRIT	ESPRIT I 7150 - 2 DBM CV MAXI.			2300	4	D	103	14.49	140	74300
DETHLEFFS	ESPRIT	ESPRIT I 7150 - 2 DBM MAXI.			2300	4	D	132	14.49	180	93300
DETHLEFFS	ESPRIT	ESPRIT I 7150 - 2 DBM MAXI.			2300	4	D	118	14.49	160	75900
DETHLEFFS	ESPRIT	ESPRIT I 7150 - 2 EB MAXI.			2300	4	D	103	14.49	140	74300
DETHLEFFS	ESPRIT	ESPRIT I 7150 - 2 EB MAXI.			2300	4	D	132	14.49	180	93300
DETHLEFFS	ESPRIT	ESPRIT I 7150 - 2 EBL MAXI.			2300	4	D	118	14.49	160	77200
DETHLEFFS	ESPRIT	ESPRIT I 7150 - 2 EBL MAXI.			2300	4	D	103	14.49	140	75500
DETHLEFFS	ESPRIT	ESPRIT I 7150 - 2 EBL MAXI.			2300	4	D	132	14.49	180	94000
DETHLEFFS	ESPRIT	ESPRIT I 7150-2 DBL.	2024		2200	4	D	132	14.10	180	132400
DETHLEFFS	ESPRIT	ESPRIT I 7150-2 DBM.	2024		2200	4	D	132	14.10	180	131500
DETHLEFFS	ESPRIT	ESPRIT I 7150-2 EB.	2024		2200	4	D	132	14.10	180	131400
DETHLEFFS	ESPRIT	ESPRIT I 7150-2 EBL.	2024		2200	4	D	132	14.10	180	132200
DETHLEFFS	ESPRIT	ESPRIT I-6810-2.			2300	4	D	130	14.49	177	84200
DETHLEFFS	ESPRIT	ESPRIT I-6810-2.			2300	4	D	96	14.49	130	80300
DETHLEFFS	ESPRIT	ESPRIT I-6810-2.			2300	4	D	109	14.49	148	81800
DETHLEFFS	ESPRIT	ESPRIT I-7010 MJ L.			2300	4	D	110	14.49	150	71500
DETHLEFFS	ESPRIT	ESPRIT I-7010 MJ L.			3000	4	D	132	16.99	180	73600
DETHLEFFS	ESPRIT	ESPRIT I-7010 MJ L.			2000	4	D	85	13.32	115	69000
DETHLEFFS	ESPRIT	ESPRIT I-7010 MJ L.			2300	4	D	96	14.49	130	70300
DETHLEFFS	ESPRIT	ESPRIT I-7010 MJ MAXI.			2000	4	D	85	13.32	115	72100
DETHLEFFS	ESPRIT	ESPRIT I-7090 MJ L.			2000	4	D	85	13.32	115	69000
DETHLEFFS	ESPRIT	ESPRIT I-7091 MJ L.			2300	4	D	96	14.49	130	70300
DETHLEFFS	ESPRIT	ESPRIT I-7092 MJ L.			2300	4	D	110	14.49	150	71500
DETHLEFFS	ESPRIT	ESPRIT I-7093 MJ L.			3000	4	D	132	16.99	180	73600
DETHLEFFS	ESPRIT	ESPRIT I-7094 MJ MAXI.			2000	4	D	85	13.32	115	72100
DETHLEFFS	ESPRIT	ESPRIT I-7095 MJ MAXI.			2000	4	D	85	13.32	115	72900
DETHLEFFS	ESPRIT	ESPRIT I-7096 MJ MAXI.			2000	4	D	85	13.32	115	75200
DETHLEFFS	ESPRIT	ESPRIT I-7150-2 DBM.			2300	4	D	110	14.49	150	84200
DETHLEFFS	ESPRIT	ESPRIT I-7150-2 DBM.			2300	4	D	130	14.49	177	86300
DETHLEFFS	ESPRIT	ESPRIT I-7150-2 DBM.			2300	4	D	96	14.49	130	82600
DETHLEFFS	ESPRIT	ESPRIT I-7150-2 DBM.			2300	4	D	109	14.49	148	83200
DETHLEFFS	ESPRIT	ESPRIT I-7150-2 DBT.			2300	4	D	110	14.49	150	84200
DETHLEFFS	ESPRIT	ESPRIT I-7150-2 DBT.			2300	4	D	130	14.49	177	86300
DETHLEFFS	ESPRIT	ESPRIT I-7150-2 DBT.			2300	4	D	96	14.49	130	82600
DETHLEFFS	ESPRIT	ESPRIT I-7150-2 DBT.			2300	4	D	109	14.49	148	83200
DETHLEFFS	ESPRIT	ESPRIT I-7150-2 EB.			2300	4	D	110	14.49	150	84200
DETHLEFFS	ESPRIT	ESPRIT I-7150-2 EB.			2300	4	D	130	14.49	177	86300
DETHLEFFS	ESPRIT	ESPRIT I-7150-2 EB.			2300	4	D	96	14.49	130	82600
DETHLEFFS	ESPRIT	ESPRIT I-7150-2 EB.			2300	4	D	109	14.49	148	83200
DETHLEFFS	ESPRIT	ESPRIT I-7150-DBM MJ L.			2300	4	D	110	14.49	150	72400
DETHLEFFS	ESPRIT	ESPRIT I-7150-DBM MJ L.			3000	4	D	132	16.99	180	74500
DETHLEFFS	ESPRIT	ESPRIT I-7150-DBM MJ L.			2000	4	D	85	13.32	115	69800
DETHLEFFS	ESPRIT	ESPRIT I-7150-DBM MJ L.			2300	4	D	96	14.49	130	71100
DETHLEFFS	ESPRIT	ESPRIT I-7150-DBM MJ MAXI.			2000	4	D	85	13.32	115	72500
DETHLEFFS	ESPRIT	ESPRIT I-7150-EB MJ L.			2300	4	D	110	14.49	150	72400
DETHLEFFS	ESPRIT	ESPRIT I-7150-EB MJ L.			3000	4	D	132	16.99	180	74500
DETHLEFFS	ESPRIT	ESPRIT I-7150-EB MJ L.			2000	4	D	85	13.32	115	69800
DETHLEFFS	ESPRIT	ESPRIT I-7150-EB MJ L.			2300	4	D	96	14.49	130	71100
DETHLEFFS	ESPRIT	ESPRIT I-7150-EB MJ MAXI.			2000	4	D	85	13.32	115	72500
DETHLEFFS	ESPRIT	ESPRIT T 6770.			2200	4	D	74	14.10	100	55400
DETHLEFFS	ESPRIT	ESPRIT T 6770.			2300	4	D	96	14.49	130	57000
DETHLEFFS	ESPRIT	ESPRIT T 7150.			2200	4	D	74	14.10	100	56800
DETHLEFFS	ESPRIT	ESPRIT T 7150.			2300	4	D	96	14.49	130	58400
DETHLEFFS	ESPRIT	ESPRIT T-6810-2 Fiat Ducato Light.			2300	4	D	130	14.49	177	74200
DETHLEFFS	ESPRIT	ESPRIT T-6810-2 Fiat Ducato Light.			2300	4	D	96	14.49	130	71800
DETHLEFFS	ESPRIT	ESPRIT T-6810-2 Fiat Ducato Light.			2300	4	D	109	14.49	148	72200
DETHLEFFS	ESPRIT	ESPRIT T-6810-2 Fiat Light.			2300	4	D	110	14.49	150	73300
DETHLEFFS	ESPRIT	ESPRIT T-6810-2 Fiat Light.			2300	4	D	130	14.49	177	75200
DETHLEFFS	ESPRIT	ESPRIT T-6810-2 Fiat Multijet Maxi.			2300	4	D	110	14.49	150	74600
DETHLEFFS	ESPRIT	ESPRIT T-6810-2 Fiat Multijet Maxi.			2300	4	D	130	14.49	177	77000
DETHLEFFS	ESPRIT	ESPRIT T-6810-2 Fiat Multijet Maxi.			2300	4	D	96	14.49	130	73100
DETHLEFFS	ESPRIT	ESPRIT T-6810-2 Fiat Multijet Maxi.			2300	4	D	109	14.49	148	73500
DETHLEFFS	ESPRIT	ESPRIT T-7010 MJ L.			2300	4	D	110	14.49	150	61700
DETHLEFFS	ESPRIT	ESPRIT T-7010 MJ L.			3000	4	D	132	16.99	180	63700
DETHLEFFS	ESPRIT	ESPRIT T-7010 MJ L.			2000	4	D	85	13.32	115	59200
DETHLEFFS	ESPRIT	ESPRIT T-7010 MJ L.			2300	4	D	96	14.49	130	60400
DETHLEFFS	ESPRIT	ESPRIT T-7010 MJ MAXI.			2000	4	D	85	13.32	115	61800
DETHLEFFS	ESPRIT	ESPRIT T-7150-2 DBM Fiat Ducato Light.			2300	4	D	130	14.49	177	76600
DETHLEFFS	ESPRIT	ESPRIT T-7150-2 DBM Fiat Ducato Light.			2300	4	D	96	14.49	130	72100
DETHLEFFS	ESPRIT	ESPRIT T-7150-2 DBM Fiat Ducato Light.			2300	4	D	109	14.49	148	73600
DETHLEFFS	ESPRIT	ESPRIT T-7150-2 DBM Fiat Light.			2300	4	D	110	14.49	150	74600
DETHLEFFS	ESPRIT	ESPRIT T-7150-2 DBM Fiat Light.			2300	4	D	96	14.49	130	73200
DETHLEFFS	ESPRIT	ESPRIT T-7150-2 DBM Fiat Multijet Maxi.			2300	4	D	110	14.49	150	76100
DETHLEFFS	ESPRIT	ESPRIT T-7150-2 DBM Fiat Multijet Maxi.			2300	4	D	130	14.49	177	78300
DETHLEFFS	ESPRIT	ESPRIT T-7150-2 DBM Fiat Multijet Maxi.			2300	4	D	96	14.49	130	74500
DETHLEFFS	ESPRIT	ESPRIT T-7150-2 DBM Fiat Multijet Maxi.			2300	4	D	109	14.49	148	74900
DETHLEFFS	ESPRIT	ESPRIT T-7150-2 DBT Fiat Ducato Light.			2300	4	D	130	14.49	177	75600
DETHLEFFS	ESPRIT	ESPRIT T-7150-2 DBT Fiat Ducato Light.			2300	4	D	96	14.49	130	72100
DETHLEFFS	ESPRIT	ESPRIT T-7150-2 DBT Fiat Ducato Light.			2300	4	D	109	14.49	148	73600
DETHLEFFS	ESPRIT	ESPRIT T-7150-2 DBT Fiat Light.			2300	4	D	110	14.49	150	74600
DETHLEFFS	ESPRIT	ESPRIT T-7150-2 DBT Fiat Light.			2300	4	D	130	14.49	177	76600
DETHLEFFS	ESPRIT	ESPRIT T-7150-2 DBT Fiat Light.			2300	4	D	96	14.49	130	73200
DETHLEFFS	ESPRIT	ESPRIT T-7150-2 DBT Fiat Light.			2300	4	D	109	14.49	148	73600
DETHLEFFS	ESPRIT	ESPRIT T-7150-2 DBT Fiat Multijet Maxi.			2300	4	D	110	14.49	150	76100
DETHLEFFS	ESPRIT	ESPRIT T-7150-2 DBT Fiat Multijet Maxi.			2300	4	D	130	14.49	177	78300
DETHLEFFS	ESPRIT	ESPRIT T-7150-2 DBT Fiat Multijet Maxi.			2300	4	D	96	14.49	130	74500
DETHLEFFS	ESPRIT	ESPRIT T-7150-2 DBT Fiat Multijet Maxi.			2300	4	D	109	14.49	148	74900
DETHLEFFS	ESPRIT	ESPRIT T-7150-2 EB Fiat Ducato Light.			2300	4	D	130	14.49	177	75600
DETHLEFFS	ESPRIT	ESPRIT T-7150-2 EB Fiat Ducato Light.			2300	4	D	96	14.49	130	72100
DETHLEFFS	ESPRIT	ESPRIT T-7150-2 EB Fiat Ducato Light.			2300	4	D	109	14.49	148	73600
DETHLEFFS	ESPRIT	ESPRIT T-7150-2 EB Fiat Light.			2300	4	D	130	14.49	177	76600
DETHLEFFS	ESPRIT	ESPRIT T-7150-2 EB Fiat Light.			2300	4	D	96	14.49	130	73200
DETHLEFFS	ESPRIT	ESPRIT T-7150-2 EB Fiat Multijet Light.			2300	4	D	110	14.49	150	74600
DETHLEFFS	ESPRIT	ESPRIT T-7150-2 EB Fiat Multijet Maxi.			2300	4	D	110	14.49	150	76100
DETHLEFFS	ESPRIT	ESPRIT T-7150-2 EB Fiat Multijet Maxi.			2300	4	D	130	14.49	177	78300
DETHLEFFS	ESPRIT	ESPRIT T-7150-2 EB Fiat Multijet Maxi.			2300	4	D	96	14.49	130	74500
DETHLEFFS	ESPRIT	ESPRIT T-7150-2 EB Fiat Multijet Maxi.			2300	4	D	109	14.49	148	74900
DETHLEFFS	ESPRIT	ESPRIT T-7150DMB MJ L.			2300	4	D	110	14.49	150	62500
DETHLEFFS	ESPRIT	ESPRIT T-7150DMB MJ L.			3000	4	D	132	16.99	180	64700
DETHLEFFS	ESPRIT	ESPRIT T-7150DMB MJ L.			2000	4	D	85	13.32	115	60000
DETHLEFFS	ESPRIT	ESPRIT T-7150DMB MJ L.			2300	4	D	96	14.49	130	61300
DETHLEFFS	ESPRIT	ESPRIT T-7150EB MJ L.			2300	4	D	110	14.49	150	62500
DETHLEFFS	ESPRIT	ESPRIT T-7150EB MJ L.			3000	4	D	132	16.99	180	64700
DETHLEFFS	ESPRIT	ESPRIT T-7150EB MJ L.			2000	4	D	85	13.32	115	60000
DETHLEFFS	ESPRIT	ESPRIT T-7150EB MJ L.			2300	4	D	96	14.49	130	61300
DETHLEFFS	ESPRIT	ESPRIT T-7150EB MJ MAXI.			2000	4	D	85	13.32	115	62600
DETHLEFFS	ESPRITI	ESPRITI 7150 - 2 EB MAXI.			2300	4	D	118	14.49	160	81900
DETHLEFFS	GLOBE	GLOBE 4 T 5881-4.			2200	4	D	74	14.10	100	52400
DETHLEFFS	GLOBE	GLOBE 4 T 5881-4.			2300	4	D	96	14.49	130	54000
DETHLEFFS	GLOBE	GLOBE 4 T 6401-4.			2200	4	D	74	14.10	100	53200
DETHLEFFS	GLOBE	GLOBE 4 T 6401-4.			2300	4	D	96	14.49	130	53600
DETHLEFFS	GLOBE	GLOBE 4 T 6671-4.			2200	4	D	74	14.10	100	55700
DETHLEFFS	GLOBE	GLOBE 4 T 6671-4.			2300	4	D	96	14.49	130	57300
DETHLEFFS	GLOBE	GLOBE 4 T 7151-4.			2200	4	D	74	14.10	100	55700
DETHLEFFS	GLOBE	GLOBE 4 T 7151-4.			2300	4	D	96	14.49	130	57300
DETHLEFFS	GLOBE	GLOBE 4 T-6801 MJ L.			2300	4	D	110	14.49	150	59500
DETHLEFFS	GLOBE	GLOBE 4 T-6801 MJ L.			3000	4	D	132	16.99	180	61500
DETHLEFFS	GLOBE	GLOBE 4 T-6801 MJ L.			2000	4	D	85	13.32	115	57000
DETHLEFFS	GLOBE	GLOBE 4 T-6801 MJ L.			2300	4	D	96	14.49	130	58200
DETHLEFFS	GLOBE	GLOBE 4 T-6801 MJ MAXI.			2000	4	D	85	13.32	115	59600
DETHLEFFS	GLOBE	GLOBE 4 T-6911 MJ L.			2300	4	D	110	14.49	150	59500
DETHLEFFS	GLOBE	GLOBE 4 T-6911 MJ L.			3000	4	D	132	16.99	180	61500
DETHLEFFS	GLOBE	GLOBE 4 T-6911 MJ L.			2000	4	D	85	13.32	115	57000
DETHLEFFS	GLOBE	GLOBE 4 T-6911 MJ L.			2300	4	D	96	14.49	130	58200
DETHLEFFS	GLOBE	GLOBE 4 T-6911 MJ MAXI.			2000	4	D	85	13.32	115	59600
DETHLEFFS	GLOBE	GLOBE 4 T-6911DB MJ L.			2300	4	D	110	14.49	150	59500
DETHLEFFS	GLOBE	GLOBE 4 T-6911DB MJ L.			3000	4	D	132	16.99	180	61500
DETHLEFFS	GLOBE	GLOBE 4 T-6911DB MJ L.			2000	4	D	85	13.32	115	57000
DETHLEFFS	GLOBE	GLOBE 4 T-6911DB MJ L.			2300	4	D	96	14.49	130	58200
DETHLEFFS	GLOBE	GLOBE 4 T-6911DB MJ MAXI.			2000	4	D	85	13.32	115	59600
DETHLEFFS	GLOBE	GLOBE 4 T-7151 MJ L.			2300	4	D	110	14.49	150	61300
DETHLEFFS	GLOBE	GLOBE 4 T-7151 MJ L.			3000	4	D	132	16.99	180	63400
DETHLEFFS	GLOBE	GLOBE 4 T-7151 MJ L.			2000	4	D	85	13.32	115	58900
DETHLEFFS	GLOBE	GLOBE 4 T-7151 MJ L.			2300	4	D	96	14.49	130	60100
DETHLEFFS	GLOBE	GLOBE 4 T-7151 MJ MAXI.			2000	4	D	85	13.32	115	61400
DETHLEFFS	GLOBE	GLOBE 4 T-7151EB MJ L.			2300	4	D	110	14.49	150	61300
DETHLEFFS	GLOBE	GLOBE 4 T-7151EB MJ L.			3000	4	D	132	16.99	180	63400
DETHLEFFS	GLOBE	GLOBE 4 T-7151EB MJ L.			2000	4	D	85	13.32	115	58900
DETHLEFFS	GLOBE	GLOBE 4 T-7151EB MJ L.			2300	4	D	96	14.49	130	60100
DETHLEFFS	GLOBE	GLOBE 4 T-7151EB MJ MAXI.			2000	4	D	85	13.32	115	61400
DETHLEFFS	GLOBEBUS	GLOBEBUS ACTIVE INTEGRAL I-1.	2025		2200	4	D	103	14.10	140	80700
DETHLEFFS	GLOBEBUS	GLOBEBUS ACTIVE INTEGRAL I-4.	2025		2200	4	D	103	14.10	140	79400
DETHLEFFS	GLOBEBUS	GLOBEBUS ACTIVE INTEGRAL I-6.	2025		2200	4	D	103	14.10	140	80600
DETHLEFFS	GLOBEBUS	GLOBEBUS CAMP ACTIVE T-1.	2025		2200	4	D	103	14.10	140	69200
DETHLEFFS	GLOBEBUS	GLOBEBUS CAMP ACTIVE T-4.	2025		2200	4	D	103	14.10	140	71400
DETHLEFFS	Globebus	Globebus Camp T T-1 Fiat Multijet light 2.3 JTD.			2300	4	D	103	14.49	140	45500
DETHLEFFS	Globebus	Globebus Camp T T-4 Fiat Multijet light 2.3 JTD.			2300	4	D	103	14.49	140	46300
DETHLEFFS	GLOBEBUS	GLOBEBUS CAMP T-1.	2025		2200	4	D	103	14.10	140	58400
DETHLEFFS	GLOBEBUS	GLOBEBUS CAMP T-4.	2025		2200	4	D	103	14.10	140	59500
DETHLEFFS	GLOBEBUS	GLOBEBUS GO T-15 PERFILADA.	2024		2000	4	D	96	13.32	130	60800
DETHLEFFS	Globebus	Globebus Go T45 Ford Transit TDG.			2000	4	D	121	13.32	165	45400
DETHLEFFS	GLOBEBUS	GLOBEBUS GO T-45 PERFILADA.	2024		2000	4	D	96	13.32	130	61600
DETHLEFFS	GLOBEBUS	GLOBEBUS I1.			2200	4	D	74	14.10	100	54700
DETHLEFFS	GLOBEBUS	GLOBEBUS I-1.			2300	4	D	110	14.49	150	62200
DETHLEFFS	GLOBEBUS	GLOBEBUS I-1.			2300	4	D	130	14.49	177	64200
DETHLEFFS	GLOBEBUS	GLOBEBUS I-1.			2300	4	D	96	14.49	130	60700
DETHLEFFS	GLOBEBUS	GLOBEBUS I-1.			2300	4	D	109	14.49	148	60800
DETHLEFFS	Globebus	Globebus I-1 Fiat Multijet light 2.3 JTD Automático.			2300	4	D	103	14.49	140	55600
DETHLEFFS	GLOBEBUS	GLOBEBUS I-1 Fiat Multijet light JTD.			2300	4	D	88	14.49	120	50500
DETHLEFFS	GLOBEBUS	GLOBEBUS I-1 Fiat Multijet light JTD.			2300	4	D	103	14.49	140	58700
DETHLEFFS	GLOBEBUS	GLOBEBUS I-1 Fiat Multijet light JTD.			2300	4	D	118	14.49	160	51700
DETHLEFFS	Globebus	Globebus I-1 Fiat Multijet light JTD Automático.			2300	4	D	103	14.49	140	61200
DETHLEFFS	GLOBEBUS	GLOBEBUS I-1 MJ L.			2300	4	D	110	14.49	150	58100
DETHLEFFS	GLOBEBUS	GLOBEBUS I-1 MJ L.			3000	4	D	132	16.99	180	60300
DETHLEFFS	GLOBEBUS	GLOBEBUS I-1 MJ L.			2000	4	D	85	13.32	115	55600
DETHLEFFS	GLOBEBUS	GLOBEBUS I-1 MJ L.			2300	4	D	96	14.49	130	59200
DETHLEFFS	GLOBEBUS	GLOBEBUS I-11 MJ L.			2300	4	D	110	14.49	150	60300
DETHLEFFS	GLOBEBUS	GLOBEBUS I-11 MJ L.			3000	4	D	132	16.99	180	62300
DETHLEFFS	GLOBEBUS	GLOBEBUS I-11 MJ L.			2000	4	D	85	13.32	115	57800
DETHLEFFS	GLOBEBUS	GLOBEBUS I-11 MJ L.			2300	4	D	96	14.49	130	59000
DETHLEFFS	GLOBEBUS	GLOBEBUS I15.			2200	4	D	74	14.10	100	57500
DETHLEFFS	GLOBEBUS	GLOBEBUS I15.			2300	4	D	96	14.49	130	59100
DETHLEFFS	GLOBEBUS	GLOBEBUS I2.			2200	4	D	74	14.10	100	55100
DETHLEFFS	GLOBEBUS	GLOBEBUS I2.			2300	4	D	96	14.49	130	56900
DETHLEFFS	GLOBEBUS	GLOBEBUS I-2 MJ L.			2300	4	D	110	14.49	150	58300
DETHLEFFS	GLOBEBUS	GLOBEBUS I-2 MJ L.			3000	4	D	132	16.99	180	60400
DETHLEFFS	GLOBEBUS	GLOBEBUS I-2 MJ L.			2000	4	D	85	13.32	115	55800
DETHLEFFS	GLOBEBUS	GLOBEBUS I-2 MJ L.			2300	4	D	96	14.49	130	57000
DETHLEFFS	Globebus	Globebus I-4 Fiat Multijet light 2.3 JTD.			2300	4	D	103	14.49	140	56100
DETHLEFFS	Globebus	Globebus I-4 Fiat Multijet light 2.3 JTD Automático.			2300	4	D	103	14.49	140	58600
DETHLEFFS	Globebus	Globebus I-4 Fiat Multijet light 2.3 JTD Automático.			2300	4	D	103	14.49	140	60500
DETHLEFFS	GLOBEBUS	GLOBEBUS I-4 Fiat Multijet light JTD.			2300	4	D	103	14.49	140	56200
DETHLEFFS	GLOBEBUS	GLOBEBUS I-4 Fiat Multijet light JTD Automático.			2300	4	D	103	14.49	140	58700
DETHLEFFS	GLOBEBUS	GLOBEBUS I-4 Fiat Multijet light JTD Automático.			2300	4	D	132	14.49	180	60700
DETHLEFFS	GLOBEBUS	GLOBEBUS I-4 MJ L.			2300	4	D	110	14.49	150	60100
DETHLEFFS	GLOBEBUS	GLOBEBUS I-4 MJ L.			3000	4	D	132	16.99	180	62200
DETHLEFFS	GLOBEBUS	GLOBEBUS I-4 MJ L.			2000	4	D	85	13.32	115	57600
DETHLEFFS	GLOBEBUS	GLOBEBUS I-4 MJ L.			2300	4	D	96	14.49	130	58900
DETHLEFFS	GLOBEBUS	GLOBEBUS I-4 MJ MAXI.			2000	4	D	85	13.32	115	60100
DETHLEFFS	GLOBEBUS	GLOBEBUS I-4 MJ MAXI.			2300	4	D	96	14.49	130	61400
DETHLEFFS	GLOBEBUS	GLOBEBUS I5.			2200	4	D	74	14.10	100	57000
DETHLEFFS	GLOBEBUS	GLOBEBUS I5.			2300	4	D	96	14.49	130	58600
DETHLEFFS	GLOBEBUS	GLOBEBUS I-6.			2300	4	D	130	14.49	177	66500
DETHLEFFS	GLOBEBUS	GLOBEBUS I-6.			2300	4	D	96	14.49	130	63000
DETHLEFFS	GLOBEBUS	GLOBEBUS I-6.			2300	4	D	109	14.49	148	64600
DETHLEFFS	Globebus	Globebus I-6 Fiat Multijet light 2.3 JTD.			2300	4	D	103	14.49	140	56100
DETHLEFFS	Globebus	Globebus I-6 Fiat Multijet light 2.3 JTD Automático.			2300	4	D	103	14.49	140	58600
DETHLEFFS	Globebus	Globebus I-6 Fiat Multijet light 2.3 JTD Automático.			2300	4	D	103	14.49	140	60500
DETHLEFFS	GLOBEBUS	GLOBEBUS I-6 Fiat Multijet light JTD.			2300	4	D	88	14.49	120	60700
DETHLEFFS	GLOBEBUS	GLOBEBUS I-6 Fiat Multijet light JTD.			2300	4	D	103	14.49	140	53200
DETHLEFFS	GLOBEBUS	GLOBEBUS I-6 Fiat Multijet light JTD.			2300	4	D	118	14.49	160	54300
DETHLEFFS	GLOBEBUS	GLOBEBUS I-6 Fiat Multijet light JTD Automático.			2300	4	D	103	14.49	140	58700
DETHLEFFS	Globebus	Globebus I-6 Fiat Multijet light JTD Automático.			2300	4	D	103	14.49	140	63100
DETHLEFFS	GLOBEBUS	GLOBEBUS I-6 Fiat Multijet light JTD Automático.			2300	4	D	132	14.49	180	60700
DETHLEFFS	Globebus	Globebus I-6 Fiat Multijet light JTD Automático.			2300	4	D	132	14.49	180	65000
DETHLEFFS	GLOBEBUS	GLOBEBUS I-6 MULTIJET MAXI.			2300	4	D	110	14.49	150	65900
DETHLEFFS	GLOBEBUS	GLOBEBUS I-6 MULTIJET MAXI.			2300	4	D	130	14.49	177	68100
DETHLEFFS	GLOBEBUS	GLOBEBUS I-6 MULTIJET MAXI.			2300	4	D	96	14.49	130	64300
DETHLEFFS	GLOBEBUS	GLOBEBUS I-7.			2300	4	D	130	14.49	177	68300
DETHLEFFS	GLOBEBUS	GLOBEBUS I-7.			2300	4	D	96	14.49	130	64900
DETHLEFFS	GLOBEBUS	GLOBEBUS I-7.			2300	4	D	109	14.49	148	66400
DETHLEFFS	GLOBEBUS	GLOBEBUS I-7 MULTIJET MAXI.			2300	4	D	110	14.49	150	67800
DETHLEFFS	GLOBEBUS	GLOBEBUS I-7 MULTIJET MAXI.			2300	4	D	130	14.49	177	70000
DETHLEFFS	GLOBEBUS	GLOBEBUS I-7 MULTIJET MAXI.			2300	4	D	96	14.49	130	66100
DETHLEFFS	GLOBEBUS	GLOBEBUS I-8 MJ L.			2300	4	D	110	14.49	150	62500
DETHLEFFS	GLOBEBUS	GLOBEBUS I-8 MJ L.			3000	4	D	132	16.99	180	64700
DETHLEFFS	GLOBEBUS	GLOBEBUS I-8 MJ L.			2000	4	D	85	13.32	115	60100
DETHLEFFS	GLOBEBUS	GLOBEBUS I-8 MJ L.			2300	4	D	96	14.49	130	61300
DETHLEFFS	GLOBEBUS	GLOBEBUS I-8 MJ MAXI.			2000	4	D	85	13.32	115	62600
DETHLEFFS	GLOBEBUS	GLOBEBUS INTEGRAL I-1.	2025		2200	4	D	103	14.10	140	72900
DETHLEFFS	GLOBEBUS	GLOBEBUS INTEGRAL I-4.	2025		2200	4	D	103	14.10	140	73300
DETHLEFFS	GLOBEBUS	GLOBEBUS INTEGRAL I-6.	2025		2200	4	D	103	14.10	140	73500
DETHLEFFS	Globebus	Globebus Performance T46 Crafter Tdi automático 8 velocidades.			2000	4	D	120	13.32	163	83400
DETHLEFFS	GLOBEBUS	GLOBEBUS T -1.			2300	4	D	130	14.49	177	53500
DETHLEFFS	GLOBEBUS	GLOBEBUS T -1.			2300	4	D	109	14.49	148	51500
DETHLEFFS	GLOBEBUS	GLOBEBUS T -1 MJ L.			2300	4	D	110	14.49	150	49500
DETHLEFFS	GLOBEBUS	GLOBEBUS T -1 MJ L.			3000	4	D	132	16.99	180	51600
DETHLEFFS	GLOBEBUS	GLOBEBUS T -1 MJ L.			2000	4	D	85	13.32	115	46900
DETHLEFFS	GLOBEBUS	GLOBEBUS T -1 MJ L.			2300	4	D	96	14.49	130	49700
DETHLEFFS	GLOBEBUS	GLOBEBUS T1.			2200	4	D	74	14.10	100	45800
DETHLEFFS	GLOBEBUS	GLOBEBUS T1.			2300	4	D	96	14.49	130	47500
DETHLEFFS	GLOBEBUS	GLOBEBUS T-1 Fiat Multijet light JTD.			2300	4	D	88	14.49	120	42500
DETHLEFFS	GLOBEBUS	GLOBEBUS T-1 Fiat Multijet light JTD.			2300	4	D	103	14.49	140	42500
DETHLEFFS	GLOBEBUS	GLOBEBUS T-1 Fiat Multijet light JTD.			2300	4	D	118	14.49	160	43800
DETHLEFFS	GLOBEBUS	GLOBEBUS T-11 MJ L.			2300	4	D	110	14.49	150	51100
DETHLEFFS	GLOBEBUS	GLOBEBUS T-11 MJ L.			3000	4	D	132	16.99	180	53200
DETHLEFFS	GLOBEBUS	GLOBEBUS T-11 MJ L.			2000	4	D	85	13.32	115	48700
DETHLEFFS	GLOBEBUS	GLOBEBUS T-11 MJ L.			2300	4	D	96	14.49	130	49900
DETHLEFFS	GLOBEBUS	GLOBEBUS T15.			2200	4	D	74	14.10	100	48000
DETHLEFFS	GLOBEBUS	GLOBEBUS T15.			2300	4	D	96	14.49	130	49600
DETHLEFFS	GLOBEBUS	GLOBEBUS T15 Ford Transit TDG.			2300	4	D	96	14.49	130	45700
DETHLEFFS	GLOBEBUS	GLOBEBUS T-15 MJ L.			2300	4	D	110	14.49	150	51100
DETHLEFFS	GLOBEBUS	GLOBEBUS T-15 MJ L.			3000	4	D	132	16.99	180	53200
DETHLEFFS	GLOBEBUS	GLOBEBUS T-15 MJ L.			2000	4	D	85	13.32	115	48700
DETHLEFFS	GLOBEBUS	GLOBEBUS T-15 MJ L.			2300	4	D	96	14.49	130	49900
DETHLEFFS	GLOBEBUS	GLOBEBUS T2.			2200	4	D	74	14.10	100	46200
DETHLEFFS	GLOBEBUS	GLOBEBUS T2.			2300	4	D	96	14.49	130	48000
DETHLEFFS	GLOBEBUS	GLOBEBUS T-2 MJ L.			2300	4	D	110	14.49	150	49700
DETHLEFFS	GLOBEBUS	GLOBEBUS T-2 MJ L.			3000	4	D	132	16.99	180	51800
DETHLEFFS	GLOBEBUS	GLOBEBUS T-2 MJ L.			2000	4	D	85	13.32	115	47300
DETHLEFFS	GLOBEBUS	GLOBEBUS T-2 MJ L.			2300	4	D	96	14.49	130	48500
DETHLEFFS	GLOBEBUS	GLOBEBUS T-4 Fiat Multijet light JTD.			2300	4	D	103	14.49	140	45700
DETHLEFFS	GLOBEBUS	GLOBEBUS T-4 MJ L.			2300	4	D	110	14.49	150	51800
DETHLEFFS	GLOBEBUS	GLOBEBUS T-4 MJ L.			3000	4	D	132	16.99	180	53800
DETHLEFFS	GLOBEBUS	GLOBEBUS T-4 MJ L.			2000	4	D	85	13.32	115	49300
DETHLEFFS	GLOBEBUS	GLOBEBUS T-4 MJ L.			2300	4	D	96	14.49	130	47700
DETHLEFFS	GLOBEBUS	GLOBEBUS T45 Ford Transit TDG.			2300	4	D	96	14.49	130	46800
DETHLEFFS	GLOBEBUS	GLOBEBUS T-6.			2300	4	D	110	14.49	150	56400
DETHLEFFS	GLOBEBUS	GLOBEBUS T-6.			2300	4	D	130	14.49	177	58300
DETHLEFFS	GLOBEBUS	GLOBEBUS T-6.			2300	4	D	96	14.49	130	54500
DETHLEFFS	GLOBEBUS	GLOBEBUS T-6.			2300	4	D	109	14.49	148	55000
DETHLEFFS	GLOBEBUS	GLOBEBUS T-6 Fiat Multijet light JTD.			2300	4	D	88	14.49	120	44900
DETHLEFFS	GLOBEBUS	GLOBEBUS T-6 Fiat Multijet light JTD.			2300	4	D	103	14.49	140	44900
DETHLEFFS	GLOBEBUS	GLOBEBUS T-6 Fiat Multijet light JTD.			2300	4	D	118	14.49	160	46000
DETHLEFFS	GLOBEBUS	GLOBEBUS T-7.			2300	4	D	110	14.49	150	58100
DETHLEFFS	GLOBEBUS	GLOBEBUS T-7.			2300	4	D	130	14.49	177	60100
DETHLEFFS	GLOBEBUS	GLOBEBUS T-7.			2300	4	D	96	14.49	130	56300
DETHLEFFS	GLOBEBUS	GLOBEBUS T-7.			2300	4	D	109	14.49	148	56800
DETHLEFFS	GLOBEBUS	GLOBEBUS T-8 MJ L.			2300	4	D	110	14.49	150	53400
DETHLEFFS	GLOBEBUS	GLOBEBUS T-8 MJ L.			3000	4	D	132	16.99	180	55400
DETHLEFFS	GLOBEBUS	GLOBEBUS T-8 MJ L.			2000	4	D	85	13.32	115	50800
DETHLEFFS	GLOBEBUS	GLOBEBUS T-8 MJ L.			2300	4	D	96	14.49	130	52100
DETHLEFFS	GLOBECAR	GLOBECAR KW.			2198	4	D	88	14.10	120	42700
DETHLEFFS	GLOBETRAIL	GLOBETRAIL 600 SPE.	2024		2200	4	D	103	14.10	140	48900
DETHLEFFS	GLOBETROTER	GLOBETROTER PEUGEOT.			2482	4	D	96	15.16	130	36200
DETHLEFFS	GLOBETROTTER.	GLOBETROTTER.			2800	4	D	94	16.30	128	58100
DETHLEFFS	GLOBETROTTER	GLOBETROTTER A582.	1997		2500	4	D	85	15.23	116	39900
DETHLEFFS	GLOBETROTTER	GLOBETROTTER BUS II.	2004		2800	4	D	94	16.29	127	67200
DETHLEFFS	GLOBETROTTER	GLOBETROTTER PREMIUN CLASS T6406.	2003		2800	4	D	94	16.29	127	68500
DETHLEFFS	GLOBETROTTER	GLOBETROTTER SPRIT.	2002		2800	4	D	94	16.29	127	65100
DETHLEFFS	GLOBETROTTER	GLOBETROTTER VD.			1971	4	D	53	13.20	72	33700
DETHLEFFS	GLOBETROTTER	GLOBETROTTER XL I 7850 - 2 DBM Fiat Multijet light Maxi.			2300	4	D	103	14.49	140	101300
DETHLEFFS	GLOBETROTTER	GLOBETROTTER XL I 7850 - 2 DBM Fiat Multijet light Maxi.			2300	4	D	118	14.49	160	103000
DETHLEFFS	GLOBETROTTER	GLOBETROTTER XL I 7850 - 2 DBM Fiat Multijet light Maxi.			2300	4	D	132	14.49	180	104200
DETHLEFFS	GLOBETROTTER	GLOBETROTTER XL I 7850 - 2 EB Fiat Multijet light Maxi.			2300	4	D	103	14.49	140	101300
DETHLEFFS	GLOBETROTTER	GLOBETROTTER XL I 7850 - 2 EB Fiat Multijet light Maxi.			2300	4	D	118	14.49	160	103000
DETHLEFFS	GLOBETROTTER	GLOBETROTTER XL I 7850 - 2 EB Fiat Multijet light Maxi.			2300	4	D	132	14.49	180	104200
DETHLEFFS	GLOBETROTTER	GLOBETROTTER XL I 7850-2.			2300	4	D	110	14.49	150	101100
DETHLEFFS	GLOBETROTTER	GLOBETROTTER XL I 7850-2.			2300	4	D	130	14.49	177	103400
DETHLEFFS	GLOBETROTTER	GLOBETROTTER XL I 7850-2.			2300	4	D	96	14.49	130	99600
DETHLEFFS	GLOBETROTTER	GLOBETROTTER XL I 7850-2 EB.			2300	4	D	110	14.49	150	101100
DETHLEFFS	GLOBETROTTER	GLOBETROTTER XL I 7850-2 EB.			2300	4	D	130	14.49	177	103400
DETHLEFFS	GLOBETROTTER	GLOBETROTTER XL I 7850-2 EB.			2300	4	D	96	14.49	130	99600
DETHLEFFS	GLOBETROTTER	GLOBETROTTER XL INTEGRAL I 7850 - 2 DBM.	2025		2200	4	D	132	14.10	180	157500
DETHLEFFS	GLOBETROTTER	GLOBETROTTER XL INTEGRAL I 7850 - 2 EB.	2025		2200	4	D	132	14.10	180	157800
DETHLEFFS	GLOBETROTTER	GLOBETROTTER XXL A 9000 - 2 65 C 21 heavy Duty.			2300	4	D	154	14.49	210	122400
DETHLEFFS	GLOBETROTTER	GLOBETROTTER XXL A 9000 - 2 65 C8 heavy Duty.			2300	4	D	132	14.49	180	120600
DETHLEFFS	GLOBETROTTER	GLOBETROTTER XXL A 9000-2 EB.	2025		3000	4	D	154	16.99	209	200800
DETHLEFFS	GLOBETROTTER	GLOBETROTTER XXL A 9050 - 2 65 C 21 heavy Duty.			2300	4	D	154	14.49	210	122400
DETHLEFFS	GLOBETROTTER	GLOBETROTTER XXL A 9050 - 2 65 C8 heavy Duty.			2300	4	D	132	14.49	180	120600
DETHLEFFS	JUST	JUST A 7872 XLA Family - 2025 Fiat Multijet Maxi Automático.			2300	4	D	132	14.49	180	83500
DETHLEFFS	Just	Just Camp Active T 6812 EB.	2025		2200	4	D	103	14.10	140	69600
DETHLEFFS	Just	Just Camp Active T 6812 EB.	2025		2200	4	D	132	14.10	180	72300
DETHLEFFS	Just	Just Camp Active T 7052 DBL.	2025		2200	4	D	103	14.10	140	72700
DETHLEFFS	Just	Just Camp Active T 7052 DBL.	2025		2200	4	D	132	14.10	180	75500
DETHLEFFS	Just	Just Camp Active T 7052 DBM.	2025		2200	4	D	103	14.10	140	71900
DETHLEFFS	Just	Just Camp Active T 7052 DBM.	2025		2200	4	D	132	14.10	180	74600
DETHLEFFS	Just	Just Camp Active T 7052 EB.	2025		2200	4	D	103	14.10	140	71900
DETHLEFFS	Just	Just Camp Active T 7052 EB.	2025		2200	4	D	132	14.10	180	74600
DETHLEFFS	Just	Just Camp Active T 7052 EBL.	2025		2200	4	D	103	14.10	140	72700
DETHLEFFS	Just	Just Camp Active T 7052 EBL.	2025		2200	4	D	132	14.10	180	75500
DETHLEFFS	Just	Just CAMP CAPUCHINA A 7812 XLI Family Fiat Multijet Maxi Automático.			2300	4	D	132	14.49	180	99400
DETHLEFFS	Just	Just CAMP CAPUCHINA A 7872 XLA Family - 2025 Fiat Multijet Maxi Automático.			2300	4	D	132	14.49	180	81700
DETHLEFFS	Just	Just CAMP PERFILADAS T 6752 DBL Citroen Jumpy 2.2 l Light140 CV.			2200	4	D	103	14.10	140	44900
DETHLEFFS	Just	Just CAMP PERFILADAS T 6762 Citroen Jumpy 2.2 l Light.			2200	4	D	103	14.10	140	44300
DETHLEFFS	Just	Just CAMP PERFILADAS T 6812 EB Active Citroen Jumpy 2.2 l Light.			2200	4	D	103	14.10	140	45000
DETHLEFFS	Just	Just CAMP PERFILADAS T 7052 DBL Active Citroen Jumpy 2.2 l Light.			2200	4	D	103	14.10	140	46900
DETHLEFFS	Just	Just CAMP PERFILADAS T 7052 DBM Citroen Jumpy 2.2 l Light.			2200	4	D	103	14.10	140	46200
DETHLEFFS	Just	Just CAMP PERFILADAS T 7052 E Active Citroen Jumpy 2.2 l Light.			2200	4	D	103	14.10	140	46200
DETHLEFFS	Just	Just CAMP PERFILADAS T 7052 EBL Active Citroen Jumpy 2.2 l Light.			2200	4	D	103	14.10	140	46900
DETHLEFFS	Just	Just Camp T 6752 DBL.	2024		2200	4	D	103	14.10	140	72100
DETHLEFFS	Just	Just Camp T 6752 DBL.	2024		2200	4	D	132	14.10	180	74900
DETHLEFFS	Just	Just Camp T 6762.	2024		2200	4	D	103	14.10	140	72400
DETHLEFFS	Just	Just Camp T 6762.	2024		2200	4	D	132	14.10	180	75100
DETHLEFFS	JUST	JUST CAMP T 7052 EBL.	2025		2300	4	D	103	14.49	140	55900
DETHLEFFS	Just	Just Go Perfilada T 6615 EB.	2024		2000	4	D	96	13.32	130	68900
DETHLEFFS	Just	Just Go Perfilada T 6615 EB.	2024		2000	4	D	121	13.32	165	72600
DETHLEFFS	Just	Just Go Perfilada T 6815 EB.	2024		2000	4	D	96	13.32	130	69600
DETHLEFFS	Just	Just Go Perfilada T 6815 EB.	2024		2000	4	D	121	13.32	165	73400
DETHLEFFS	Just	Just Go Perfilada T 6905.	2024		2000	4	D	96	13.32	130	70600
DETHLEFFS	Just	Just Go Perfilada T 6905.	2024		2000	4	D	121	13.32	165	74400
DETHLEFFS	Just	Just Go Perfilada T 7055 DBL.	2024		2000	4	D	96	13.32	130	72900
DETHLEFFS	Just	Just Go Perfilada T 7055 DBL.	2024		2000	4	D	121	13.32	165	76700
DETHLEFFS	Just	Just Go Perfilada T 7055 EB.	2024		2000	4	D	96	13.32	130	71500
DETHLEFFS	Just	Just Go Perfilada T 7055 EB.	2024		2000	4	D	121	13.32	165	75300
DETHLEFFS	Just	Just Go Perfilada T 7055 EBL.	2024		2000	4	D	96	13.32	130	72900
DETHLEFFS	Just	Just Go Perfilada T 7055 EBL.	2024		2000	4	D	121	13.32	165	76700
DETHLEFFS	Just	Just GO T 7055 DBL Ford Transit TDG.			2000	4	D	99	13.32	135	48100
DETHLEFFS	Just	Just GO T 7055 DBL Ford Transit TDG.			2000	4	D	99	13.32	135	46900
DETHLEFFS	Just	Just GO T 7055 EB Ford Transit TDG.			2000	4	D	99	13.32	135	47500
DETHLEFFS	Just	Just GO T 7055 EB Ford Transit TDG.			2000	4	D	99	13.32	135	46300
DETHLEFFS	Just	Just GO T 7055 EBL Ford Transit TDG.			2000	4	D	99	13.32	135	48100
DETHLEFFS	Just	Just GO T 7055 EBL Ford Transit TDG.			2000	4	D	99	13.32	135	46900
DETHLEFFS	Just	Just T 6615 EB Ford Transit TDG.			2000	4	D	99	13.32	135	49200
DETHLEFFS	Just	Just T 6615 EB Ford Transit TDG (4,1 t).			2000	4	D	118	13.32	160	50800
DETHLEFFS	Just	Just T 6752 DBL Citroen Jumpy.			2300	4	D	103	14.49	140	50100
DETHLEFFS	Just	Just T 6752 DBL Citroen Jumpy.			2300	4	D	121	14.49	165	51900
DETHLEFFS	Just	Just T 6752 DBL Fiat Multijet light JTD.			2300	4	D	88	14.49	120	41600
DETHLEFFS	Just	Just T 6752 DBL Fiat Multijet light JTD.			2300	4	D	103	14.49	140	41600
DETHLEFFS	Just	Just T 6752 DBL Fiat Multijet light JTD.			2300	4	D	118	14.49	160	42800
DETHLEFFS	Just	Just T 6762 Citroen Jumpy.			2300	4	D	103	14.49	140	50100
DETHLEFFS	Just	Just T 6762 Citroen Jumpy.			2300	4	D	121	14.49	165	51900
DETHLEFFS	Just	Just T 6762 Fiat Multijet light JTD.			2300	4	D	88	14.49	120	42500
DETHLEFFS	Just	Just T 6762 Fiat Multijet light JTD.			2300	4	D	103	14.49	140	42500
DETHLEFFS	Just	Just T 6762 Fiat Multijet light JTD.			2300	4	D	118	14.49	160	43800
DETHLEFFS	Just	Just T 6812 EB Citroen Jumpy.			2300	4	D	103	14.49	140	49400
DETHLEFFS	Just	Just T 6812 EB Citroen Jumpy.			2300	4	D	121	14.49	165	51100
DETHLEFFS	Just	Just T 6812 Fiat Multijet light JTD.			2300	4	D	88	14.49	120	41600
DETHLEFFS	Just	Just T 6812 Fiat Multijet light JTD.			2300	4	D	103	14.49	140	41600
DETHLEFFS	Just	Just T 6812 Fiat Multijet light JTD.			2300	4	D	118	14.49	160	42800
DETHLEFFS	Just	Just T 6815 EB Ford Transit TDG.			2000	4	D	99	13.32	135	49800
DETHLEFFS	Just	Just T 6815 EB Ford Transit TDG (4,1 t).			2000	4	D	118	13.32	160	51500
DETHLEFFS	Just	Just T 6905 FB Ford Transit TDG (4,1 t).			2000	4	D	118	13.32	160	51800
DETHLEFFS	Just	Just T 7052 DBL Citroen Jumpy.			2300	4	D	103	14.49	140	51000
DETHLEFFS	Just	Just T 7052 DBL Citroen Jumpy.			2300	4	D	121	14.49	165	52800
DETHLEFFS	Just	Just T 7052 DBL Fiat Multijet light JTD.			2300	4	D	88	14.49	120	42900
DETHLEFFS	Just	Just T 7052 DBL Fiat Multijet light JTD.			2300	4	D	103	14.49	140	42900
DETHLEFFS	Just	Just T 7052 DBL Fiat Multijet light JTD.			2300	4	D	118	14.49	160	44100
DETHLEFFS	Just	Just T 7052 DBM Citroen Jumpy.			2300	4	D	103	14.49	140	50100
DETHLEFFS	Just	Just T 7052 DBM Citroen Jumpy.			2300	4	D	121	14.49	165	51900
DETHLEFFS	Just	Just T 7052 DBM Fiat Multijet light JTD.			2300	4	D	88	14.49	120	42500
DETHLEFFS	Just	Just T 7052 DBM Fiat Multijet light JTD.			2300	4	D	103	14.49	140	42500
DETHLEFFS	Just	Just T 7052 DBM Fiat Multijet light JTD.			2300	4	D	118	14.49	160	43700
DETHLEFFS	Just	Just T 7052 EB Citroen Jumpy.			2300	4	D	103	14.49	140	51500
DETHLEFFS	Just	Just T 7052 EB Citroen Jumpy.			2300	4	D	121	14.49	165	51900
DETHLEFFS	Just	Just T 7052 EB Fiat Multijet light JTD.			2300	4	D	88	14.49	120	42500
DETHLEFFS	Just	Just T 7052 EB Fiat Multijet light JTD.			2300	4	D	103	14.49	140	42500
DETHLEFFS	Just	Just T 7052 EB Fiat Multijet light JTD.			2300	4	D	118	14.49	160	43700
DETHLEFFS	Just	Just T 7052 EBL Citroen Jumpy.			2300	4	D	103	14.49	140	51000
DETHLEFFS	Just	Just T 7052 EBL Citroen Jumpy.			2300	4	D	121	14.49	165	52800
DETHLEFFS	Just	Just T 7052 EBL Fiat Multijet light JTD.			2300	4	D	88	14.49	120	42900
DETHLEFFS	Just	Just T 7052 EBL Fiat Multijet light JTD.			2300	4	D	103	14.49	140	42900
DETHLEFFS	Just	Just T 7052 EBL Fiat Multijet light JTD.			2300	4	D	118	14.49	160	44100
DETHLEFFS	Just	Just T 7055 DBL Ford Transit TDG.			2000	4	D	99	13.32	135	51800
DETHLEFFS	Just	Just T 7055 DBL Ford Transit TDG (4,1 t).			2000	4	D	118	13.32	160	53400
DETHLEFFS	Just	Just T 7055 EB Ford Transit TDG.			2000	4	D	99	13.32	135	50900
DETHLEFFS	Just	Just T 7055 EB Ford Transit TDG (4,1 t).			2000	4	D	118	13.32	160	52500
DETHLEFFS	Just	Just T 7055 EBL Ford Transit TDG.			2000	4	D	99	13.32	135	51800
DETHLEFFS	Just	Just T 7055 EBL Ford Transit TDG (4,1 t).			2000	4	D	118	13.32	160	53400
DETHLEFFS	LIFESTYLE	LIFESTYLE A 5981.			2200	4	D	74	14.10	100	55400
DETHLEFFS	LIFESTYLE	LIFESTYLE A 5981.			2300	4	D	96	14.49	130	57000
DETHLEFFS	LIFESTYLE	LIFESTYLE A 6671.			2200	4	D	74	14.10	100	57300
DETHLEFFS	LIFESTYLE	LIFESTYLE A 6671.			2300	4	D	96	14.49	130	59000
DETHLEFFS	MAGIC	MAGIC EDITION GLOBE 4 T- 7151-BLACK MJ MAXI.			2000	4	D	85	13.32	115	70600
DETHLEFFS	MAGIC	MAGIC EDITION GLOBE 4 T- 7151-WHITE MJ MAXI.			2000	4	D	85	13.32	115	64000
DETHLEFFS	MAGIC	MAGIC EDITION GLOBE 4 T-7151-BLACK MJ L.			2300	4	D	110	14.49	150	70500
DETHLEFFS	MAGIC	MAGIC EDITION GLOBE 4 T-7151-BLACK MJ L.			3000	4	D	132	16.99	180	72500
DETHLEFFS	MAGIC	MAGIC EDITION GLOBE 4 T-7151-BLACK MJ L.			2300	4	D	96	14.49	130	69200
DETHLEFFS	MAGIC	MAGIC EDITION GLOBE 4 T-7151-WHITE MJ L.			2300	4	D	110	14.49	150	63900
DETHLEFFS	MAGIC	MAGIC EDITION GLOBE 4 T-7151-WHITE MJ L.			3000	4	D	132	16.99	180	65900
DETHLEFFS	MAGIC	MAGIC EDITION GLOBE 4 T-7151-WHITE MJ L.			2300	4	D	96	14.49	130	62500
DETHLEFFS	MAGIC	MAGIC EDITION I- BLACK MJ L.			2300	4	D	110	14.49	150	76000
DETHLEFFS	MAGIC	MAGIC EDITION I- BLACK MJ L.			3000	4	D	132	16.99	180	78000
DETHLEFFS	MAGIC	MAGIC EDITION I- BLACK MJ L.			2300	4	D	96	14.49	130	74700
DETHLEFFS	MAGIC	MAGIC EDITION I- BLACK MJ MAXI.			2000	4	D	85	13.32	115	76000
DETHLEFFS	MAGIC	MAGIC EDITION I- WHITE MJ L.			2300	4	D	110	14.49	150	69300
DETHLEFFS	MAGIC	MAGIC EDITION I- WHITE MJ L.			3000	4	D	132	16.99	180	71400
DETHLEFFS	MAGIC	MAGIC EDITION I- WHITE MJ L.			2300	4	D	96	14.49	130	68100
DETHLEFFS	MAGIC	MAGIC EDITION I- WHITE MJ MAXI.			2000	4	D	85	13.32	115	69300
DETHLEFFS	MAGIC	MAGIC EDITION T- BLACK MJ L.			2300	4	D	96	14.49	130	64100
DETHLEFFS	MAGIC	MAGIC EDITION T- BLACK MJ L.			2300	4	D	110	14.49	150	65400
DETHLEFFS	MAGIC	MAGIC EDITION T- BLACK MJ L.			3000	4	D	132	16.99	180	67400
DETHLEFFS	MAGIC	MAGIC EDITION T- BLACK MJ L.			2300	4	D	96	14.49	130	64100
DETHLEFFS	MAGIC	MAGIC EDITION T- BLACK MJ MAXI.			2000	4	D	85	13.32	115	65400
DETHLEFFS	MAGIC	MAGIC EDITION T- WHITE MJ L.			2300	4	D	96	14.49	130	58400
DETHLEFFS	MAGIC	MAGIC EDITION T- WHITE MJ L.			2300	4	D	110	14.49	150	59800
DETHLEFFS	MAGIC	MAGIC EDITION T- WHITE MJ L.			3000	4	D	132	16.99	180	61800
DETHLEFFS	MAGIC	MAGIC EDITION T- WHITE MJ L.			2300	4	D	96	14.49	130	58400
DETHLEFFS	MAGIC	MAGIC EDITION T- WHITE MJ MAXI.			2000	4	D	85	13.32	115	59800
DETHLEFFS	MAGIC	MAGIC I 2 DB.			2300	4	D	110	14.49	150	75700
DETHLEFFS	MAGIC	MAGIC I 2 DB.			2300	4	D	130	14.49	177	77700
DETHLEFFS	MAGIC	MAGIC I 2 DB.			2300	4	D	96	14.49	130	74200
DETHLEFFS	MAGIC	MAGIC I 2 DB MAXI.			2300	4	D	110	14.49	150	77100
DETHLEFFS	MAGIC	MAGIC I 2 DB MAXI.			2300	4	D	130	14.49	177	79200
DETHLEFFS	MAGIC	MAGIC I 2 DB MAXI.			2300	4	D	96	14.49	130	75500
DETHLEFFS	MAGIC	MAGIC I 2 DBM.			2300	4	D	110	14.49	150	75700
DETHLEFFS	MAGIC	MAGIC I 2 DBM.			2300	4	D	130	14.49	177	77700
DETHLEFFS	MAGIC	MAGIC I 2 DBM.			2300	4	D	96	14.49	130	74200
DETHLEFFS	MAGIC	MAGIC I 2 DBM MAXI.			2300	4	D	110	14.49	150	77100
DETHLEFFS	MAGIC	MAGIC I 2 DBM MAXI.			2300	4	D	130	14.49	177	79200
DETHLEFFS	MAGIC	MAGIC I 2 DBM MAXI.			2300	4	D	96	14.49	130	75500
DETHLEFFS	MAGIC	MAGIC T 2 DB.			2300	4	D	110	14.49	150	66500
DETHLEFFS	MAGIC	MAGIC T 2 DB.			2300	4	D	130	14.49	177	68600
DETHLEFFS	MAGIC	MAGIC T 2 DB.			2300	4	D	96	14.49	130	65000
DETHLEFFS	MAGIC	MAGIC T 2 DB MAXI.			2300	4	D	110	14.49	150	67800
DETHLEFFS	MAGIC	MAGIC T 2 DB MAXI.			2300	4	D	130	14.49	177	70100
DETHLEFFS	MAGIC	MAGIC T 2 DB MAXI.			2300	4	D	96	14.49	130	66300
DETHLEFFS	MAGIC	MAGIC T 3 DBM.			2300	4	D	110	14.49	150	66500
DETHLEFFS	MAGIC	MAGIC T 3 DBM.			2300	4	D	130	14.49	177	68600
DETHLEFFS	MAGIC	MAGIC T 3 DBM.			2300	4	D	96	14.49	130	65000
DETHLEFFS	MAGIC	MAGIC T 3 DBM MAXI.			2300	4	D	110	14.49	150	67800
DETHLEFFS	MAGIC	MAGIC T 3 DBM MAXI.			2300	4	D	130	14.49	177	70100
DETHLEFFS	MAGIC	MAGIC T 3 DBM MAXI.			2300	4	D	96	14.49	130	66300
DETHLEFFS	Pulse	Pulse Classic T 7051 DBL Fiat Multijet light JTD.			2300	4	D	88	14.49	120	54100
DETHLEFFS	Pulse	Pulse Classic T 7051 DBL Fiat Multijet light JTD.			2300	4	D	103	14.49	140	54100
DETHLEFFS	Pulse	Pulse Classic T 7051 DBL Fiat Multijet light JTD.			2300	4	D	118	14.49	160	55200
DETHLEFFS	Pulse	Pulse Classic T 7051 DBL Fiat Multijet maxi JTD Automático.			2300	4	D	132	14.49	180	68100
DETHLEFFS	Pulse	Pulse Classic T 7051 DBM Fiat Multijet light JTD.			2300	4	D	88	14.49	120	53500
DETHLEFFS	Pulse	Pulse Classic T 7051 DBM Fiat Multijet light JTD.			2300	4	D	103	14.49	140	53500
DETHLEFFS	Pulse	Pulse Classic T 7051 DBM Fiat Multijet light JTD.			2300	4	D	118	14.49	160	54600
DETHLEFFS	Pulse	Pulse Classic T 7051 DBM Fiat Multijet light JTD Automático.			2300	4	D	132	14.49	180	66200
DETHLEFFS	Pulse	Pulse Classic T 7051 DBM Fiat Multijet maxi JTD Automático.			2300	4	D	132	14.49	180	67400
DETHLEFFS	Pulse	Pulse Classic T 7051 EB Fiat Multijet light JTD.			2300	4	D	88	14.49	120	53500
DETHLEFFS	Pulse	Pulse Classic T 7051 EB Fiat Multijet light JTD.			2300	4	D	103	14.49	140	53500
DETHLEFFS	Pulse	Pulse Classic T 7051 EB Fiat Multijet light JTD.			2300	4	D	118	14.49	160	54600
DETHLEFFS	Pulse	Pulse Classic T 7051 EB Fiat Multijet light JTD Automático.			2300	4	D	103	14.49	140	64400
DETHLEFFS	Pulse	Pulse Classic T 7051 EB Fiat Multijet maxi JTD Automático.			2300	4	D	132	14.49	180	67400
DETHLEFFS	Pulse	Pulse Classic T 7051 EBL Fiat Multijet light JTD.			2300	4	D	88	14.49	120	54100
DETHLEFFS	Pulse	Pulse Classic T 7051 EBL Fiat Multijet light JTD.			2300	4	D	103	14.49	140	54100
DETHLEFFS	Pulse	Pulse Classic T 7051 EBL Fiat Multijet light JTD.			2300	4	D	118	14.49	160	55200
DETHLEFFS	Pulse	Pulse Classic T 7051 EBL Fiat Multijet light JTD Automático.			2300	4	D	132	14.49	180	66800
DETHLEFFS	Pulse	Pulse Classic T 7051 EBL Fiat Multijet maxi JTD Automático.			2300	4	D	132	14.49	180	68100
DETHLEFFS	Pulse	Pulse I 6811 Fiat Multijet light JTD.			2300	4	D	88	14.49	120	59100
DETHLEFFS	Pulse	Pulse I 6811 Fiat Multijet light JTD.			2300	4	D	103	14.49	140	59100
DETHLEFFS	Pulse	Pulse I 6811 Fiat Multijet light JTD.			2300	4	D	118	14.49	160	60300
DETHLEFFS	Pulse	Pulse I 7051 DBL Fiat Multijet light JTD.			2300	4	D	88	14.49	120	60500
DETHLEFFS	Pulse	Pulse I 7051 DBL Fiat Multijet light JTD.			2300	4	D	103	14.49	140	60500
DETHLEFFS	Pulse	Pulse I 7051 DBL Fiat Multijet light JTD.			2300	4	D	118	14.49	160	61600
DETHLEFFS	Pulse	Pulse I 7051 DBM Fiat Multijet light JTD.			2300	4	D	88	14.49	120	59800
DETHLEFFS	Pulse	Pulse I 7051 DBM Fiat Multijet light JTD.			2300	4	D	103	14.49	140	59800
DETHLEFFS	Pulse	Pulse I 7051 DBM Fiat Multijet light JTD.			2300	4	D	118	14.49	160	60900
DETHLEFFS	Pulse	Pulse I 7051 EB Fiat Multijet light JTD.			2300	4	D	88	14.49	120	59800
DETHLEFFS	Pulse	Pulse I 7051 EB Fiat Multijet light JTD.			2300	4	D	103	14.49	140	59800
DETHLEFFS	Pulse	Pulse I 7051 EB Fiat Multijet light JTD.			2300	4	D	118	14.49	160	60900
DETHLEFFS	Pulse	Pulse I 7051 EBL Fiat Multijet light JTD.			2300	4	D	88	14.49	120	60500
DETHLEFFS	Pulse	Pulse I 7051 EBL Fiat Multijet light JTD.			2300	4	D	103	14.49	140	60500
DETHLEFFS	Pulse	Pulse I 7051 EBL Fiat Multijet light JTD.			2300	4	D	118	14.49	160	61600
DETHLEFFS	Pulse	Pulse I I 7051 DBL Fiat Multijet light JTD.			2300	4	D	132	14.49	180	71600
DETHLEFFS	Pulse	Pulse I I 7051 DBL Fiat Multijet light JTD Automático.			2300	4	D	103	14.49	140	72300
DETHLEFFS	Pulse	Pulse I I 7051 DBL Fiat Multijet light JTD Automático.			2300	4	D	132	14.49	180	74100
DETHLEFFS	Pulse	Pulse I I 7051 DBL Fiat Multijet maxi JTD.			2300	4	D	132	14.49	180	72900
DETHLEFFS	Pulse	Pulse I I 7051 DBL Fiat Multijet maxi JTD Automático.			2300	4	D	132	14.49	180	75300
DETHLEFFS	Pulse	Pulse I I 7051 DBM Fiat Multijet light JTD.			2300	4	D	132	14.49	180	71000
DETHLEFFS	Pulse	Pulse I I 7051 DBM Fiat Multijet light JTD Automático.			2300	4	D	103	14.49	140	71600
DETHLEFFS	Pulse	Pulse I I 7051 DBM Fiat Multijet light JTD Automático.			2300	4	D	132	14.49	180	73500
DETHLEFFS	Pulse	Pulse I I 7051 DBM Fiat Multijet maxi JTD.			2300	4	D	132	14.49	180	72300
DETHLEFFS	Pulse	Pulse I I 7051 DBM Fiat Multijet maxi JTD Automático.			2300	4	D	132	14.49	180	74700
DETHLEFFS	Pulse	Pulse I I 7051 EB Fiat Multijet light JTD.			2300	4	D	132	14.49	180	71000
DETHLEFFS	Pulse	Pulse I I 7051 EB Fiat Multijet light JTD Automático.			2300	4	D	103	14.49	140	71600
DETHLEFFS	Pulse	Pulse I I 7051 EB Fiat Multijet light JTD Automático.			2300	4	D	132	14.49	180	73500
DETHLEFFS	Pulse	Pulse I I 7051 EB Fiat Multijet maxi JTD.			2300	4	D	132	14.49	180	72300
DETHLEFFS	Pulse	Pulse I I 7051 EB Fiat Multijet maxi JTD Automático.			2300	4	D	132	14.49	180	74700
DETHLEFFS	Pulse	Pulse T 6811 Fiat Multijet light JTD.			2300	4	D	88	14.49	120	52000
DETHLEFFS	Pulse	Pulse T 6811 Fiat Multijet light JTD.			2300	4	D	103	14.49	140	52000
DETHLEFFS	Pulse	Pulse T 6811 Fiat Multijet light JTD.			2300	4	D	118	14.49	160	53100
DETHLEFFS	Pulse	Pulse T 7051 DBL Fiat Multijet light JTD.			2300	4	D	88	14.49	120	53900
DETHLEFFS	Pulse	Pulse T 7051 DBL Fiat Multijet light JTD.			2300	4	D	103	14.49	140	53900
DETHLEFFS	Pulse	Pulse T 7051 DBL Fiat Multijet light JTD.			2300	4	D	118	14.49	160	55000
DETHLEFFS	Pulse	Pulse T 7051 DBM Fiat Multijet light JTD.			2300	4	D	88	14.49	120	52900
DETHLEFFS	Pulse	Pulse T 7051 DBM Fiat Multijet light JTD.			2300	4	D	103	14.49	140	53100
DETHLEFFS	Pulse	Pulse T 7051 DBM Fiat Multijet light JTD.			2300	4	D	118	14.49	160	54600
DETHLEFFS	Pulse	Pulse T 7051 EB Fiat Multijet light JTD.			2300	4	D	88	14.49	120	52900
DETHLEFFS	Pulse	Pulse T 7051 EB Fiat Multijet light JTD.			2300	4	D	103	14.49	140	53100
DETHLEFFS	Pulse	Pulse T 7051 EB Fiat Multijet light JTD.			2300	4	D	118	14.49	160	54600
DETHLEFFS	Pulse	Pulse T 7051 EBL Fiat Multijet light JTD.			2300	4	D	88	14.49	120	53900
DETHLEFFS	Pulse	Pulse T 7051 EBL Fiat Multijet light JTD.			2300	4	D	103	14.49	140	53900
DETHLEFFS	Pulse	Pulse T 7051 EBL Fiat Multijet light JTD.			2300	4	D	118	14.49	160	55000
DETHLEFFS	T	T 5841.			2300	4	D	96	14.49	130	47200
DETHLEFFS	T5801/T5841.	T5801/T5841.			2286	4	D	81	14.43	110	47200
DETHLEFFS	TREND	TREND -7017 EB Fiat Multijet light JTD.			2300	4	D	103	14.49	140	55100
DETHLEFFS	TREND	TREND A-5887.			2300	4	D	110	14.49	150	53400
DETHLEFFS	TREND	TREND A-5887.			2300	4	D	130	14.49	177	55400
DETHLEFFS	TREND	TREND A-5887.			2300	4	D	96	14.49	130	51500
DETHLEFFS	TREND	TREND A-5887.			2300	4	D	109	14.49	148	52900
DETHLEFFS	TREND	TREND A-5887 Fiat Multijet light JTD.			2300	4	D	88	14.49	120	41500
DETHLEFFS	TREND	TREND A-5887 Fiat Multijet light JTD.			2300	4	D	103	14.49	140	42000
DETHLEFFS	TREND	TREND A-5887 Fiat Multijet light JTD.			2300	4	D	118	14.49	160	43600
DETHLEFFS	TREND	TREND A-5887 MJ L.			2300	4	D	110	14.49	150	50100
DETHLEFFS	TREND	TREND A-5887 MJ L.			3000	4	D	132	16.99	180	52300
DETHLEFFS	TREND	TREND A-5887 MJ L.			2000	4	D	85	13.32	115	47700
DETHLEFFS	TREND	TREND A-5887 MJ L.			2300	4	D	96	14.49	130	51000
DETHLEFFS	TREND	TREND A-6977.			2300	4	D	110	14.49	150	54900
DETHLEFFS	TREND	TREND A-6977.			2300	4	D	130	14.49	177	56900
DETHLEFFS	TREND	TREND A-6977.			2300	4	D	96	14.49	130	54700
DETHLEFFS	TREND	TREND A-6977.			2300	4	D	109	14.49	148	54400
DETHLEFFS	TREND	TREND A-6977 Fiat Multijet light JTD.			2300	4	D	88	14.49	120	42600
DETHLEFFS	TREND	TREND A-6977 Fiat Multijet light JTD.			2300	4	D	103	14.49	140	43200
DETHLEFFS	TREND	TREND A-6977 Fiat Multijet light JTD.			2300	4	D	118	14.49	160	44700
DETHLEFFS	TREND	TREND A-6977 Fiat Multijet light JTD.			2300	4	D	132	14.49	180	45800
DETHLEFFS	TREND	TREND A-6977 MJ L.			2300	4	D	110	14.49	150	52200
DETHLEFFS	TREND	TREND A-6977 MJ L.			3000	4	D	132	16.99	180	54100
DETHLEFFS	TREND	TREND A-6977 MJ L.			2000	4	D	85	13.32	115	49600
DETHLEFFS	TREND	TREND A-6977 MJ L.			2300	4	D	96	14.49	130	52900
DETHLEFFS	TREND	TREND A-6977 MULTIJET MAXI.			2300	4	D	110	14.49	150	56300
DETHLEFFS	TREND	TREND A-6977 MULTIJET MAXI.			2300	4	D	130	14.49	177	58400
DETHLEFFS	TREND	TREND A-7877.			2300	4	D	110	14.49	150	69100
DETHLEFFS	TREND	TREND A-7877.			2300	4	D	130	14.49	177	71400
DETHLEFFS	TREND	TREND A-7877.			2300	4	D	96	14.49	130	67700
DETHLEFFS	TREND	TREND A-7877-2 Fiat Multijet maxi JTD.			2300	4	D	103	14.49	140	59100
DETHLEFFS	TREND	TREND A-7877-2 Fiat Multijet maxi JTD.			2300	4	D	118	14.49	160	60700
DETHLEFFS	TREND	TREND A-7877-2 Fiat Multijet maxi JTD.			2300	4	D	132	14.49	180	61800
DETHLEFFS	Trend	Trend I I-6617 EB Fiat Multijet light 2.3 JTD.			2300	4	D	103	14.49	140	60300
DETHLEFFS	Trend	Trend I I-6617 EB Fiat Multijet light 2.3 JTD Automático.			2300	4	D	103	14.49	140	62800
DETHLEFFS	Trend	Trend I I-6617 EB Fiat Multijet light 2.3 JTD Automático.			2300	4	D	132	14.49	180	64600
DETHLEFFS	Trend	Trend I I-6817 EB Fiat Multijet light 2.3 JTD.			2300	4	D	103	14.49	140	60700
DETHLEFFS	Trend	Trend I I-6817 EB Fiat Multijet light 2.3 JTD Automático.			2300	4	D	103	14.49	140	63200
DETHLEFFS	Trend	Trend I I-6817 EB Fiat Multijet light 2.3 JTD Automático.			2300	4	D	132	14.49	180	65000
DETHLEFFS	Trend	Trend I I-6877 EB Fiat Multijet light 2.3 JTD.			2300	4	D	103	14.49	140	60600
DETHLEFFS	Trend	Trend I I-6877 EB Fiat Multijet light 2.3 JTD Automático.			2300	4	D	103	14.49	140	63100
DETHLEFFS	Trend	Trend I I-6877 EB Fiat Multijet light 2.3 JTD Automático.			2300	4	D	132	14.49	180	65000
DETHLEFFS	Trend	Trend I I-7017 EB Fiat Multijet light JTD.			2300	4	D	103	14.49	140	64600
DETHLEFFS	Trend	Trend I I-7017 EB Fiat Multijet light JTD.			2300	4	D	132	14.49	180	66400
DETHLEFFS	Trend	Trend I I-7017 EB Fiat Multijet light JTD Automático.			2300	4	D	103	14.49	140	67000
DETHLEFFS	Trend	Trend I I-7017 EB Fiat Multijet light JTD Automático.			2300	4	D	132	14.49	180	68900
DETHLEFFS	Trend	Trend I I-7017 EB Fiat Multijet maxi JTD.			2300	4	D	132	14.49	180	67700
DETHLEFFS	Trend	Trend I I-7017 EB Fiat Multijet maxi JTD Automático.			2300	4	D	132	14.49	180	70100
DETHLEFFS	Trend	Trend I I-7057 DBL Fiat Multijet light JTD.			2300	4	D	103	14.49	140	63300
DETHLEFFS	Trend	Trend I I-7057 DBL Fiat Multijet light JTD.			2300	4	D	132	14.49	180	66100
DETHLEFFS	Trend	Trend I I-7057 DBL Fiat Multijet light JTD Automático.			2300	4	D	103	14.49	140	65800
DETHLEFFS	Trend	Trend I I-7057 DBL Fiat Multijet light JTD Automático.			2300	4	D	132	14.49	180	67700
DETHLEFFS	Trend	Trend I I-7057 DBL Fiat Multijet maxi JTD.			2300	4	D	132	14.49	180	67300
DETHLEFFS	Trend	Trend I I-7057 DBL Fiat Multijet maxi JTD Automático.			2300	4	D	132	14.49	180	69800
DETHLEFFS	Trend	Trend I I-7057 DBM Fiat Multijet light JTD.			2300	4	D	103	14.49	140	63700
DETHLEFFS	Trend	Trend I I-7057 DBM Fiat Multijet light JTD.			2300	4	D	132	14.49	180	65500
DETHLEFFS	Trend	Trend I I-7057 DBM Fiat Multijet light JTD Automático.			2300	4	D	103	14.49	140	66000
DETHLEFFS	Trend	Trend I I-7057 DBM Fiat Multijet light JTD Automático.			2300	4	D	132	14.49	180	68000
DETHLEFFS	Trend	Trend I I-7057 DBM Fiat Multijet maxi JTD.			2300	4	D	132	14.49	180	66700
DETHLEFFS	Trend	Trend I I-7057 DBM Fiat Multijet maxi JTD Automático.			2300	4	D	132	14.49	180	69200
DETHLEFFS	Trend	Trend I I-7057 EB Fiat Multijet light JTD.			2300	4	D	103	14.49	140	63700
DETHLEFFS	Trend	Trend I I-7057 EB Fiat Multijet light JTD.			2300	4	D	132	14.49	180	65500
DETHLEFFS	Trend	Trend I I-7057 EB Fiat Multijet light JTD Automático.			2300	4	D	103	14.49	140	66000
DETHLEFFS	Trend	Trend I I-7057 EB Fiat Multijet light JTD Automático.			2300	4	D	132	14.49	180	68000
DETHLEFFS	Trend	Trend I I-7057 EB Fiat Multijet maxi JTD.			2300	4	D	132	14.49	180	66700
DETHLEFFS	Trend	Trend I I-7057 EB Fiat Multijet maxi JTD Automático.			2300	4	D	132	14.49	180	69200
DETHLEFFS	Trend	Trend I I-7057 EBL Fiat Multijet light JTD.			2300	4	D	103	14.49	140	63500
DETHLEFFS	Trend	Trend I I-7057 EBL Fiat Multijet light JTD.			2300	4	D	132	14.49	180	66100
DETHLEFFS	Trend	Trend I I-7057 EBL Fiat Multijet light JTD Automático.			2300	4	D	103	14.49	140	66000
DETHLEFFS	Trend	Trend I I-7057 EBL Fiat Multijet light JTD Automático.			2300	4	D	132	14.49	180	67900
DETHLEFFS	Trend	Trend I I-7057 EBL Fiat Multijet maxi JTD.			2300	4	D	132	14.49	180	67300
DETHLEFFS	Trend	Trend I I-7057 EBL Fiat Multijet maxi JTD Automático.			2300	4	D	132	14.49	180	69800
DETHLEFFS	TREND	TREND I-6617 EB DBM Fiat Multijet light JTD.			2300	4	D	118	14.49	160	54300
DETHLEFFS	TREND	TREND I-6617 EB Fiat Multijet light JTD.			2300	4	D	88	14.49	120	53200
DETHLEFFS	TREND	TREND I-6617 EB Fiat Multijet light JTD.			2300	4	D	103	14.49	140	53200
DETHLEFFS	TREND	TREND I-6717.			2300	4	D	110	14.49	150	62000
DETHLEFFS	TREND	TREND I-6717.			2300	4	D	130	14.49	177	64000
DETHLEFFS	TREND	TREND I-6717.			2300	4	D	96	14.49	130	60600
DETHLEFFS	TREND	TREND I-6717.			2300	4	D	109	14.49	148	61000
DETHLEFFS	TREND	TREND I-6717 MULTIJET MAXI.			2300	4	D	110	14.49	150	63300
DETHLEFFS	TREND	TREND I-6717 MULTIJET MAXI.			2300	4	D	130	14.49	177	65500
DETHLEFFS	TREND	TREND I-6717 MULTIJET MAXI.			2300	4	D	96	14.49	130	61800
DETHLEFFS	TREND	TREND I-6757.			2300	4	D	110	14.49	150	62000
DETHLEFFS	TREND	TREND I-6757.			2300	4	D	130	14.49	177	64000
DETHLEFFS	TREND	TREND I-6757.			2300	4	D	96	14.49	130	60600
DETHLEFFS	TREND	TREND I-6757.			2300	4	D	109	14.49	148	61000
DETHLEFFS	TREND	TREND I-6757 DBL Fiat Multijet light JTD.			2300	4	D	88	14.49	120	53700
DETHLEFFS	TREND	TREND I-6757 DBL Fiat Multijet light JTD.			2300	4	D	103	14.49	140	53700
DETHLEFFS	TREND	TREND I-6757 DBL Fiat Multijet light JTD.			2300	4	D	118	14.49	160	54800
DETHLEFFS	TREND	TREND I-6757 DBM Fiat Multijet light JTD.			2300	4	D	88	14.49	120	53200
DETHLEFFS	TREND	TREND I-6757 DBM Fiat Multijet light JTD.			2300	4	D	103	14.49	140	53200
DETHLEFFS	TREND	TREND I-6757 DBM Fiat Multijet light JTD.			2300	4	D	118	14.49	160	54300
DETHLEFFS	TREND	TREND I-6757 MULTIJET MAXI.			2300	4	D	110	14.49	150	63300
DETHLEFFS	TREND	TREND I-6757 MULTIJET MAXI.			2300	4	D	130	14.49	177	65500
DETHLEFFS	TREND	TREND I-6757 MULTIJET MAXI.			2300	4	D	96	14.49	130	61800
DETHLEFFS	TREND	TREND I-6767.			2300	4	D	110	14.49	150	64800
DETHLEFFS	TREND	TREND I-6767.			2300	4	D	130	14.49	177	66700
DETHLEFFS	TREND	TREND I-6767.			2300	4	D	96	14.49	130	63200
DETHLEFFS	TREND	TREND I-6767.			2300	4	D	109	14.49	148	63800
DETHLEFFS	TREND	TREND I-6767 MULTIJET MAXI.			2300	4	D	110	14.49	150	66000
DETHLEFFS	TREND	TREND I-6767 MULTIJET MAXI.			2300	4	D	130	14.49	177	68300
DETHLEFFS	TREND	TREND I-6767 MULTIJET MAXI.			2300	4	D	96	14.49	130	64600
DETHLEFFS	TREND	TREND I-7017.			2300	4	D	110	14.49	150	64800
DETHLEFFS	TREND	TREND I-7017.			2300	4	D	130	14.49	177	66700
DETHLEFFS	TREND	TREND I-7017.			2300	4	D	96	14.49	130	63200
DETHLEFFS	TREND	TREND I-7017.			2300	4	D	109	14.49	148	63800
DETHLEFFS	TREND	TREND I-7017 EB Fiat Multijet light JTD.			2300	4	D	88	14.49	120	55100
DETHLEFFS	TREND	TREND I-7017 EB Fiat Multijet light JTD.			2300	4	D	118	14.49	160	56300
DETHLEFFS	TREND	TREND I-7017 MULTIJET MAXI.			2300	4	D	110	14.49	150	66000
DETHLEFFS	TREND	TREND I-7017 MULTIJET MAXI.			2300	4	D	130	14.49	177	68300
DETHLEFFS	TREND	TREND I-7017 MULTIJET MAXI.			2300	4	D	96	14.49	130	64600
DETHLEFFS	TREND	TREND I-7057 DBL Fiat Multijet light JTD.			2300	4	D	88	14.49	120	55000
DETHLEFFS	TREND	TREND I-7057 DBL Fiat Multijet light JTD.			2300	4	D	103	14.49	140	55000
DETHLEFFS	TREND	TREND I-7057 DBL Fiat Multijet light JTD.			2300	4	D	118	14.49	160	56200
DETHLEFFS	TREND	TREND I-7057 DBM Fiat Multijet light JTD.			2300	4	D	88	14.49	120	54100
DETHLEFFS	TREND	TREND I-7057 DBM Fiat Multijet light JTD.			2300	4	D	103	14.49	140	54100
DETHLEFFS	TREND	TREND I-7057 DBM Fiat Multijet light JTD.			2300	4	D	118	14.49	160	55200
DETHLEFFS	TREND	TREND I-7057 EB Fiat Multijet light JTD.			2300	4	D	88	14.49	120	54100
DETHLEFFS	TREND	TREND I-7057 EB Fiat Multijet light JTD.			2300	4	D	103	14.49	140	54100
DETHLEFFS	TREND	TREND I-7057 EB Fiat Multijet light JTD.			2300	4	D	118	14.49	160	55200
DETHLEFFS	TREND	TREND I-7057 EBL Fiat Multijet light JTD.			2300	4	D	88	14.49	120	55000
DETHLEFFS	TREND	TREND I-7057 EBL Fiat Multijet light JTD.			2300	4	D	103	14.49	140	55000
DETHLEFFS	TREND	TREND I-7057 EBL Fiat Multijet light JTD.			2300	4	D	118	14.49	160	56200
DETHLEFFS	TREND	TREND I-7057-DBM.			2300	4	D	110	14.49	150	63400
DETHLEFFS	TREND	TREND I-7057-DBM.			2300	4	D	130	14.49	177	65300
DETHLEFFS	TREND	TREND I-7057-DBM.			2300	4	D	96	14.49	130	61900
DETHLEFFS	TREND	TREND I-7057-DBM.			2300	4	D	109	14.49	148	62300
DETHLEFFS	TREND	TREND I-7057-DBM MULTIJET MAXI.			2300	4	D	110	14.49	150	64700
DETHLEFFS	TREND	TREND I-7057-DBM MULTIJET MAXI.			2300	4	D	130	14.49	177	66900
DETHLEFFS	TREND	TREND I-7057-DBM MULTIJET MAXI.			2300	4	D	96	14.49	130	63100
DETHLEFFS	TREND	TREND I-7057-EB.			2300	4	D	110	14.49	150	63400
DETHLEFFS	TREND	TREND I-7057-EB.			2300	4	D	130	14.49	177	65300
DETHLEFFS	TREND	TREND I-7057-EB.			2300	4	D	96	14.49	130	61900
DETHLEFFS	TREND	TREND I-7057-EB.			2300	4	D	109	14.49	148	62300
DETHLEFFS	TREND	TREND I-7057-EB MULTIJET MAXI.			2300	4	D	110	14.49	150	64700
DETHLEFFS	TREND	TREND I-7057-EB MULTIJET MAXI.			2300	4	D	130	14.49	177	66900
DETHLEFFS	TREND	TREND I-7057-EB MULTIJET MAXI.			2300	4	D	96	14.49	130	63100
DETHLEFFS	TREND	TREND PERFILADA 7057 EBL.	2025		2200	4	D	103	14.10	140	83200
DETHLEFFS	TREND	TREND PERFILADA 7057 EBL.	2025		2200	4	D	132	14.10	180	85900
DETHLEFFS	TREND	TREND PERFILADA T 6617 EB.	2025		2200	4	D	103	14.10	140	75400
DETHLEFFS	TREND	TREND PERFILADA T 6617 EB.	2025		2200	4	D	132	14.10	180	78000
DETHLEFFS	TREND	TREND PERFILADA T 6817 EB.	2025		2200	4	D	103	14.10	140	79500
DETHLEFFS	TREND	TREND PERFILADA T 6817 EB.	2025		2200	4	D	132	14.10	180	82100
DETHLEFFS	TREND	TREND PERFILADA T 6877.	2025		2200	4	D	103	14.10	140	79700
DETHLEFFS	TREND	TREND PERFILADA T 6877.	2025		2200	4	D	132	14.10	180	82500
DETHLEFFS	TREND	TREND PERFILADA T 7057 DBL.	2025		2200	4	D	103	14.10	140	86200
DETHLEFFS	TREND	TREND PERFILADA T 7057 DBL.	2025		2200	4	D	132	14.10	180	86700
DETHLEFFS	TREND	TREND PERFILADA T 7057 EB.	2025		2200	4	D	103	14.10	140	80800
DETHLEFFS	TREND	TREND PERFILADA T 7057 EB.	2025		2200	4	D	132	14.10	180	83500
DETHLEFFS	Trend	Trend T-6617 EB DBM Fiat Multijet light JTD.			2300	4	D	118	14.49	160	47000
DETHLEFFS	Trend	Trend T-6617 EB DBM Fiat Multijet light JTD Automático.			2300	4	D	132	14.49	180	58400
DETHLEFFS	Trend	Trend T-6617 EB Fiat Multijet light JTD.			2300	4	D	88	14.49	120	45900
DETHLEFFS	Trend	Trend T-6617 EB Fiat Multijet light JTD.			2300	4	D	103	14.49	140	53600
DETHLEFFS	Trend	Trend T-6617 EB Fiat Multijet light JTD Automático.			2300	4	D	103	14.49	140	56100
DETHLEFFS	Trend	Trend T-6617 EB Fiat Multijet maxi JTD.			2300	4	D	132	14.49	180	57200
DETHLEFFS	Trend	Trend T-6617 EB Fiat Multijet maxi JTD Automático.			2300	4	D	132	14.49	180	59700
DETHLEFFS	TREND	TREND T-6617 MJ L.			2300	4	D	110	14.49	150	48100
DETHLEFFS	TREND	TREND T-6617 MJ L.			3000	4	D	132	16.99	180	50100
DETHLEFFS	TREND	TREND T-6617 MJ L.			2000	4	D	85	13.32	115	45600
DETHLEFFS	TREND	TREND T-6617 MJ L.			2300	4	D	96	14.49	130	46800
DETHLEFFS	TREND	TREND T-6717.			2300	4	D	110	14.49	150	54100
DETHLEFFS	TREND	TREND T-6717.			2300	4	D	130	14.49	177	56200
DETHLEFFS	TREND	TREND T-6717.			2300	4	D	96	14.49	130	52300
DETHLEFFS	TREND	TREND T-6717.			2300	4	D	109	14.49	148	53200
DETHLEFFS	Trend	Trend T-6717 EB CI light I 90 aniversario.			2200	4	D	121	14.10	165	45700
DETHLEFFS	TREND	TREND T-6757.			2300	4	D	110	14.49	150	53800
DETHLEFFS	TREND	TREND T-6757.			2300	4	D	130	14.49	177	55800
DETHLEFFS	TREND	TREND T-6757.			2300	4	D	96	14.49	130	52300
DETHLEFFS	TREND	TREND T-6757.			2300	4	D	109	14.49	148	51600
DETHLEFFS	Trend	Trend T-6757 DBL CI light I 90 aniversario.			2200	4	D	121	14.10	165	46200
DETHLEFFS	Trend	Trend T-6757 DBL Fiat Multijet light JTD.			2300	4	D	88	14.49	120	46600
DETHLEFFS	Trend	Trend T-6757 DBL Fiat Multijet light JTD.			2300	4	D	103	14.49	140	46600
DETHLEFFS	Trend	Trend T-6757 DBL Fiat Multijet light JTD.			2300	4	D	118	14.49	160	47800
DETHLEFFS	Trend	Trend T-6757 DBM CI light I 90 aniversario.			2200	4	D	121	14.10	165	45700
DETHLEFFS	Trend	Trend T-6757 DBM Fiat Multijet light JTD.			2300	4	D	88	14.49	120	45900
DETHLEFFS	Trend	Trend T-6757 DBM Fiat Multijet light JTD.			2300	4	D	103	14.49	140	45900
DETHLEFFS	Trend	Trend T-6757 DBM Fiat Multijet light JTD.			2300	4	D	118	14.49	160	47000
DETHLEFFS	TREND	TREND T-6757 MULTIJET MAXI.			2300	4	D	110	14.49	150	55000
DETHLEFFS	TREND	TREND T-6757 MULTIJET MAXI.			2300	4	D	130	14.49	177	57300
DETHLEFFS	TREND	TREND T-6757 MULTIJET MAXI.			2300	4	D	96	14.49	130	53600
DETHLEFFS	TREND	TREND T-6767.			2300	4	D	110	14.49	150	54500
DETHLEFFS	TREND	TREND T-6767.			2300	4	D	130	14.49	177	56600
DETHLEFFS	TREND	TREND T-6767.			2300	4	D	96	14.49	130	52800
DETHLEFFS	TREND	TREND T-6767.			2300	4	D	109	14.49	148	53900
DETHLEFFS	TREND	TREND T-6777 MJ L.			2300	4	D	110	14.49	150	48100
DETHLEFFS	TREND	TREND T-6777 MJ L.			3000	4	D	132	16.99	180	50100
DETHLEFFS	TREND	TREND T-6777 MJ L.			2000	4	D	85	13.32	115	45600
DETHLEFFS	TREND	TREND T-6777 MJ L.			2300	4	D	96	14.49	130	46800
DETHLEFFS	Trend	Trend T-6817 EB Fiat Multijet light 2.3 JTD.			2300	4	D	103	14.49	140	54000
DETHLEFFS	Trend	Trend T-6817 EB Fiat Multijet light 2.3 JTD Automático.			2300	4	D	103	14.49	140	56500
DETHLEFFS	Trend	Trend T-6817 EB Fiat Multijet light 2.3 JTD Automático.			2300	4	D	132	14.49	180	58400
DETHLEFFS	TREND	TREND T-6857 MJ L.			2300	4	D	110	14.49	150	48100
DETHLEFFS	TREND	TREND T-6857 MJ L.			3000	4	D	132	16.99	180	50100
DETHLEFFS	TREND	TREND T-6857 MJ L.			2000	4	D	85	13.32	115	45600
DETHLEFFS	TREND	TREND T-6857 MJ L.			2300	4	D	96	14.49	130	46800
DETHLEFFS	Trend	Trend T-6877 EB Fiat Multijet light 2.3 JTD.			2300	4	D	103	14.49	140	54000
DETHLEFFS	Trend	Trend T-6877 EB Fiat Multijet light 2.3 JTD Automático.			2300	4	D	103	14.49	140	56500
DETHLEFFS	Trend	Trend T-6877 EB Fiat Multijet light 2.3 JTD Automático.			2300	4	D	132	14.49	180	58400
DETHLEFFS	TREND	TREND T-7017.			2300	4	D	110	14.49	150	55900
DETHLEFFS	TREND	TREND T-7017.			2300	4	D	130	14.49	177	57900
DETHLEFFS	TREND	TREND T-7017.			2300	4	D	96	14.49	130	54300
DETHLEFFS	TREND	TREND T-7017.			2300	4	D	109	14.49	148	53800
DETHLEFFS	Trend	Trend T-7017 DBM CI light I 90 aniversario.			2200	4	D	121	14.10	165	46300
DETHLEFFS	Trend	Trend T-7017 EB CI light I 90 aniversario.			2200	4	D	121	14.10	165	47300
DETHLEFFS	Trend	Trend T-7017 EB DBM Fiat Multijet light JTD Automático.			2300	4	D	132	14.49	180	60100
DETHLEFFS	Trend	Trend T-7017 EB Fiat Multijet light JTD.			2300	4	D	88	14.49	120	47500
DETHLEFFS	Trend	Trend T-7017 EB Fiat Multijet light JTD.			2300	4	D	103	14.49	140	47500
DETHLEFFS	Trend	Trend T-7017 EB Fiat Multijet light JTD.			2300	4	D	118	14.49	160	48600
DETHLEFFS	Trend	Trend T-7017 EB Fiat Multijet light JTD.			2300	4	D	132	14.49	180	57600
DETHLEFFS	Trend	Trend T-7017 EB Fiat Multijet light JTD Automático.			2300	4	D	103	14.49	140	58100
DETHLEFFS	Trend	Trend T-7017 EB Fiat Multijet maxi JTD.			2300	4	D	132	14.49	180	58800
DETHLEFFS	Trend	Trend T-7017 EB Fiat Multijet maxi JTD Automático.			2300	4	D	132	14.49	180	61300
DETHLEFFS	TREND	TREND T-7017 MULTIJET MAXI.			2300	4	D	110	14.49	150	57100
DETHLEFFS	TREND	TREND T-7017 MULTIJET MAXI.			2300	4	D	130	14.49	177	59500
DETHLEFFS	TREND	TREND T-7017 MULTIJET MAXI.			2300	4	D	96	14.49	130	55700
DETHLEFFS	Trend	Trend T-7057 DBL CI light I 90 aniversario.			2200	4	D	121	14.10	165	46900
DETHLEFFS	Trend	Trend T-7057 DBL DBM Fiat Multijet light JTD Automático.			2300	4	D	132	14.49	180	60100
DETHLEFFS	Trend	Trend T-7057 DBL Fiat Multijet light JTD.			2300	4	D	88	14.49	120	47300
DETHLEFFS	Trend	Trend T-7057 DBL Fiat Multijet light JTD.			2300	4	D	103	14.49	140	56900
DETHLEFFS	Trend	Trend T-7057 DBL Fiat Multijet light JTD.			2300	4	D	118	14.49	160	48400
DETHLEFFS	Trend	Trend T-7057 DBL Fiat Multijet light JTD.			2300	4	D	132	14.49	180	57600
DETHLEFFS	Trend	Trend T-7057 DBL Fiat Multijet light JTD Automático.			2300	4	D	103	14.49	140	59400
DETHLEFFS	Trend	Trend T-7057 DBL Fiat Multijet maxi JTD.			2300	4	D	132	14.49	180	58800
DETHLEFFS	Trend	Trend T-7057 DBL Fiat Multijet maxi JTD Automático.			2300	4	D	132	14.49	180	61300
DETHLEFFS	Trend	Trend T-7057 DBM DBM Fiat Multijet light JTD Automático.			2300	4	D	132	14.49	180	59300
DETHLEFFS	Trend	Trend T-7057 DBM Fiat Multijet light JTD.			2300	4	D	88	14.49	120	46600
DETHLEFFS	Trend	Trend T-7057 DBM Fiat Multijet light JTD.			2300	4	D	103	14.49	140	46600
DETHLEFFS	Trend	Trend T-7057 DBM Fiat Multijet light JTD.			2300	4	D	118	14.49	160	47800
DETHLEFFS	Trend	Trend T-7057 DBM Fiat Multijet light JTD.			2300	4	D	132	14.49	180	56900
DETHLEFFS	Trend	Trend T-7057 DBM Fiat Multijet light JTD Automático.			2300	4	D	103	14.49	140	57500
DETHLEFFS	Trend	Trend T-7057 DBM Fiat Multijet maxi JTD.			2300	4	D	132	14.49	180	58100
DETHLEFFS	Trend	Trend T-7057 DBM Fiat Multijet maxi JTD Automático.			2300	4	D	132	14.49	180	60600
DETHLEFFS	Trend	Trend T-7057 EB CI light I 90 aniversario.			2200	4	D	121	14.10	165	46300
DETHLEFFS	Trend	Trend T-7057 EB DBM Fiat Multijet light JTD Automático.			2300	4	D	132	14.49	180	59300
DETHLEFFS	Trend	Trend T-7057 EB Fiat Multijet light JTD.			2300	4	D	88	14.49	120	46600
DETHLEFFS	Trend	Trend T-7057 EB Fiat Multijet light JTD.			2300	4	D	103	14.49	140	55100
DETHLEFFS	Trend	Trend T-7057 EB Fiat Multijet light JTD.			2300	4	D	118	14.49	160	47800
DETHLEFFS	Trend	Trend T-7057 EB Fiat Multijet light JTD.			2300	4	D	132	14.49	180	56900
DETHLEFFS	Trend	Trend T-7057 EB Fiat Multijet light JTD Automático.			2300	4	D	103	14.49	140	57600
DETHLEFFS	Trend	Trend T-7057 EB Fiat Multijet maxi JTD.			2300	4	D	132	14.49	180	58100
DETHLEFFS	Trend	Trend T-7057 EB Fiat Multijet maxi JTD Automático.			2300	4	D	132	14.49	180	59500
DETHLEFFS	Trend	Trend T-7057 EBL CI light I 90 aniversario.			2200	4	D	121	14.10	165	46900
DETHLEFFS	Trend	Trend T-7057 EBL DBM Fiat Multijet light JTD Automático.			2300	4	D	132	14.49	180	60100
DETHLEFFS	Trend	Trend T-7057 EBL Fiat Multijet light JTD.			2300	4	D	88	14.49	120	47300
DETHLEFFS	Trend	Trend T-7057 EBL Fiat Multijet light JTD.			2300	4	D	103	14.49	140	57000
DETHLEFFS	Trend	Trend T-7057 EBL Fiat Multijet light JTD.			2300	4	D	118	14.49	160	48400
DETHLEFFS	Trend	Trend T-7057 EBL Fiat Multijet light JTD.			2300	4	D	132	14.49	180	57600
DETHLEFFS	Trend	Trend T-7057 EBL Fiat Multijet light JTD Automático.			2300	4	D	103	14.49	140	59500
DETHLEFFS	Trend	Trend T-7057 EBL Fiat Multijet maxi JTD.			2300	4	D	132	14.49	180	58800
DETHLEFFS	Trend	Trend T-7057 EBL Fiat Multijet maxi JTD Automático.			2300	4	D	132	14.49	180	61300
DETHLEFFS	TREND	TREND T-7057-DBM.			2300	4	D	110	14.49	150	54700
DETHLEFFS	TREND	TREND T-7057-DBM.			2300	4	D	130	14.49	177	56700
DETHLEFFS	TREND	TREND T-7057-DBM.			2300	4	D	96	14.49	130	53100
DETHLEFFS	TREND	TREND T-7057-DBM.			2300	4	D	109	14.49	148	52600
DETHLEFFS	TREND	TREND T-7057-DBM MULTIJET MAXI.			2300	4	D	110	14.49	150	56000
DETHLEFFS	TREND	TREND T-7057-DBM MULTIJET MAXI.			2300	4	D	130	14.49	177	58200
DETHLEFFS	TREND	TREND T-7057-DBM MULTIJET MAXI.			2300	4	D	96	14.49	130	54400
DETHLEFFS	TREND	TREND T-7057-EB.			2300	4	D	110	14.49	150	54700
DETHLEFFS	TREND	TREND T-7057-EB.			2300	4	D	130	14.49	177	56700
DETHLEFFS	TREND	TREND T-7057-EB.			2300	4	D	96	14.49	130	53100
DETHLEFFS	TREND	TREND T-7057-EB.			2300	4	D	109	14.49	148	53900
DETHLEFFS	TREND	TREND T-7057-EB MULTIJET MAXI.			2300	4	D	110	14.49	150	56000
DETHLEFFS	TREND	TREND T-7057-EB MULTIJET MAXI.			2300	4	D	130	14.49	177	58200
DETHLEFFS	TREND	TREND T-7057-EB MULTIJET MAXI.			2300	4	D	96	14.49	130	54400
DETHLEFFS	TREND	TREND W.			2300	4	D	96	14.49	130	53400
DETHLEFFS	Van	Van Camper Globetrail 600 DB Fiat Multijet light JTD.			2300	4	D	88	14.49	120	36300
DETHLEFFS	Van	Van Camper Globetrail 600 DB Fiat Multijet light JTD.			2300	4	D	103	14.49	140	36800
DETHLEFFS	Van	Van Camper Globetrail 600 DB Fiat Multijet light JTD.			2300	4	D	118	14.49	160	38200
DETHLEFFS	Van	Van Camper Globetrail 600 DB Fiat Multijet light JTD.			2300	4	D	132	14.49	180	39500
DETHLEFFS	Van	Van Camper Globetrail 640 DB Fiat Multijet light JTD.			2300	4	D	88	14.49	120	37800
DETHLEFFS	Van	Van Camper Globetrail 640 DB Fiat Multijet light JTD.			2300	4	D	103	14.49	140	38300
DETHLEFFS	Van	Van Camper Globetrail 640 DB Fiat Multijet light JTD.			2300	4	D	118	14.49	160	39800
DETHLEFFS	Van	Van Camper Globetrail 640 DB Fiat Multijet light JTD.			2300	4	D	132	14.49	180	41000
DETHLEFFS	Van	Van Camper Globetrail CV 600 DR Performance Crafter TDI SCR Li			2000	4	D	120	13.32	163	57500
DETHLEFFS	Van	Van Camper Globetrail CVD 540 DR Fiat Multijet light JTD.			2300	4	D	103	14.49	140	41200
DETHLEFFS	Van	Van Camper Globetrail CVD 590 C Ford 2,0 ECO Blue.			2000	4	D	96	13.32	130	44200
DETHLEFFS	Van	Van Camper Globetrail CVD 590 C Ford 2,0 ECO Blue.			2000	4	D	125	13.32	170	44900
DETHLEFFS	Van	Van Camper Globetrail CVD 590 C Ford 2,0 ECO Blue Automático.			2000	4	D	96	13.32	130	45900
DETHLEFFS	Van	Van Camper Globetrail CVD 590 C Ford 2,0 ECO Blue Automático.			2000	4	D	125	13.32	170	46600
DETHLEFFS	Van	Van Camper Globetrail CVD 600 FI Fiat Multijet light JTD.			2300	4	D	103	14.49	140	42200
DETHLEFFS	Van	Van Camper Globetrail CVD 600 FI Fiat Multijet light JTD.			2300	4	D	132	14.49	180	44200
DETHLEFFS	Van	Van Camper Globetrail CVD 600 FI Fiat Multijet light JTD automático.			2300	4	D	103	14.49	140	44800
DETHLEFFS	Van	Van Camper Globetrail CVD 600 FI Fiat Multijet light JTD automático.			2300	4	D	132	14.49	180	46800
DETHLEFFS	Van	Van Camper Globetrail CVD 600 PE Citroen/Peugeot Blue HDI.			2200	4	D	103	14.10	140	42200
DETHLEFFS	Van	Van Camper Globetrail CVD 600 PE Citroen/Peugeot Blue HDI.			2200	4	D	121	14.10	165	44100
DETHLEFFS	Van	Van Camper Globetrail CVD 600 S FI Fiat Multijet light JTD.			2300	4	D	103	14.49	140	43700
DETHLEFFS	Van	Van Camper Globetrail CVD 600 S FI Fiat Multijet light JTD.			2300	4	D	132	14.49	180	45600
DETHLEFFS	Van	Van Camper Globetrail CVD 600 S FI Fiat Multijet light JTD automático.			2300	4	D	103	14.49	140	46200
DETHLEFFS	Van	Van Camper Globetrail CVD 600 S FI Fiat Multijet light JTD automático.			2300	4	D	132	14.49	180	48200
DETHLEFFS	Van	Van Camper Globetrail CVD 600 S PE Citroen/Peugeot Blue HDI.			2200	4	D	103	14.10	140	43700
DETHLEFFS	Van	Van Camper Globetrail CVD 600 S PE Citroen/Peugeot Blue HDI.			2200	4	D	121	14.10	165	45500
DETHLEFFS	Van	Van Camper Globetrail CVD 640 FI Fiat Multijet light JTD.			2300	4	D	103	14.49	140	43600
DETHLEFFS	Van	Van Camper Globetrail CVD 640 FI Fiat Multijet light JTD.			2300	4	D	132	14.49	180	45500
DETHLEFFS	Van	Van Camper Globetrail CVD 640 FI Fiat Multijet light JTD automático.			2300	4	D	103	14.49	140	46100
DETHLEFFS	Van	Van Camper Globetrail CVD 640 FI Fiat Multijet light JTD automático.			2300	4	D	132	14.49	180	48100
DETHLEFFS	Van	Van Camper Globetrail CVD 640 FI Maxi-Chasis Fiat Multijet light JTD.			2300	4	D	103	14.49	140	43800
DETHLEFFS	Van	Van Camper Globetrail CVD 640 FI Maxi-Chasis Fiat Multijet light JTD.			2300	4	D	132	14.49	180	45700
DETHLEFFS	Van	Van Camper Globetrail CVD 640 FI Maxi-Chasis Fiat Multijet light JTD automático.			2300	4	D	103	14.49	140	46300
DETHLEFFS	Van	Van Camper Globetrail CVD 640 FI Maxi-Chasis Fiat Multijet light JTD automático.			2300	4	D	132	14.49	180	48300
DETHLEFFS	Van	Van Camper Globetrail CVD 640 PE Citroen/Peugeot Blue HDI.			2200	4	D	103	14.10	140	43600
DETHLEFFS	Van	Van Camper Globetrail CVD 640 PE Citroen/Peugeot Blue HDI.			2200	4	D	121	14.10	165	45400
DETHLEFFS	Van	Van Camper Globetrail CVD 640 PE Maxi-Chasis Citroen/Peugeot Blue HDI.			2200	4	D	103	14.10	140	43800
DETHLEFFS	Van	Van Camper Globetrail CVD 640 PE Maxi-Chasis Citroen/Peugeot Blue HDI.			2200	4	D	121	14.10	165	45500
DETHLEFFS	Van	Van Camper Globetrail CVD 640 S FI Fiat Multijet light JTD.			2300	4	D	103	14.49	140	45000
DETHLEFFS	Van	Van Camper Globetrail CVD 640 S FI Fiat Multijet light JTD.			2300	4	D	132	14.49	180	46900
DETHLEFFS	Van	Van Camper Globetrail CVD 640 S FI Fiat Multijet light JTD automático.			2300	4	D	103	14.49	140	47600
DETHLEFFS	Van	Van Camper Globetrail CVD 640 S FI Fiat Multijet light JTD automático.			2300	4	D	132	14.49	180	49500
DETHLEFFS	Van	Van Camper Globetrail CVD 640 S FI Maxi-Chasis Fiat Multijet light JTD.			2300	4	D	103	14.49	140	45100
DETHLEFFS	Van	Van Camper Globetrail CVD 640 S FI Maxi-Chasis Fiat Multijet light JTD.			2300	4	D	132	14.49	180	47200
DETHLEFFS	Van	Van Camper Globetrail CVD 640 S FI Maxi-Chasis Fiat Multijet light JTD			2300	4	D	103	14.49	140	47800
DETHLEFFS	Van	Van Camper Globetrail CVD 640 S FI Maxi-Chasis Fiat Multijet light JTD			2300	4	D	132	14.49	180	49700
DETHLEFFS	Van	Van Camper Globetrail CVD 640 S PE Citroen/Peugeot Blue HDI.			2200	4	D	103	14.10	140	45000
DETHLEFFS	Van	Van Camper Globetrail CVD 640 S PE Citroen/Peugeot Blue HDI.			2200	4	D	121	14.10	165	46800
DETHLEFFS	Van	Van Camper Globetrail CVD 640 S PE Maxi-Chasis Citroen/Peugeot Blue HDI.			2200	4	D	103	14.10	140	45100
DETHLEFFS	Van	Van Camper Globetrail CVD 640 S PE Maxi-Chasis Citroen/Peugeot Blue HDI.			2200	4	D	121	14.10	165	46900
DETHLEFFS	XL	XL FAMILY A 7872-2.	2025		2200	4	D	132	14.10	180	108400
DREAMER	CAMPERVAN	CAMPERVAN XL LIMITED Peugeot.			2200	4	D	121	14.10	165	49400
DREAMER	CAP	CAP FUN.			2000	4	D	77	13.32	105	36200
DREAMER	CAP	CAP LAND SELECT.			2300	4	D	96	14.49	130	40100
DREAMER	City	City Camp Ford 136.			2000	4	D	103	14.49	136	40200
DREAMER	D42	D42 FUN.			2300	4	D	96	14.49	130	36600
DREAMER	D43	D43 FUN.			2300	4	D	96	14.49	130	36600
DREAMER	D43	D43 UP.	2023		2200	4	D	103	14.44	140	60500
DREAMER	D43	D43 UP Peugeot.			2200	4	D	88	14.10	120	41800
DREAMER	D50	D50 SELECT.			2300	4	D	96	14.49	130	43300
DREAMER	D51	D51 FUN.	2025		2300	4	D	125	14.49	170	58500
DREAMER	D51	D51 FUN Ford Transit.			2300	4	D	96	14.49	130	38300
DREAMER	D51	D51 SELECT Ford Transit.			2000	4	D	125	13.32	170	45200
DREAMER	D53	D53 FUN.			2300	4	D	96	14.49	130	38100
DREAMER	D55	D55 EXCLUSIVE.	2023		2200	4	D	103	14.44	140	57800
DREAMER	D55	D55 EXCLUSIVE Peugeot.			2200	4	D	88	14.10	120	40600
DREAMER	D55	D55 FUN.			2300	4	D	96	14.49	130	38100
DREAMER	D55	D55 FUN EXCLUSIVE.	2022		2179	4	D	103	14.02	140	61900
DREAMER	D55	D55 FUN UP (22-D).	2022		2179	4	D	103	14.44	140	60400
DREAMER	D55	D55 FUN UP Peugeot.			2200	4	D	88	14.10	120	43900
DREAMER	D55	D55 SELECT.			2300	4	D	96	14.49	130	42400
DREAMER	D55	D55 SELECT LIMITED Peugeot.			2200	4	D	103	14.10	140	44300
DREAMER	D55	D55 SELECT PLUS.	2022		2300	4	D	96	14.49	130	64000
DREAMER	D58	D58 FUN.			2300	4	D	96	14.49	130	38100
DREAMER	D62	D62 SELECT LIMITED Peugeot.			2200	4	D	103	14.10	140	44600
DREAMER	D68.	D68.	2024		2200	4	D	103	14.10	140	57700
DREAMER	D68	D68 SELECT.			2300	4	D	96	14.49	130	44200
DREAMER	D68	D68 SELECT LIMITED Peugeot.			2200	4	D	103	14.10	140	45400
DREAMER	FAMILY	FAMILY SELECT.			2300	4	D	96	14.49	130	46100
DREAMER	FAMILY	FAMILY VAN.	2025		2300	4	D	103	14.49	140	61000
DREAMER	FAMILY	FAMILY VAN SELECT.	2023		2200	4	D	103	14.44	140	67300
DREAMER	FUN	FUN CAMPER FIVE Fiat Ducato.			2300	4	D	88	14.49	120	42600
DREAMER	FUN	FUN CAMPER FIVE Fiat Ducato 2,30.			2300	4	D	103	14.49	140	40900
DREAMER	FUN	FUN CAMPER SPORT Fiat Ducato 2,30.			2300	4	D	103	14.49	140	40300
DREAMER	FUN	FUN D42 FUN Fiat Ducato.			2300	4	D	88	14.49	120	30500
DREAMER	FUN	FUN D43 FUN Fiat Ducato.			2300	4	D	88	14.49	120	32000
DREAMER	FUN	FUN D43 UP Fiat Ducato.			2300	4	D	88	14.49	120	34000
DREAMER	FUN	FUN D43 UP Fiat Ducato 2,30.			2300	4	D	103	14.49	140	40600
DREAMER	FUN	FUN D55 EXCLUSIVE Fiat Ducato.			2300	4	D	88	14.49	120	34400
DREAMER	FUN	FUN D55 Fiat Ducato 2,30.			2300	4	D	103	14.49	140	37600
DREAMER	FUN	FUN D55 FUN UP Fiat Ducato.			2300	4	D	88	14.49	120	36100
DREAMER	FUN	FUN D55 UP Fiat Ducato 2,30.			2300	4	D	103	14.49	140	42800
DREAMER	FUN	FUN D60 FUN Fiat Ducato.			2300	4	D	88	14.49	120	34900
DREAMER	MIRANDES	MIRANDES SELECT.			2300	4	D	88	14.49	120	40900
DREAMER	SELECT	SELECT CAMPERVAN XL LIMITED Fiat Ducato.			2300	4	D	103	14.49	140	42400
DREAMER	SELECT	SELECT CAMPERVAN XL SAPHIR Fiat Ducato 2,3.			2300	4	D	103	14.49	140	50200
DREAMER	SELECT	SELECT CAP COAST.			2000	4	D	96	13.32	130	40500
DREAMER	SELECT	SELECT CAP COAST Ford Custom.			2000	4	D	96	13.32	130	31700
DREAMER	SELECT	SELECT CAP LAND Ford Custom.			2000	4	D	96	13.32	130	36200
DREAMER	SELECT	SELECT CAP LAND SELECT Ford Custom 2,0.			2000	4	D	100	13.32	136	42600
DREAMER	SELECT	SELECT D51 SELECT Fiat Ducato.			2300	4	D	103	14.49	140	36200
DREAMER	SELECT	SELECT D51 SELECT Ford Transit.			2000	4	D	125	13.32	170	45800
DREAMER	SELECT	SELECT D55 SAPHIR Fiat Ducato 2,30.			2300	4	D	103	14.49	140	46500
DREAMER	SELECT	SELECT D55 SELECT LIMITED Fiat Ducato.			2300	4	D	103	14.49	140	38500
DREAMER	SELECT	SELECT D62 SAPHIR Fiat Ducato 2,30.			2300	4	D	103	14.49	140	46500
DREAMER	SELECT	SELECT D62 SELECT LIMITED Fiat Ducato.			2300	4	D	103	14.49	140	38800
DREAMER	SELECT	SELECT D68 Fiat Ducato 2,30.			2300	4	D	103	14.49	140	45500
DREAMER	SELECT	SELECT D68 SAPHIR Fiat Ducato 2,30.			2300	4	D	103	14.49	140	48300
DREAMER	SELECT	SELECT D68 SAPHIR UP Fiat Ducato 2,30.			2300	4	D	103	14.49	140	52300
DREAMER	SELECT	SELECT D68 SELECT LIMITED Fiat Ducato.			2300	4	D	103	14.49	140	39700
DREAMER	SELECT	SELECT FAMILY SELECT Fiat Ducato.			2300	4	D	103	14.49	140	46900
DREAMER	SELECT	SELECT LIVING VAN Fiat Ducato.			2300	4	D	103	14.49	140	39900
DREAMER	SELECT	SELECT LIVING VAN Fiat Ducato 2,30.			2300	4	D	103	14.49	140	48500
DREAMER	UP.	UP.	2022		2179	4	D	103	14.02	140	57500
ELNAGH	60	60 P.			2200	4	D	74	14.10	100	44900
ELNAGH	A-LOFT	A-LOFT 450.			2300	4	D	96	14.49	130	49900
ELNAGH	A-LOFT	A-LOFT 530.			2300	4	D	96	14.49	130	50200
ELNAGH	BARON	BARON 14 22 L MTJ.			2300	4	D	96	14.49	130	44000
ELNAGH	BARON	BARON 14 35 L MTJ.			2300	4	D	96	14.49	130	42300
ELNAGH	BARON	BARON 20 Fiat Ducato 35 L.			2200	4	D	103	14.10	140	45600
ELNAGH	BARON	BARON 22.			2300	4	D	96	14.49	130	44900
ELNAGH	BARON	BARON 22 Fiat Ducato 35 L.			2300	4	D	88	14.49	120	32500
ELNAGH	BARON	BARON 26 Fiat Ducato 35 L.			2300	4	D	88	14.49	120	32200
ELNAGH	BARON	BARON 26G 35L MTJ.			2300	4	D	96	14.49	130	44700
ELNAGH	BARON	BARON 27 L.			2200	4	D	74	14.10	100	35800
ELNAGH	BARON	BARON 27 L.			2300	4	D	96	14.49	130	38500
ELNAGH	BARON	BARON 37.			2200	4	D	74	14.10	100	36500
ELNAGH	BARON	BARON 37.			2200	4	D	85	14.10	115	37300
ELNAGH	BARON	BARON 37.			2300	4	D	96	14.49	130	38700
ELNAGH	BARON	BARON 420 L.			2200	4	D	74	14.10	100	38500
ELNAGH	BARON	BARON 420 L.			2200	4	D	85	14.10	115	37800
ELNAGH	BARON	BARON 420 L.			2300	4	D	96	14.49	130	39200
ELNAGH	BARON	BARON 45 35L MTJ.			2300	4	D	96	14.49	130	43900
ELNAGH	BARON	BARON 450 35L MTJ.			2300	4	D	96	14.49	130	44400
ELNAGH	BARON	BARON 46.			2000	4	D	85	13.32	115	37800
ELNAGH	BARON	BARON 46.			2200	4	D	74	14.10	100	37700
ELNAGH	BARON	BARON 46.			2300	4	D	96	14.49	130	39200
ELNAGH	BARON	BARON 47 D.			2200	4	D	74	14.10	100	38600
ELNAGH	BARON	BARON 47 D.			2200	4	D	85	14.10	115	39900
ELNAGH	BARON	BARON 47 D.			2300	4	D	96	14.49	130	39900
ELNAGH	BARON	BARON 53 35L MTJ.			2300	4	D	96	14.49	130	44700
ELNAGH	BARON	BARON 531 Fiat Ducato 35 L.			2300	4	D	88	14.49	120	31900
ELNAGH	BARON	BARON 54G 35L MTJ.			2300	4	D	96	14.49	130	45500
ELNAGH	BARON	BARON 560 Fiat Ducato 35 L.			2300	4	D	88	14.49	120	33000
ELNAGH	BARON	BARON 565 Fiat Ducato 35 L.			2300	4	D	88	14.49	120	32500
ELNAGH	BARON	BARON 573 Fiat Ducato 35 L.			2300	4	D	88	14.49	120	33300
ELNAGH	BARON	BARON 575 Fiat Ducato 35 L.			2300	4	D	88	14.49	120	33300
ELNAGH	BARON	BARON 579.	2023		2200	4	D	121	14.10	165	63000
ELNAGH	BARON	BARON 579 Fiat Ducato 35 L.			2300	4	D	88	14.49	120	33600
ELNAGH	BARON	BARON 580 L.			2200	4	D	74	14.10	100	37700
ELNAGH	BARON	BARON 580 L.			2200	4	D	85	14.10	115	39200
ELNAGH	BARON	BARON 580 L.			2300	4	D	96	14.49	130	40000
ELNAGH	BARON	BARON 581 35L MTJ.			2300	4	D	96	14.49	130	45700
ELNAGH	BARON	BARON 65 Fiat Ducato 35 L.			2300	4	D	88	14.49	120	32500
ELNAGH	BARON	BARON 73G 35L MTJ.			2300	4	D	96	14.49	130	45900
ELNAGH	BARON	BARON Capuchinas 20 Citroën Jumper / Peugeot Boxer.			2200	4	D	103	14.10	140	42900
ELNAGH	BARON	BARON Capuchinas 20 Fiat Ducato 35 L 2.2.			2200	4	D	103	14.10	140	44400
ELNAGH	BARON	BARON Capuchinas 22 Citroën Jumper 35L.			2200	4	D	103	14.10	140	44900
ELNAGH	BARON	BARON Capuchinas 22 Fiat Ducato 35 L.			2200	4	D	103	14.10	140	45900
ELNAGH	BARON	BARON Capuchinas 26 Citroën Jumper 35L.			2200	4	D	103	14.10	140	44600
ELNAGH	BARON	BARON Capuchinas 26 Fiat Ducato 35 L.			2200	4	D	103	14.10	140	45600
ELNAGH	BARON	BARON Capuchinas 65 Citroën Jumper 35L.			2200	4	D	103	14.10	140	44900
ELNAGH	BARON	BARON Capuchinas 65 Fiat Ducato 35 L.			2200	4	D	103	14.10	140	45900
ELNAGH	BARON	BARON Perfiladas 531 Citroën Jumper 35L.			2200	4	D	103	14.10	140	44100
ELNAGH	BARON	BARON Perfiladas 531 Fiat Ducato 35 L.			2200	4	D	103	14.10	140	44100
ELNAGH	BARON	BARON Perfiladas 560 Citroën Jumper 35L.			2200	4	D	103	14.10	140	45700
ELNAGH	BARON	BARON Perfiladas 560 Fiat Ducato 35 L.			2200	4	D	103	14.10	140	46700
ELNAGH	BARON	BARON Perfiladas 565 Citroën Jumper 35L.			2200	4	D	103	14.10	140	44900
ELNAGH	BARON	BARON Perfiladas 565 Fiat Ducato 35 L.			2200	4	D	103	14.10	140	45100
ELNAGH	BARON	BARON Perfiladas 573 Citroën Jumper 35L.			2200	4	D	103	14.10	140	46200
ELNAGH	BARON	BARON Perfiladas 573 Fiat Ducato 35 L.			2200	4	D	103	14.10	140	47200
ELNAGH	BARON	BARON Perfiladas 575 Citroën Jumper 35L.			2200	4	D	103	14.10	140	46200
ELNAGH	BARON	BARON Perfiladas 575 Fiat Ducato 35 L.			2200	4	D	103	14.10	140	47200
ELNAGH	BARON	BARON Perfiladas 579 Citroën Jumper 35L.			2200	4	D	103	14.10	140	46500
ELNAGH	BARON	BARON Perfiladas 579 Fiat Ducato 35 L.			2200	4	D	103	14.10	140	46600
ELNAGH	BARON25	BARON25 L.			2200	4	D	74	14.10	100	35200
ELNAGH	BARON25	BARON25 L.			2300	4	D	96	14.49	130	37400
ELNAGH	BIG	BIG MARLIN M150.	2005		2800	4	D	107	16.30	145	49000
ELNAGH	CLIPPER	CLIPPER 20.	2003		2000	4	D	62	13.30	84	43100
ELNAGH	CLIPPER	CLIPPER 620 GL.	1990		2500	4	D	55	15.22	75	41600
ELNAGH	COMPACT	COMPACT 539 Ford Transit 2.0.l.			2000	4	D	96	13.32	130	41800
ELNAGH	COMPACT	COMPACT 539 NB Ford Transit 2.0.l.			2000	4	D	96	13.32	130	41500
ELNAGH	DINGHY.	DINGHY.	2002		2800	4	D	94	16.30	127	45100
ELNAGH	DNB/5	DNB/5 5.40.			1998	4	D	74	13.31	100	35600
ELNAGH	DORAL.	DORAL.	2000		2800	4	D	90	16.30	122	43100
ELNAGH	DUKE	DUKE 310.			2200	4	D	74	14.10	100	40500
ELNAGH	DUKE	DUKE 310.			2300	4	D	96	14.49	130	42700
ELNAGH	DUKE	DUKE 37.			2200	4	D	74	14.10	100	42400
ELNAGH	DUKE	DUKE 37.			2300	4	D	96	14.49	130	44600
ELNAGH	DUKE	DUKE 45.			2300	4	D	110	14.49	150	45800
ELNAGH	DUKE	DUKE 45.			2000	4	D	85	13.32	115	43500
ELNAGH	DUKE	DUKE 45.			2300	4	D	96	14.49	130	44700
ELNAGH	DUKE	DUKE 450 L.			2200	4	D	74	14.10	100	41800
ELNAGH	DUKE	DUKE 450 L.			2300	4	D	96	14.49	130	44100
ELNAGH	DUKE	DUKE 46.			2200	4	D	74	14.10	100	42600
ELNAGH	DUKE	DUKE 46.			2300	4	D	96	14.49	130	44900
ELNAGH	DUKE	DUKE 53.			2300	4	D	110	14.49	150	46200
ELNAGH	DUKE	DUKE 53.			2000	4	D	85	13.32	115	44000
ELNAGH	DUKE	DUKE 53.			2300	4	D	96	14.49	130	45200
ELNAGH	DUKE	DUKE 530 L.			2200	4	D	74	14.10	100	42800
ELNAGH	DUKE	DUKE 530 L.			2300	4	D	96	14.49	130	45100
ELNAGH	DUKE	DUKE 54.			2300	4	D	110	14.49	150	45800
ELNAGH	DUKE	DUKE 54.			2000	4	D	85	13.32	115	43500
ELNAGH	DUKE	DUKE 54.			2300	4	D	96	14.49	130	44700
ELNAGH	DUKE	DUKE 55.			2300	4	D	96	14.49	130	42900
ELNAGH	DUKE	DUKE 57 D.			2200	4	D	74	14.10	100	42400
ELNAGH	DUKE	DUKE 57 D.			2300	4	D	96	14.49	130	44700
ELNAGH	DUKE	DUKE 590 L.			2200	4	D	74	14.10	100	43400
ELNAGH	DUKE	DUKE 590 L.			2300	4	D	96	14.49	130	45600
ELNAGH	DUKE	DUKE 67.			2300	4	D	110	14.49	150	45800
ELNAGH	DUKE	DUKE 67.			2000	4	D	85	13.32	115	43500
ELNAGH	DUKE	DUKE 67.			2300	4	D	96	14.49	130	44700
ELNAGH	ECH	ECH 5.50.			2496	4	D	49	15.21	67	31600
ELNAGH	E-VAN	E-VAN 2 Citroën Jumper 33L.			2200	4	D	88	14.10	120	35800
ELNAGH	E-VAN	E-VAN 2 Fiat Ducato 33L.			2200	4	D	88	14.10	120	31100
ELNAGH	E-VAN	E-VAN 2 Fiat Ducato EURO 6D 33 LIGHT.			2200	4	D	88	14.10	120	37000
ELNAGH	E-VAN	E-VAN 5 Citroën Jumper 33L.			2200	4	D	88	14.10	120	36100
ELNAGH	E-VAN	E-VAN 5 Fiat Ducato 33L.			2200	4	D	88	14.10	120	31500
ELNAGH	E-VAN	E-VAN 5 Fiat Ducato EURO 6D 33 LIGHT.			2200	4	D	88	14.10	120	37400
ELNAGH	E-VAN	E-VAN 5 TREND.	2022		2200	4	D	103	14.10	140	55200
ELNAGH	E-VAN	E-VAN DUO Citroën Jumper 35L.			2200	4	D	88	14.10	120	37800
ELNAGH	E-VAN	E-VAN DUO Fiat Ducato 35L.			2200	4	D	88	14.10	120	33000
ELNAGH	E-VAN	E-VAN DUO Fiat Ducato EURO 6D 33 LIGHT.			2200	4	D	88	14.10	120	38500
ELNAGH	E-VAN	E-VAN K2.	2024		2200	4	D	103	14.10	140	50400
ELNAGH	E-VAN	E-VAN K2 Citroën Jumper 33L.			2200	4	D	88	14.10	120	35300
ELNAGH	E-VAN	E-VAN K2 Fiat Ducato 33L.			2200	4	D	88	14.10	120	30600
ELNAGH	E-VAN	E-VAN K2 Fiat Ducato EURO 6D 33 LIGHT.			2200	4	D	88	14.10	120	36500
ELNAGH	E-VAN	E-VAN PREMIUM 2 Fiat Ducato 33L.			2200	4	D	88	14.10	120	40500
ELNAGH	E-VAN	E-VAN PREMIUM 4 Fiat Ducato 33L.			2200	4	D	88	14.10	120	36400
ELNAGH	E-VAN	E-VAN PREMIUM 5 Fiat Ducato 33L.			2200	4	D	88	14.10	120	40900
ELNAGH	E-VAN	E-VAN PREMIUM 6 Fiat Ducato EURO 6D 33 LIGHT.			2200	4	D	88	14.10	120	40900
ELNAGH	E-VAN	E-VAN PREMIUM 6 XL Fiat Ducato EURO 6D 33 LIGHT.			2200	4	D	88	14.10	120	41900
ELNAGH	E-VAN	E-VAN PREMIUM DUO Fiat Ducato 35L.			2200	4	D	88	14.10	120	42500
ELNAGH	E-VAN	E-VAN PREMIUM DUO XL Fiat Ducato 35L.			2200	4	D	88	14.10	120	42700
ELNAGH	E-VAN	E-VAN PREMIUM K2 Fiat Ducato 33L.			2200	4	D	88	14.10	120	40700
ELNAGH	E-VAN	E-VAN TREND 2 Citroën Jumper 33L.			2200	4	D	88	14.10	120	38800
ELNAGH	E-VAN	E-VAN TREND 2 Fiat Ducato 33L.			2200	4	D	88	14.10	120	38600
ELNAGH	E-VAN	E-VAN TREND 4 Fiat Ducato 33L.			2200	4	D	88	14.10	120	34500
ELNAGH	E-VAN	E-VAN TREND 5.	2024		2200	4	D	103	14.10	140	52200
ELNAGH	E-VAN	E-VAN TREND 5 Citroën Jumper 33L.			2200	4	D	88	14.10	120	39300
ELNAGH	E-VAN	E-VAN TREND 5 Fiat Ducato 33L.			2200	4	D	88	14.10	120	39000
ELNAGH	E-VAN	E-VAN TREND 6 Fiat Ducato 2.200 cc EURO 6D 33 LIGHT.			2200	4	D	88	14.10	120	39000
ELNAGH	E-VAN	E-VAN TREND DUO Citroën Jumper 35L.			2200	4	D	88	14.10	120	40700
ELNAGH	E-VAN	E-VAN TREND DUO Fiat Ducato 35L.			2200	4	D	88	14.10	120	40500
ELNAGH	E-VAN	E-VAN TREND DUO XL.	2024		2200	4	D	103	14.10	140	56200
ELNAGH	E-VAN	E-VAN TREND DUO XL Citroën Jumper 35L.			2200	4	D	88	14.10	120	40900
ELNAGH	E-VAN	E-VAN TREND DUO XL Fiat Ducato 35L.			2200	4	D	88	14.10	120	40700
ELNAGH	E-VAN	E-VAN TREND K2.	2024		2200	4	D	103	14.10	140	53400
ELNAGH	E-VAN	E-VAN TREND K2 Citroën Jumper 33L.			2200	4	D	88	14.10	120	38400
ELNAGH	E-VAN	E-VAN TREND K2 Fiat Ducato 33L.			2200	4	D	88	14.10	120	38200
ELNAGH	I-LOFT	I-LOFT 450.			2300	4	D	110	14.49	150	59200
ELNAGH	I-LOFT	I-LOFT 450.			2300	4	D	96	14.49	130	58300
ELNAGH	I-LOFT	I-LOFT 529.			2300	4	D	110	14.49	150	60000
ELNAGH	I-LOFT	I-LOFT 529.			2300	4	D	96	14.49	130	59100
ELNAGH	I-LOFT	I-LOFT 530.			2300	4	D	110	14.49	150	60000
ELNAGH	I-LOFT	I-LOFT 530.			2300	4	D	96	14.49	130	59100
ELNAGH	I-LOFT	I-LOFT 581.			2300	4	D	110	14.49	150	60300
ELNAGH	I-LOFT	I-LOFT 581.			2300	4	D	96	14.49	130	59100
ELNAGH	I-LOFT	I-LOFT 591.			2300	4	D	96	14.49	130	59500
ELNAGH	JOXY	JOXY 11.	2004		2800	4	D	94	16.29	127	67300
ELNAGH	KING	KING 450 35L MTJ.			2300	4	D	96	14.49	130	54700
ELNAGH	KING	KING 53 35L MTJ.			2300	4	D	96	14.49	130	54700
ELNAGH	KING	KING 530 35L MTJ.			2300	4	D	96	14.49	130	54700
ELNAGH	KING	KING 55 35L MTJ.			2300	4	D	96	14.49	130	54700
ELNAGH	KING	KING 580 35L MTJ.			2300	4	D	96	14.49	130	54700
ELNAGH	KING	KING 81 35L MTJ.			2300	4	D	96	14.49	130	54700
ELNAGH	KING	KING 860.	1996		2496	4	D	74	15.21	101	44300
ELNAGH	M	M 200.	2007		2300	4	D	96	14.49	130	58100
ELNAGH	M50.	M50.			2800	4	D	90	16.30	122	40200
ELNAGH	MAGNUM	MAGNUM 29 35L MTJ.			2300	4	D	96	14.49	130	61500
ELNAGH	MAGNUM	MAGNUM 30.			2300	4	D	110	14.49	150	58400
ELNAGH	MAGNUM	MAGNUM 30.			3000	4	D	118	16.99	160	57500
ELNAGH	MAGNUM	MAGNUM 30.			3000	4	D	132	16.99	180	60600
ELNAGH	MAGNUM	MAGNUM 30.			2300	4	D	96	14.49	130	57300
ELNAGH	MAGNUM	MAGNUM 30 35L MTJ.			2300	4	D	96	14.49	130	61800
ELNAGH	MAGNUM	MAGNUM 530 Fiat Ducato 35 L.			2200	4	D	103	14.10	140	56600
ELNAGH	MAGNUM	MAGNUM 530 Fiat Ducato 35 L.			2300	4	D	88	14.49	120	41000
ELNAGH	MAGNUM	MAGNUM 532 Fiat Ducato 35 L.			2200	4	D	103	14.10	140	57000
ELNAGH	MAGNUM	MAGNUM 532 Fiat Ducato 35 L.			2300	4	D	88	14.49	120	41200
ELNAGH	MAGNUM	MAGNUM 55 35L MTJ.			2300	4	D	96	14.49	130	61500
ELNAGH	MAGNUM	MAGNUM 582 Fiat Ducato 35 L.			2200	4	D	103	14.10	140	57000
ELNAGH	MAGNUM	MAGNUM 582 Fiat Ducato 35 L.			2300	4	D	88	14.49	120	41200
ELNAGH	MAGNUM	MAGNUM 70.			2300	4	D	110	14.49	150	58400
ELNAGH	MAGNUM	MAGNUM 70.			3000	4	D	118	16.99	160	57500
ELNAGH	MAGNUM	MAGNUM 70.			3000	4	D	132	16.99	180	60600
ELNAGH	MAGNUM	MAGNUM 70.			2300	4	D	96	14.49	130	57300
ELNAGH	MAGNUM	MAGNUM 80.			2300	4	D	110	14.49	150	58400
ELNAGH	MAGNUM	MAGNUM 80.			3000	4	D	132	16.99	180	60600
ELNAGH	MAGNUM	MAGNUM 80.			2300	4	D	96	14.49	130	57300
ELNAGH	MAGNUM	MAGNUM 81 35L MTJ.			2300	4	D	96	14.49	130	61800
ELNAGH	MAGNUN	MAGNUN 533.			2445	4	D	84	15.03	114	44300
ELNAGH	MARLIN.	MARLIN.	2005		2800	4	D	94	16.29	127	48200
ELNAGH	MARLIN	MARLIN (MAAB 610).	2003		1997	4	D	62	13.31	84	42600
ELNAGH	MARLIN	MARLIN 56.	2000		1905	4	D	66	12.94	90	41000
ELNAGH	MARLIN	MARLIN 57 (FORD TRANSIT).	1999		2500	4	D	74	15.20	100	41500
ELNAGH	MARLIN	MARLIN 58 (FIAT 230BNMAB).	2001		1905	4	D	66	12.94	90	41500
ELNAGH	MARLIN	MARLIN 58 (FIAT DUCATO 1.9TD).	1998		1929	4	D	80	13.04	109	42800
ELNAGH	MARLIN	MARLIN 58 (FIAT DUCATO 14Q).	2005		2800	4	D	90	16.29	122	48200
ELNAGH	MARLIN	MARLIN 62 (FORD ).			2402	4	D	90	14.86	122	47500
ELNAGH	MARLIN	MARLIN 64 (FIAT).	2001		2800	4	D	94	16.29	127	47700
ELNAGH	P250.	P250.	2005		2300	4	D	81	14.49	110	48500
ELNAGH	P250.	P250.			2800	4	D	93	16.30	127	45400
ELNAGH	PRINCE	PRINCE 46.			2300	4	D	110	14.49	150	50600
ELNAGH	PRINCE	PRINCE 46.			3000	4	D	118	16.99	160	52800
ELNAGH	PRINCE	PRINCE 46.			3000	4	D	132	16.99	180	52800
ELNAGH	PRINCE	PRINCE 46.			2300	4	D	96	14.49	130	49600
ELNAGH	PRINCE	PRINCE 47.			2300	4	D	110	14.49	150	50000
ELNAGH	PRINCE	PRINCE 47.			3000	4	D	118	16.99	160	52300
ELNAGH	PRINCE	PRINCE 47.			3000	4	D	132	16.99	180	52200
ELNAGH	PRINCE	PRINCE 47.			2300	4	D	96	14.49	130	48900
ELNAGH	PRINCE	PRINCE 530 L.			2300	4	D	110	14.49	150	51700
ELNAGH	PRINCE	PRINCE 530 L.			3000	4	D	118	16.99	160	54000
ELNAGH	PRINCE	PRINCE 530 L.			3000	4	D	132	16.99	180	53800
ELNAGH	PRINCE	PRINCE 530 L.			2300	4	D	96	14.49	130	50600
ELNAGH	PRINCE	PRINCE 55 L.			2300	4	D	110	14.49	150	51700
ELNAGH	PRINCE	PRINCE 55 L.			3000	4	D	118	16.99	160	53900
ELNAGH	PRINCE	PRINCE 55 L.			3000	4	D	132	16.99	180	53800
ELNAGH	PRINCE	PRINCE 55 L.			2300	4	D	96	14.49	130	50600
ELNAGH	PRINCE	PRINCE 57.			2300	4	D	110	14.49	150	51300
ELNAGH	PRINCE	PRINCE 57.			3000	4	D	118	16.99	160	53700
ELNAGH	PRINCE	PRINCE 57.			3000	4	D	132	16.99	180	53400
ELNAGH	PRINCE	PRINCE 57.			2300	4	D	96	14.49	130	50100
ELNAGH	PRINCE	PRINCE 570 L.			3000	4	D	118	16.99	160	52500
ELNAGH	PRINCE	PRINCE 570 L.			2300	4	D	96	14.49	130	50100
ELNAGH	PRINCE	PRINCE 580 L.			2300	4	D	110	14.49	150	51500
ELNAGH	PRINCE	PRINCE 580 L.			3000	4	D	118	16.99	160	53800
ELNAGH	PRINCE	PRINCE 580 L.			3000	4	D	132	16.99	180	53700
ELNAGH	PRINCE	PRINCE 580 L.			2300	4	D	96	14.49	130	50400
ELNAGH	PRINCE	PRINCE 581 L.			2300	4	D	110	14.49	150	51300
ELNAGH	PRINCE	PRINCE 581 L.			3000	4	D	118	16.99	160	51000
ELNAGH	PRINCE	PRINCE 581 L.			3000	4	D	132	16.99	180	53400
ELNAGH	PRINCE	PRINCE 581 L.			2300	4	D	96	14.49	130	50100
ELNAGH	PRINCE	PRINCE 590 L.			2300	4	D	110	14.49	150	51100
ELNAGH	PRINCE	PRINCE 590 L.			3000	4	D	118	16.99	160	53400
ELNAGH	PRINCE	PRINCE 590 L.			3000	4	D	132	16.99	180	53200
ELNAGH	PRINCE	PRINCE 590 L.			2300	4	D	96	14.49	130	50000
ELNAGH	SEA	SEA 590MAO.			1997	4	D	62	13.31	84	42600
ELNAGH	SLEEK	SLEEK (FIAT).	2001		2800	4	D	94	16.30	127	52100
ELNAGH	SLEEK	SLEEK 542 (MERCEDES 312D 2.8 TD)).	2000		2874	5	D	90	18.10	122	61500
ELNAGH	SLIM.	SLIM.	2005		2800	4	D	94	16.30	127	66400
ELNAGH	SUPER	SUPER C45.	2008		2953	4	D	100	16.82	136	62300
ELNAGH	T-LOFT	T-LOFT 31.			2300	4	D	96	14.49	130	44000
ELNAGH	T-LOFT	T-LOFT 310.			2300	4	D	110	14.49	150	44900
ELNAGH	T-LOFT	T-LOFT 310.			2000	4	D	85	13.32	115	42600
ELNAGH	T-LOFT	T-LOFT 310.			2300	4	D	96	14.49	130	43900
ELNAGH	T-LOFT	T-LOFT 350.			2300	4	D	110	14.49	150	44900
ELNAGH	T-LOFT	T-LOFT 350.			2000	4	D	85	13.32	115	42600
ELNAGH	T-LOFT	T-LOFT 350.			2300	4	D	96	14.49	130	43900
ELNAGH	T-LOFT	T-LOFT 400.			2300	4	D	96	14.49	130	48700
ELNAGH	T-LOFT	T-LOFT 45.			2300	4	D	96	14.49	130	43200
ELNAGH	T-LOFT	T-LOFT 450.	2022		2200	4	D	103	14.10	140	61500
ELNAGH	T-LOFT	T-LOFT 450.			2300	4	D	110	14.49	150	46700
ELNAGH	T-LOFT	T-LOFT 450.			2000	4	D	85	13.32	115	43500
ELNAGH	T-LOFT	T-LOFT 450.			2300	4	D	96	14.49	130	48700
ELNAGH	T-LOFT	T-LOFT 450 35L MTJ.			2300	4	D	96	14.49	130	48300
ELNAGH	T-LOFT	T-LOFT 450 Citroën Jumper 35L.			2200	4	D	103	14.10	140	47300
ELNAGH	T-LOFT	T-LOFT 450 Fiat Ducato 35 L.			2200	4	D	103	14.10	140	48300
ELNAGH	T-LOFT	T-LOFT 450 Fiat Ducato 35 L.			2300	4	D	88	14.49	120	33900
ELNAGH	T-LOFT	T-LOFT 529.	2024		2200	4	D	103	14.10	140	59800
ELNAGH	T-LOFT	T-LOFT 529.			2300	4	D	96	14.49	130	48700
ELNAGH	T-LOFT	T-LOFT 529 Citroën Jumper 35L.			2200	4	D	103	14.10	140	46900
ELNAGH	T-LOFT	T-LOFT 529 Fiat Ducato 35 L.			2200	4	D	103	14.10	140	48000
ELNAGH	T-LOFT	T-LOFT 529 Fiat Ducato 35 L.			2300	4	D	88	14.49	120	34200
ELNAGH	T-LOFT	T-LOFT 53.			2300	4	D	96	14.49	130	43200
ELNAGH	T-LOFT	T-LOFT 530.	2022		2200	4	D	103	14.10	140	68200
ELNAGH	T-LOFT	T-LOFT 530.	2024		2200	4	D	103	14.10	140	60700
ELNAGH	T-LOFT	T-LOFT 530.			2300	4	D	110	14.49	150	46700
ELNAGH	T-LOFT	T-LOFT 530.			2000	4	D	85	13.32	115	43500
ELNAGH	T-LOFT	T-LOFT 530.			2300	4	D	96	14.49	130	49700
ELNAGH	T-LOFT	T-LOFT 530 Citroën Jumper 35L.			2200	4	D	103	14.10	140	47800
ELNAGH	T-LOFT	T-LOFT 530 Fiat Ducato 35 L.			2200	4	D	103	14.10	140	48700
ELNAGH	T-LOFT	T-LOFT 530 Fiat Ducato 35 L.			2300	4	D	88	14.49	120	34500
ELNAGH	T-LOFT	T-LOFT 531.			2300	4	D	110	14.49	150	46700
ELNAGH	T-LOFT	T-LOFT 531.			2000	4	D	85	13.32	115	43500
ELNAGH	T-LOFT	T-LOFT 531.			2300	4	D	96	14.49	130	49500
ELNAGH	T-LOFT	T-LOFT 532.	2024		2200	4	D	103	14.10	140	62100
ELNAGH	T-LOFT	T-LOFT 532 Citroën Jumper 35L.			2200	4	D	103	14.10	140	48900
ELNAGH	T-LOFT	T-LOFT 532 Fiat Ducato 35 L.			2200	4	D	103	14.10	140	49900
ELNAGH	T-LOFT	T-LOFT 532 Fiat Ducato 35 L.			2300	4	D	88	14.49	120	35400
ELNAGH	T-LOFT	T-LOFT 58.			2300	4	D	96	14.49	130	43200
ELNAGH	T-LOFT	T-LOFT 580.			2300	4	D	110	14.49	150	46700
ELNAGH	T-LOFT	T-LOFT 580.			2000	4	D	85	13.32	115	43500
ELNAGH	T-LOFT	T-LOFT 580.			2300	4	D	96	14.49	130	44700
ELNAGH	T-LOFT	T-LOFT 581.			2300	4	D	96	14.49	130	49700
ELNAGH	T-LOFT	T-LOFT 582.	2022		2200	4	D	103	14.10	140	70400
ELNAGH	T-LOFT	T-LOFT 582 Citroën Jumper 35L.			2200	4	D	103	14.10	140	49300
ELNAGH	T-LOFT	T-LOFT 582 Fiat Ducato 35 L.			2200	4	D	103	14.10	140	50300
ELNAGH	T-LOFT	T-LOFT 582 Fiat Ducato 35 L.			2300	4	D	88	14.49	120	35700
ELNAGH	T-LOFT	T-LOFT 591.			2300	4	D	96	14.49	130	50900
ESTEREL	21	21 LB/SL.			2200	4	D	110	14.10	150	88000
ESTEREL	24	24 TB/SL.			2200	4	D	110	14.10	150	89500
ESTEREL	24	24 TSB/TSL.			2200	4	D	110	14.10	150	89900
ESTEREL	37	37 TB/SL.			2200	4	D	110	14.10	150	92600
ESTEREL	37	37 TSB/TSL.			2200	4	D	110	14.10	150	93100
ESTEREL	39	39 LB/SL.			2200	4	D	110	14.10	150	92300
ESTEREL	41	41 J/SL.			2200	4	D	110	14.10	150	94000
ESTEREL	41	41 L/SL.			2200	4	D	110	14.10	150	93600
ESTEREL	45	45 T-LOFT.			2300	4	D	96	14.49	130	45100
ESTEREL	MANHATAN	MANHATAN (MERCEDES BENZ SPRINTER).	1998		2874	5	D	90	18.10	122	72900
ETRUSCO	A	A 6600 BB Fiat Ducato Euro 6 D.			2200	4	D	103	14.10	140	44400
ETRUSCO	A	A 7300 DB Fiat Ducato Euro 6 D.			2200	4	D	103	14.10	140	47600
ETRUSCO	Campervans	Campervans CV 540 DB Fiat Ducato Euro 6D.			2200	4	D	103	14.10	140	43000
ETRUSCO	Campervans	Campervans CV 600 BB Fiat Ducato Euro 6D.			2200	4	D	103	14.10	140	44200
ETRUSCO	Campervans	Campervans CV 600 DB Complete Selection Ford.			2000	4	D	96	13.32	130	43700
ETRUSCO	Campervans	Campervans CV 600 DB Fiat Ducato Euro 6D.			2200	4	D	103	14.10	140	42000
ETRUSCO	Campervans	Campervans CV 600 DB Plus Complete Selection Fiat Ducato 2.2 Euro 6D.			2200	4	D	103	14.10	140	45400
ETRUSCO	Campervans	Campervans CV 600 DF 4x4 Complete Selection Ford.			2000	4	D	125	13.32	170	52800
ETRUSCO	Campervans	Campervans CV 640 DB Plus Complete Selection Fiat Ducato 2.2 Euro 6D.			2200	4	D	103	14.10	140	47000
ETRUSCO	Campervans	Campervans CV 640 PB Complete Selection Fiat Ducato 2.2 Euro 6D.			2200	4	D	103	14.10	140	46000
ETRUSCO	Campervans	Campervans CV 640 SB Complete Selection Fiat Ducato 2.2 Euro 6D.			2200	4	D	103	14.10	140	45400
ETRUSCO	Campervans	Campervans CV 640 SB Fiat Ducato Euro 6D.			2200	4	D	103	14.10	140	43700
ETRUSCO	CV	CV 600 BB.	2022		2200	4	D	103	14.10	140	54200
ETRUSCO	CV	CV 600 DF.	2023		2000	4	D	125	13.32	170	51800
ETRUSCO	CV	CV 600 DF 4X4.	2023		2000	4	D	125	13.32	170	62400
ETRUSCO	CV	CV 600 DF 4x4 Complete Selection Ford.			2000	4	D	125	13.32	170	50100
ETRUSCO	CV	CV 600 DF Complete Selection Ford.			2000	4	D	125	13.32	170	42200
ETRUSCO	I	I 6900 QB Fiat Ducato Euro 6 D.			2300	4	D	103	14.10	140	54600
ETRUSCO	I	I 6900 SB Fiat Ducato Euro 6 D.			2200	4	D	103	14.10	140	56000
ETRUSCO	I	I 7400 QB.			2300	4	D	96	14.49	130	54800
ETRUSCO	I	I 7400 QB Fiat Ducato Euro 6D.			2200	4	D	103	14.10	140	57400
ETRUSCO	I	I 7400 QBC Fiat Ducato Euro 6D.			2200	4	D	103	14.10	140	59000
ETRUSCO	I	I 7400 SB.			2300	4	D	96	14.49	130	54800
ETRUSCO	I	I 7400 SB Fiat Ducato Euro 6D.			2200	4	D	103	14.10	140	58200
ETRUSCO	I	I 7400 SBC Fiat Ducato Euro 6D.			2200	4	D	103	14.10	140	58200
ETRUSCO	T	T 5900 DB.			2300	4	D	96	14.49	130	41700
ETRUSCO	T	T 5900 FB.			2300	4	D	96	14.49	130	41300
ETRUSCO	T	T 5900 FB Citroen Euro 6D.			2200	4	D	103	14.10	140	47200
ETRUSCO	T	T 5900 FB Fiat Ducato Euro 6D.			2200	4	D	103	14.10	140	36700
ETRUSCO	T	T 6.9 SF Complete Selection Ford.	2023		2000	4	D	118	13.32	160	64100
ETRUSCO	T	T 6900 DB.			2300	4	D	96	14.49	130	47500
ETRUSCO	T	T 6900 DB Fiat Ducato Euro 6D.			2200	4	D	103	14.10	140	46900
ETRUSCO	T	T 6900 QB.			2300	4	D	96	14.49	130	47200
ETRUSCO	T	T 6900 QB Fiat Ducato Euro 6D.			2300	4	D	103	14.10	140	41000
ETRUSCO	T	T 6900 SB.	2023		2200	4	D	103	14.10	130	61000
ETRUSCO	T	T 6900 SB Citroën Euro 6D.	2023		2200	4	D	103	14.10	140	74100
ETRUSCO	T	T 6900 SB Fiat Ducato Euro 6D.			2200	4	D	103	14.10	140	47300
ETRUSCO	T	T 7.3 CF Complete Selection Ford.			2000	4	D	96	13.32	130	51000
ETRUSCO	T	T 7.3 QCF Complete Selection Ford.	2024		2000	4	D	118	13.32	160	60100
ETRUSCO	T	T 7.3 SCF Complete Selection Ford.	2024		2000	4	D	118	13.32	160	64600
ETRUSCO	T	T 7.3 SF Complete Selection Ford.	2024		2000	4	D	118	13.32	160	66200
ETRUSCO	T	T 7300 SB.			2300	4	D	96	14.49	130	48900
ETRUSCO	T	T 7300 SB Citroen Euro 6D.			2200	4	D	103	14.10	140	51500
ETRUSCO	T	T 7300 SB Fiat Ducato Euro 6D.			2200	4	D	103	14.10	140	48200
ETRUSCO	T	T 7400 QB.			2300	4	D	96	14.49	130	48600
ETRUSCO	T	T 7400 QB Fiat Ducato Euro 6D.			2200	4	D	103	14.10	140	40800
ETRUSCO	T	T 7400 QBC Citroen Euro 6D.			2200	4	D	103	14.10	140	52400
ETRUSCO	T	T 7400 QBC Fiat Ducato Euro 6D.			2200	4	D	103	14.10	140	40900
ETRUSCO	T	T 7400 SB.			2300	4	D	96	14.49	130	45700
ETRUSCO	T	T 7400 SB.	2023		2200	4	D	103	14.10	140	65400
ETRUSCO	T	T 7400 SB Citroen Euro 6D.			2200	4	D	103	14.10	140	51500
ETRUSCO	T	T 7400 SB Fiat Ducato Euro 6D.			2200	4	D	103	14.10	140	48200
ETRUSCO	T	T 7400 SBC.	2023		2200	4	D	103	14.10	140	61500
ETRUSCO	T	T 7400 SBC Citroen Euro 6D.			2200	4	D	103	14.10	140	51500
ETRUSCO	T	T 7400 SBC Fiat Ducato Euro 6D.			2200	4	D	103	14.10	140	47400
ETRUSCO	V	V 5.9 DF Complete Selection Ford.	2023		2000	4	D	125	13.32	170	57900
ETRUSCO	V	V 5.9 DR Renault.	2023		2300	4	D	107	14.49	145	55400
ETRUSCO	V	V 6.6 SF Complete Selection Ford.	2023		2000	4	D	96	13.32	130	59500
ETRUSCO	V	V 6.8 SR Renault.	2023		2300	4	D	107	14.49	145	57900
ETRUSCO	Vans	Vans V 5900 DB Fiat Ducato Euro 6D.			2200	4	D	103	14.10	140	35100
ETRUSCO	Vans	Vans V 6600 DB Fiat Ducato Euro 6D.			2200	4	D	103	14.10	140	36500
EURA MOBIL	43	43 M/SL.			2200	4	D	110	14.10	150	94000
EURA MOBIL	560	560 LLS.	1991		2500	4	D	54	15.23	73	45900
EURA MOBIL	ACTIVA	ACTIVA A 600 EB.			2200	4	D	103	14.10	140	55600
EURA MOBIL	ACTIVA	ACTIVA A 635 LS.			2200	4	D	103	14.10	140	56900
EURA MOBIL	ACTIVA	ACTIVA A 820 EB/HS.			2200	4	D	103	14.10	140	72900
EURA MOBIL	ACTIVIA	ACTIVIA ONE 570 HS.	2022		2200	4	D	103	14.10	140	78000
EURA MOBIL	ACTIVIA	ACTIVIA ONE 570 HS.	2022		2200	4	D	118	14.10	160	81800
EURA MOBIL	CONTURA	CONTURA 766 QB.	2022		2100	4	D	125	13.72	170	100700
EURA MOBIL	CONTURA	CONTURA T 630 SB/HB.			2300	4	D	103	14.49	140	55600
EURA MOBIL	CONTURA	CONTURA T 670 SB.			2300	4	D	103	14.49	140	56500
EURA MOBIL	CONTURA	CONTURA T 700 EB.			2300	4	D	103	14.49	140	60900
EURA MOBIL	INTEGRA	INTEGRA I 6660 HB.			2300	4	D	115	14.49	156	73800
EURA MOBIL	INTEGRA	INTEGRA I 6660 HB kW.			2300	4	D	115	14.49	156	73800
EURA MOBIL	INTEGRA	INTEGRA I 690 HB2.			2300	4	D	118	14.49	160	76300
EURA MOBIL	INTEGRA	INTEGRA I 690 HB2 kW.			2300	4	D	115	14.49	156	76300
EURA MOBIL	INTEGRA	INTEGRA I 690 HB3.			2300	4	D	118	14.49	160	74200
EURA MOBIL	INTEGRA	INTEGRA I 690 HB3 kW.			2300	4	D	115	14.49	156	74200
EURA MOBIL	INTEGRA	INTEGRA I 700 EB.			2300	4	D	118	14.49	160	75000
EURA MOBIL	INTEGRA	INTEGRA I 700 EB kW.			2300	4	D	115	14.49	156	75000
EURA MOBIL	INTEGRA	INTEGRA I 840 EB.			2300	4	D	118	14.49	160	84200
EURA MOBIL	INTEGRA	INTEGRA I 840 EB kW.			2300	4	D	115	14.49	156	84200
EURA MOBIL	INTEGRA	INTEGRA I 850 HB/LS.			2300	4	D	118	14.49	160	84200
EURA MOBIL	INTEGRA	INTEGRA LINE 720 EB.	2022		2300	4	D	118	14.49	160	84800
EURA MOBIL	PROFILA	PROFILA A 580 LA.			2200	4	D	103	14.10	140	40500
EURA MOBIL	PROFILA	PROFILA A 660 HB.			2200	4	D	103	14.10	140	44200
EURA MOBIL	PROFILA	PROFILA A 675 VB.			2200	4	D	103	14.10	140	45200
EURA MOBIL	PROFILA	PROFILA RS 720 EB.	2022		2200	4	D	118	14.10	160	91900
EURA MOBIL	PROFILA	PROFILA T 622 SB.			2200	4	D	103	14.10	140	42300
EURA MOBIL	PROFILA	PROFILA T 642 SB.			2200	4	D	103	14.10	140	44200
EURA MOBIL	PROFILA	PROFILA T 662 HB.			2200	4	D	103	14.10	140	44200
EURA MOBIL	PROFILA	PROFILA T 672 SB.			2200	4	D	103	14.10	140	45200
EURA MOBIL	PROFILA	PROFILA T 676 EB.	2022		2200	4	D	131	14.10	178	95900
EURA MOBIL	PROFILA	PROFILA T 695 EB.	2022		2200	4	D	118	14.10	160	78100
EURA MOBIL	PROFILA	PROFILA T 696 EB.	2022		2200	4	D	125	14.10	170	104900
EURA MOBIL	TERRESTRA	TERRESTRA A 530 MS.			2200	4	D	103	14.10	140	44300
EURA MOBIL	TERRESTRA	TERRESTRA A 570 HS.			2200	4	D	116	14.10	158	46900
EURA MOBIL	TERRESTRA	TERRESTRA A 640 VB.			2200	4	D	116	14.10	158	48800
EURA MOBIL	TERRESTRA	TERRESTRA A 690 HB.			2200	4	D	116	14.10	158	50600
EURA MOBIL	TERRESTRA	TERRESTRA I 560 LB.			2200	4	D	116	14.10	158	56200
EURA MOBIL	TERRESTRA	TERRESTRA I 660 HB.			2200	4	D	116	14.10	158	59800
EURA MOBIL	TERRESTRA	TERRESTRA I 670 SB.			2200	4	D	116	14.10	158	59800
EURA MOBIL	TERRESTRA	TERRESTRA I 700 SB.			2200	4	D	110	14.10	150	62400
EURA MOBIL	TT	TT 700 EB.			2999	4	D	116	16.99	158	62400
EURA MOBIL	VAN	VAN 595 HB.	2022		2200	4	D	103	14.10	140	68700
EURA MOBIL	VAN	VAN 635 EB.	2022		2200	4	D	118	14.10	160	70700
EURA MOBIL	VAN	VAN 635 HB.	2022		2200	4	D	118	14.10	160	74400
FLEURETTE	DISCOVER	DISCOVER 65 LMC Fiat ALKO 35L/			2300	4	D	96	14.49	130	59700
FLEURETTE	DISCOVER	DISCOVER 65LM			2300	4	D	96	14.49	130	71300
FLEURETTE	DISCOVER	DISCOVER 70LJG			2300	4	D	96	14.49	130	74200
FLEURETTE	DISCOVER	DISCOVER 70LMS			2300	4	D	96	14.49	130	75200
FLEURETTE	DISCOVER	DISCOVER 74 LTJ Fiat ALKO 35L/			2300	4	D	96	14.49	130	65400
FLEURETTE	DISCOVER	DISCOVER 74CTC			2300	4	D	96	14.49	130	76700
FLEURETTE	DISCOVER	DISCOVER 74LJT			2300	4	D	96	14.49	130	78000
FLEURETTE	DISCOVER	DISCOVER 74LMS			2300	4	D	96	14.49	130	78000
FLEURETTE	DISCOVER	DISCOVER 75 LMF			2300	4	D	96	14.49	130	78900
FLEURETTE	DISCOVER	DISCOVER 80 LMS Fiat ALKO 35L/			2300	4	D	96	14.49	130	74600
FLEURETTE	DISCOVER	DISCOVER 80CTC			2300	4	D	110	14.49	150	87700
FLEURETTE	DISCOVER	DISCOVER 80LMS			2300	4	D	110	14.49	150	89500
FLEURETTE	DISCOVER	DISCOVER 84LMS			2300	4	D	110	14.49	150	100700
FLEURETTE	LE	LE PUFFIN	2006		2800	4	D	107	16.30	145	51300
FLEURETTE	MAGISTER	MAGISTER 65LCX			2300	4	D	96	14.49	130	57500
FLEURETTE	MAGISTER	MAGISTER 65LD			2300	4	D	96	14.49	130	55800
FLEURETTE	MAGISTER	MAGISTER 65LMX			2300	4	D	96	14.49	130	55200
FLEURETTE	MAGISTER	MAGISTER 68LM			2300	4	D	96	14.49	130	59600
FLEURETTE	MAGISTER	MAGISTER 69LJG			2300	4	D	96	14.49	130	59200
FLEURETTE	MAGISTER	MAGISTER 69LJX			2300	4	D	96	14.49	130	56700
FLEURETTE	MAGISTER	MAGISTER 70LD			2300	4	D	96	14.49	130	60300
FLEURETTE	MAGISTER	MAGISTER 70LMS			2300	4	D	96	14.49	130	59700
FLEURETTE	MAGISTER	MAGISTER 73CTC			2300	4	D	96	14.49	130	58300
FLEURETTE	MAGISTER	MAGISTER 73LMS			2300	4	D	96	14.49	130	60700
FLEURETTE	MAGISTER	MAGISTER 74 LMF			2300	4	D	96	14.49	130	61100
FLEURETTE	MIGRATEUR	MIGRATEUR 60 LG			2300	4	D	96	14.49	130	53000
FLEURETTE	MIGRATEUR	MIGRATEUR 64 LG			2300	4	D	96	14.49	130	55600
FLEURETTE	MIGRATEUR	MIGRATEUR 69 LM			2300	4	D	96	14.49	130	56500
FLEURETTE	MIGRATEUR	MIGRATEUR 73 LJT			2300	4	D	96	14.49	130	60400
FLORIUM	BAXTER	BAXTER 60 LG.			2300	4	D	96	14.49	130	53000
FLORIUM	BAXTER	BAXTER 64 LG.			2300	4	D	96	14.49	130	55600
FLORIUM	BAXTER	BAXTER 69 LM.			2300	4	D	96	14.49	130	56500
FLORIUM	BAXTER	BAXTER 73 LJT.			2300	4	D	96	14.49	130	60400
FLORIUM	MAYFLOWER	MAYFLOWER 65 LD.			2300	4	D	96	14.49	130	57500
FLORIUM	MAYFLOWER	MAYFLOWER 65 LMX.			2300	4	D	96	14.49	130	59600
FLORIUM	MAYFLOWER	MAYFLOWER 68 LM.			2300	4	D	96	14.49	130	59200
FLORIUM	MAYFLOWER	MAYFLOWER 69 LJX.			2300	4	D	96	14.49	130	60300
FLORIUM	MAYFLOWER	MAYFLOWER 70 LD.			2300	4	D	96	14.49	130	59700
FLORIUM	MAYFLOWER	MAYFLOWER 70 LMS.			2300	4	D	96	14.49	130	60700
FLORIUM	MAYFLOWER	MAYFLOWER 73 CTC.			2300	4	D	96	14.49	130	61100
FLORIUM	MAYFLOWER	MAYFLOWER 73 LMS.			2300	4	D	96	14.49	130	59200
FLORIUM	WINCESTER	WINCESTER 65 LM.			2300	4	D	96	14.49	130	71300
FLORIUM	WINCESTER	WINCESTER 70 LJG.			2300	4	D	96	14.49	130	74200
FLORIUM	WINCESTER	WINCESTER 70 LMS.			2300	4	D	96	14.49	130	75200
FLORIUM	WINCESTER	WINCESTER 74 CTC.			2300	4	D	96	14.49	130	78900
FLORIUM	WINCESTER	WINCESTER 74 LJT.			2300	4	D	96	14.49	130	78000
FLORIUM	WINCESTER	WINCESTER 74 LMS.			2300	4	D	96	14.49	130	78000
FLORIUM	WINCESTER	WINCESTER 74 LTJ Fiat ALKO 35L.			2300	4	D	96	14.49	130	65200
FLORIUM	WINCESTER	WINCESTER 80 CTC.			2300	4	D	110	14.49	150	87700
FLORIUM	WINCESTER	WINCESTER 80 LMS.			2300	4	D	110	14.49	150	86900
FLORIUM	WINCESTER	WINCESTER 84 LMS.			2300	4	D	110	14.49	150	100700
FORSTER	ALKOVEN	ALKOVEN FA699DVB.	2022		2200	4	D	103	14.10	140	64400
FORSTER	ALKOVEN	ALKOVEN FA699DVB.	2022		2200	4	D	121	14.10	165	66300
FORSTER	ALKOVEN	ALKOVEN FA699EB.	2022		2200	4	D	103	14.10	140	64400
FORSTER	ALKOVEN	ALKOVEN FA699EB.	2022		2200	4	D	121	14.10	165	66400
FORSTER	ALKOVEN	ALKOVEN FA699VB.	2022		2200	4	D	103	14.10	140	64400
FORSTER	ALKOVEN	ALKOVEN FA699VB.	2022		2200	4	D	121	14.10	165	66300
FORSTER	FI745EF	FI745EF INTEGRADO.	2023		2300	4	D	88	14.49	120	82000
FORSTER	FI745EF	FI745EF INTEGRADO.	2023		2300	4	D	103	14.49	140	83500
FORSTER	FI745EF	FI745EF INTEGRADO.	2023		2300	4	D	118	14.49	160	86600
FORSTER	FI745EF	FI745EF INTEGRADO.	2023		2300	4	D	130	14.49	180	86600
FORSTER	FI745QF	FI745QF INTEGRADO.	2023		2300	4	D	88	14.49	120	82000
FORSTER	FI745QF	FI745QF INTEGRADO.	2023		2300	4	D	103	14.49	140	83500
FORSTER	FT599EB	FT599EB SEMIINTEGRADO.	2022		2200	4	D	103	14.10	140	67200
FORSTER	FT599EB	FT599EB SEMIINTEGRADO.	2022		2200	4	D	121	14.10	165	69200
FORSTER	FT599HB	FT599HB SEMIINTEGRADO.	2022		2200	4	D	103	14.10	140	65700
FORSTER	FT599HB	FT599HB SEMIINTEGRADO.	2022		2200	4	D	121	14.10	165	67700
FORSTER	FT699EB	FT699EB SEMIINTEGRADO.	2022		2200	4	D	88	14.10	120	67300
FORSTER	FT699EB	FT699EB SEMIINTEGRADO.	2022		2200	4	D	103	14.10	140	68200
FORSTER	FT699EB	FT699EB SEMIINTEGRADO.	2022		2200	4	D	130	14.10	180	73200
FORSTER	FT699LF	FT699LF SEMIINTEGRADO.	2022		2200	4	D	103	14.10	140	68000
FORSTER	FT699LF	FT699LF SEMIINTEGRADO.	2022		2200	4	D	121	14.10	165	69900
FORSTER	FT745EB	FT745EB SEMIINTEGRADO.	2022		2200	4	D	88	14.10	120	66600
FORSTER	FT745EB	FT745EB SEMIINTEGRADO.	2022		2200	4	D	103	14.10	140	68300
FORSTER	FT745EB	FT745EB SEMIINTEGRADO.	2022		2200	4	D	130	14.10	180	71800
FORSTER	LINVI´UP	LINVI´UP PRO V636EBL.	2024		2200	4	D	103	14.10	140	55400
FORSTER	LIVIN´UP	LIVIN´UP FV599EBL.	2022		2200	4	D	103	14.10	140	50900
FORSTER	LIVIN´UP	LIVIN´UP FV599EBL.	2022		2200	4	D	121	14.10	165	52200
FORSTER	LIVIN´UP	LIVIN´UP FV599HBL.	2022		2200	4	D	103	14.10	140	48200
FORSTER	LIVIN´UP	LIVIN´UP FV599HBL.	2022		2200	4	D	121	14.10	165	49800
FORSTER	LIVIN´UP	LIVIN´UP FV599VBL.	2022		2200	4	D	103	14.10	140	49200
FORSTER	LIVIN´UP	LIVIN´UP FV599VBL.	2022		2200	4	D	121	14.10	165	50700
FORSTER	LIVIN´UP	LIVIN´UP FV636EBF.	2022		2200	4	D	103	14.10	140	49900
FORSTER	LIVIN´UP	LIVIN´UP FV636EBF.	2022		2200	4	D	130	14.10	180	51300
FORSTER	LIVIN´UP	LIVIN´UP FV636HBL.	2022		2200	4	D	103	14.10	140	54600
FORSTER	LIVIN´UP	LIVIN´UP FV636HBL.	2022		2200	4	D	130	14.10	180	55900
FORSTER	VAN	VAN YOUNGSTER.	2023		2200	4	D	103	14.10	140	45100
FORSTER	VANTASY	VANTASY FV541HB.	2022		2200	4	D	88	14.10	120	55600
FORSTER	VANTASY	VANTASY FV541HB.	2022		2200	4	D	103	14.10	140	56500
FORSTER	VANTASY	VANTASY FV541HB.	2022		2200	4	D	130	14.10	180	57600
FORSTER	VANTASY	VANTASY FV599EB.	2022		2200	4	D	88	14.10	120	52400
FORSTER	VANTASY	VANTASY FV599EB.	2022		2200	4	D	103	14.10	140	53600
FORSTER	VANTASY	VANTASY FV599EB.	2022		2200	4	D	130	14.10	180	54800
FORSTER	VANTASY	VANTASY FV599HB.	2022		2200	4	D	88	14.10	120	60100
FORSTER	VANTASY	VANTASY FV599HB.	2022		2200	4	D	103	14.10	140	61200
FORSTER	VANTASY	VANTASY FV599HB.	2022		2200	4	D	130	14.10	180	62000
FORSTER	VANTASY	VANTASY FV599VB.	2022		2200	4	D	88	14.10	120	60200
FORSTER	VANTASY	VANTASY FV599VB.	2022		2200	4	D	103	14.10	140	61300
FORSTER	VANTASY	VANTASY FV599VB.	2022		2200	4	D	130	14.10	180	62100
FORSTER	VANTASY	VANTASY FV636EB.	2022		2200	4	D	103	14.10	140	60100
FORSTER	VANTASY	VANTASY FV636EB.	2022		2200	4	D	130	14.10	180	65900
FORSTER	VANTASY	VANTASY FV636HB.	2022		2200	4	D	103	14.10	140	61400
FORSTER	VANTASY	VANTASY FV636HB.	2022		2200	4	D	130	14.10	180	65700
FORSTER	VANTASY	VANTASY YOUNGSTER.	2022		2200	4	D	103	14.10	140	42400
FRANKIA	A	A 680.	1998		2874	4	D	90	16.56	122	67300
FRANKIA	A	A 680.			2300	4	D	96	14.49	130	76200
FRANKIA	A	A 680 PLUS.			2300	4	D	96	14.49	130	74300
FRANKIA	A	A 680 Plus 40 H Fiat Ducato.			2300	4	D	103	14.49	140	65400
FRANKIA	A	A 740 PLUS.			2300	4	D	96	14.49	130	80800
FRANKIA	A	A 740 Plus 40 H Fiat Ducato.			2300	4	D	103	14.49	140	68800
FRANKIA	A	A 790 PLUS.			2300	4	D	96	14.49	130	88300
FRANKIA	A	A 790 PLUS TANDEM.			2300	4	D	96	14.49	130	92900
FRANKIA	A	A 790 PLUS TITAN.			2300	4	D	96	14.49	130	117100
FRANKIA	A	A 840 PLUS.			2300	4	D	96	14.49	130	96700
FRANKIA	A	A 840 PLUS TITAN.			2300	4	D	96	14.49	130	120700
FRANKIA	COMFORT	COMFORT A 740 BD.			2300	4	D	96	14.49	130	71000
FRANKIA	COMFORT	COMFORT A 740 FD.			2300	4	D	96	14.49	130	75500
FRANKIA	COMFORT	COMFORT A 740 GD.			2300	4	D	96	14.49	130	71000
FRANKIA	COMFORT	COMFORT A 740 QD.			2300	4	D	96	14.49	130	71000
FRANKIA	COMFORT	COMFORT A T 7400 BD.			2200	4	D	120	14.10	163	80200
FRANKIA	COMFORT	COMFORT I 740 BD.			2300	4	D	96	14.49	130	80700
FRANKIA	COMFORT	COMFORT I 740 FD.			2300	4	D	96	14.49	130	85200
FRANKIA	COMFORT	COMFORT I 740 GD.			2300	4	D	96	14.49	130	80700
FRANKIA	COMFORT	COMFORT I 740 QD.			2300	4	D	96	14.49	130	80700
FRANKIA	COMFORT	COMFORT I 7400 BD.			2200	4	D	120	14.10	163	90900
FRANKIA	COMFORT	COMFORT I 7400 FD.			2200	4	D	120	14.10	163	87000
FRANKIA	COMFORT	COMFORT I 7400 GD.			2200	4	D	120	14.10	163	90900
FRANKIA	COMFORT	COMFORT I 7400 QD.			2200	4	D	120	14.10	163	90900
FRANKIA	COMFORT	COMFORT T 740 BD.			2300	4	D	96	14.49	130	70000
FRANKIA	COMFORT	COMFORT T 740 FD.			2300	4	D	96	14.49	130	73400
FRANKIA	COMFORT	COMFORT T 740 GD.			2300	4	D	96	14.49	130	70000
FRANKIA	COMFORT	COMFORT T 740 QD.			2300	4	D	96	14.49	130	70000
FRANKIA	COMFORT	COMFORT T 7400 BD.			2200	4	D	120	14.10	163	80200
FRANKIA	COMFORT	COMFORT T 7400 FD.			2200	4	D	120	14.10	163	75700
FRANKIA	COMFORT	COMFORT T 7400 GD.			2200	4	D	120	14.10	163	80200
FRANKIA	COMFORT	COMFORT T 7400 QD.			2200	4	D	120	14.10	163	80200
FRANKIA	COMPACT	COMPACT 640 FF2.			3020	4	D	96	17.06	130	57000
FRANKIA	COMPACT	COMPACT 640 FF4.			3020	4	D	96	17.06	130	58700
FRANKIA	COMPACT	COMPACT A 640 BD.			2300	4	D	96	14.49	130	59800
FRANKIA	COMPACT	COMPACT A 640 ED.			2300	4	D	96	14.49	130	63000
FRANKIA	COMPACT	COMPACT A 640 FD.			2300	4	D	96	14.49	130	62100
FRANKIA	COMPACT	COMPACT A 640 SD.			2300	4	D	96	14.49	130	59800
FRANKIA	COMPACT	COMPACT A 640 SG.			2300	4	D	96	14.49	130	63000
FRANKIA	COMPACT	COMPACT I 640 BD.			2300	4	D	96	14.49	130	69400
FRANKIA	COMPACT	COMPACT I 640 ED.			2300	4	D	96	14.49	130	72600
FRANKIA	COMPACT	COMPACT I 640 FD.			2300	4	D	96	14.49	130	71600
FRANKIA	COMPACT	COMPACT I 640 SD.			2300	4	D	96	14.49	130	69400
FRANKIA	COMPACT	COMPACT I 640 SG.			2300	4	D	96	14.49	130	72600
FRANKIA	COMPACT	COMPACT I 6400 BD.			2200	4	D	120	14.10	163	74900
FRANKIA	COMPACT	COMPACT I 6400 ED.			2200	4	D	120	14.10	163	76500
FRANKIA	COMPACT	COMPACT I 6400 FD.			2200	4	D	120	14.10	163	75500
FRANKIA	COMPACT	COMPACT I 6400 SD.			2200	4	D	120	14.10	163	74900
FRANKIA	COMPACT	COMPACT I 6400 SG.			2200	4	D	120	14.10	163	76500
FRANKIA	COMPACT	COMPACT T 640 BD.			2300	4	D	96	14.49	130	58700
FRANKIA	COMPACT	COMPACT T 640 ED.			2300	4	D	96	14.49	130	60900
FRANKIA	COMPACT	COMPACT T 640 FD.			2300	4	D	96	14.49	130	60000
FRANKIA	COMPACT	COMPACT T 640 SD.			2300	4	D	96	14.49	130	60000
FRANKIA	COMPACT	COMPACT T 640 SD-B.			2300	4	D	96	14.49	130	60600
FRANKIA	COMPACT	COMPACT T 640 SG.			2300	4	D	96	14.49	130	60900
FRANKIA	COMPACT	COMPACT T 6400 BD.			2200	4	D	120	14.10	163	64100
FRANKIA	COMPACT	COMPACT T 6400 ED.			2200	4	D	120	14.10	163	65200
FRANKIA	COMPACT	COMPACT T 6400 FD.			2200	4	D	120	14.10	163	64300
FRANKIA	COMPACT	COMPACT T 6400 FF2.			2200	4	D	120	14.10	163	62400
FRANKIA	COMPACT	COMPACT T 6400 FF4.			2200	4	D	120	14.10	163	62400
FRANKIA	COMPACT	COMPACT T 6400 SD.			2200	4	D	120	14.10	163	64300
FRANKIA	COMPACT	COMPACT T 6400 SD-T.			2200	4	D	120	14.10	163	66000
FRANKIA	COMPACT	COMPACT T 6400 SG.			2200	4	D	120	14.10	163	65200
FRANKIA	COMPACT	COMPACT T FF2.			2200	4	D	121	14.10	164	62500
FRANKIA	COMPACT	COMPACT T FF2.			2300	4	D	96	14.49	130	59700
FRANKIA	COMPACT	COMPACT T FF4.			2200	4	D	121	14.10	164	64300
FRANKIA	COMPACT	COMPACT T FF4.			2300	4	D	96	14.49	130	59700
FRANKIA	EXCLUSIV	EXCLUSIV A 790 BD.			2300	4	D	96	14.49	130	83400
FRANKIA	EXCLUSIV	EXCLUSIV A 790 FD.			2300	4	D	96	14.49	130	83400
FRANKIA	EXCLUSIV	EXCLUSIV A 790 GD.			2300	4	D	96	14.49	130	83400
FRANKIA	EXCLUSIV	EXCLUSIV A 790 QD.			2300	4	D	96	14.49	130	83400
FRANKIA	EXCLUSIV	EXCLUSIV I 790 BD.			2300	4	D	96	14.49	130	93200
FRANKIA	EXCLUSIV	EXCLUSIV I 790 FD.			2300	4	D	96	14.49	130	93200
FRANKIA	EXCLUSIV	EXCLUSIV I 790 GD.			2300	4	D	96	14.49	130	93200
FRANKIA	EXCLUSIV	EXCLUSIV I 790 QD.			2300	4	D	96	14.49	130	93200
FRANKIA	EXCLUSIV	EXCLUSIV I 7900 BD.			2200	4	D	120	14.10	163	99800
FRANKIA	EXCLUSIV	EXCLUSIV I 7900 FD.			2200	4	D	120	14.10	163	99800
FRANKIA	EXCLUSIV	EXCLUSIV I 7900 GD.			2200	4	D	120	14.10	163	99800
FRANKIA	EXCLUSIV	EXCLUSIV I 7900 QD.			2200	4	D	120	14.10	163	99800
FRANKIA	EXCLUSIV	EXCLUSIV T 790 BD.			2300	4	D	96	14.49	130	82400
FRANKIA	EXCLUSIV	EXCLUSIV T 790 FD.			2300	4	D	96	14.49	130	82400
FRANKIA	EXCLUSIV	EXCLUSIV T 790 GD.			2300	4	D	96	14.49	130	82400
FRANKIA	EXCLUSIV	EXCLUSIV T 790 QD.			2300	4	D	96	14.49	130	82400
FRANKIA	EXCLUSIV	EXCLUSIV T 7900 BD.			2300	4	D	120	14.49	163	89000
FRANKIA	EXCLUSIV	EXCLUSIV T 7900 FD.			2300	4	D	120	14.49	163	89000
FRANKIA	EXCLUSIV	EXCLUSIV T 7900 GD.			2300	4	D	120	14.49	163	89000
FRANKIA	EXCLUSIV	EXCLUSIV T 7900 QD.			2300	4	D	120	14.49	163	89000
FRANKIA	HOLIDAY	HOLIDAY 50 PLUS.			2300	4	D	96	14.49	130	65000
FRANKIA	HOLIDAY	HOLIDAY A 680 BD.			2300	4	D	96	14.49	130	63100
FRANKIA	HOLIDAY	HOLIDAY A 680 BK.			2300	4	D	96	14.49	130	66300
FRANKIA	HOLIDAY	HOLIDAY A 680 ED.			2300	4	D	96	14.49	130	63100
FRANKIA	HOLIDAY	HOLIDAY A 680 FD.			2300	4	D	96	14.49	130	66300
FRANKIA	HOLIDAY	HOLIDAY A 680 GD.			2300	4	D	96	14.49	130	62800
FRANKIA	HOLIDAY	HOLIDAY A 680 SD.			2300	4	D	96	14.49	130	63100
FRANKIA	HOLIDAY	HOLIDAY I 680 BD.			2300	4	D	96	14.49	130	72800
FRANKIA	HOLIDAY	HOLIDAY I 680 BK.			2300	4	D	96	14.49	130	76000
FRANKIA	HOLIDAY	HOLIDAY I 680 ED.			2300	4	D	96	14.49	130	72800
FRANKIA	HOLIDAY	HOLIDAY I 680 FD.			2300	4	D	96	14.49	130	76000
FRANKIA	HOLIDAY	HOLIDAY I 680 GD.			2300	4	D	96	14.49	130	73400
FRANKIA	HOLIDAY	HOLIDAY I 680 SD.			2300	4	D	96	14.49	130	72800
FRANKIA	HOLIDAY	HOLIDAY I 6800 BD.			2200	4	D	120	14.10	163	78800
FRANKIA	HOLIDAY	HOLIDAY I 6800 BK.			2200	4	D	120	14.10	163	79700
FRANKIA	HOLIDAY	HOLIDAY I 6800 ED.			2200	4	D	120	14.10	163	78800
FRANKIA	HOLIDAY	HOLIDAY I 6800 FD.			2200	4	D	120	14.10	163	79700
FRANKIA	HOLIDAY	HOLIDAY I 6800 GD.			2200	4	D	120	14.10	163	80700
FRANKIA	HOLIDAY	HOLIDAY I 6800 SD.			2200	4	D	120	14.10	163	78800
FRANKIA	HOLIDAY	HOLIDAY T 680 BD.			2300	4	D	96	14.49	130	62000
FRANKIA	HOLIDAY	HOLIDAY T 680 BK.			2300	4	D	96	14.49	130	64300
FRANKIA	HOLIDAY	HOLIDAY T 680 ED.			2300	4	D	96	14.49	130	62000
FRANKIA	HOLIDAY	HOLIDAY T 680 FD.			2300	4	D	96	14.49	130	64300
FRANKIA	HOLIDAY	HOLIDAY T 680 FF4.			2300	4	D	96	14.49	130	63900
FRANKIA	HOLIDAY	HOLIDAY T 680 GD.			2300	4	D	96	14.49	130	62800
FRANKIA	HOLIDAY	HOLIDAY T 680 SD.			2300	4	D	96	14.49	130	62800
FRANKIA	HOLIDAY	HOLIDAY T 680 SD-B.			2300	4	D	96	14.49	130	63900
FRANKIA	HOLIDAY	HOLIDAY T 6800 BD.			2200	4	D	120	14.10	163	68100
FRANKIA	HOLIDAY	HOLIDAY T 6800 BK.			2200	4	D	120	14.10	163	68600
FRANKIA	HOLIDAY	HOLIDAY T 6800 ED.			2200	4	D	120	14.10	163	68100
FRANKIA	HOLIDAY	HOLIDAY T 6800 FD.			2200	4	D	120	14.10	163	68600
FRANKIA	HOLIDAY	HOLIDAY T 6800 FF4.			2200	4	D	120	14.10	163	69800
FRANKIA	HOLIDAY	HOLIDAY T 6800 GD.			2200	4	D	120	14.10	163	69500
FRANKIA	HOLIDAY	HOLIDAY T 6800 SD.			2200	4	D	120	14.10	163	68600
FRANKIA	HOLIDAY	HOLIDAY T 6800 SD-B.			2200	4	D	120	14.10	163	69800
FRANKIA	I	I 640 SD (PMA 3850).			2300	4	D	96	14.49	130	78000
FRANKIA	I	I 640 SD (PMA 4500).			2300	4	D	96	14.49	130	80000
FRANKIA	I	I 640 SD 40 H L Fiat Ducato.			2300	4	D	103	14.49	140	67400
FRANKIA	I	I 65 SD (PMA 3500).			2300	4	D	96	14.49	130	77200
FRANKIA	I	I 65 SD (PMA 3850).			2300	4	D	96	14.49	130	77200
FRANKIA	I	I 65 SD (PMA 4500).			2300	4	D	96	14.49	130	79000
FRANKIA	I	I 680 BD (PMA 3850).			2300	4	D	96	14.49	130	83500
FRANKIA	I	I 680 BD (PMA 4500).			2300	4	D	96	14.49	130	85500
FRANKIA	I	I 680 ED-G (PMA 3850).			2300	4	D	96	14.49	130	83500
FRANKIA	I	I 680 ED-G (PMA 4500).			2300	4	D	96	14.49	130	85500
FRANKIA	I	I 680 GD (PMA 3850).			2300	4	D	96	14.49	130	83500
FRANKIA	I	I 680 GD (PMA 4500).			2300	4	D	96	14.49	130	85500
FRANKIA	I	I 680 PLUS (PMA 3850).			2300	4	D	96	14.49	130	83500
FRANKIA	I	I 680 PLUS (PMA 4500).			2300	4	D	96	14.49	130	85500
FRANKIA	I	I 680 PLUS 40 H Fiat Ducato.			2300	4	D	103	14.49	140	72200
FRANKIA	I	I 680 SG 40 H Fiat Ducato.			2300	4	D	103	14.49	140	71800
FRANKIA	I	I 72 GD (PMA 3500).			2300	4	D	96	14.49	130	83500
FRANKIA	I	I 72 GD (PMA 3850).			2300	4	D	96	14.49	130	83500
FRANKIA	I	I 72 GD (PMA 4500).			2300	4	D	96	14.49	130	85500
FRANKIA	I	I 740 BD (PMA 4500).			2300	4	D	96	14.49	130	90400
FRANKIA	I	I 740 BD 40 H Fiat Ducato.			2300	4	D	103	14.49	140	76100
FRANKIA	I	I 740 BD TANDEM.			2300	4	D	96	14.49	130	95100
FRANKIA	I	I 740 FD.			2300	4	D	96	14.49	130	90400
FRANKIA	I	I 740 FD TANDEM.			2300	4	D	96	14.49	130	95100
FRANKIA	I	I 740 GD.			2300	4	D	96	14.49	130	90400
FRANKIA	I	I 740 GD TANDEM.			2300	4	D	96	14.49	130	95100
FRANKIA	I	I 740 PLUS.			2300	4	D	96	14.49	130	90400
FRANKIA	I	I 740 PLUS 40 H Fiat Ducato.			2300	4	D	103	14.49	140	76800
FRANKIA	I	I 740 QD.			2300	4	D	96	14.49	130	90400
FRANKIA	I	I 740 QD TANDEM.			2300	4	D	96	14.49	130	95100
FRANKIA	I	I 7400 GD Mercedes M-Line 5,0 t. MO2212860.			2000	4	D	110	13.32	150	96100
FRANKIA	I	I 7400 GD Mercedes M-Line 5,0 t. MO2212865.			2000	4	D	110	13.32	150	85000
FRANKIA	I	I 7400 PLUS (PMA 5000).			2300	4	D	120	14.49	163	107800
FRANKIA	I	I 7400 PLUS (PMA 5300).			2300	4	D	120	14.49	163	108000
FRANKIA	I	I 7400 Plus Mercedes M-Line 5,0 t. MO2212800.			2000	4	D	110	13.32	150	96800
FRANKIA	I	I 7400 Plus Mercedes M-Line 5,5 t. MO2213570.			2000	4	D	110	13.32	150	125300
FRANKIA	I	I 790 GD.			2300	4	D	120	14.49	163	97700
FRANKIA	I	I 790 GD 40 H Fiat Ducato.			2300	4	D	103	14.49	140	76800
FRANKIA	I	I 790 GD DA 40 H (5,5 t) MO2211500 Fiat Ducato.			2300	4	D	103	14.49	140	85700
FRANKIA	I	I 790 GD DA 40 H (5,5 t) MO2211510 Fiat Ducato.			2300	4	D	103	14.49	140	86900
FRANKIA	I	I 790 GD DA 40 H (5,5 t) MO2212400 Fiat Ducato.			2300	4	D	118	14.49	160	105000
FRANKIA	I	I 790 GD DA 40 H (5,5 t) MO2212410 Fiat Ducato.			2300	4	D	118	14.49	160	106100
FRANKIA	I	I 790 GD DA 40 H (5,5 t) MO2212435 Fiat Ducato.			2300	4	D	118	14.49	160	108500
FRANKIA	I	I 790 GD TANDEM.			2300	4	D	120	14.49	163	102300
FRANKIA	I	I 790 GD TITAN TANDEM.			2300	4	D	132	14.49	180	126400
FRANKIA	I	I 790 PLUS.			2300	4	D	132	14.49	180	97700
FRANKIA	I	I 790 Plus DA 40 H (5,5 t) MO2212500 Fiat Ducato.			2300	4	D	118	14.49	160	105600
FRANKIA	I	I 790 Plus DA 40 H (5,5 t) MO2212510 Fiat Ducato.			2300	4	D	118	14.49	160	106800
FRANKIA	I	I 790 Plus DA mH 40 H (5,5 t) MO2212520 Fiat Ducato.			2300	4	D	118	14.49	160	107600
FRANKIA	I	I 790 Plus DA mH 40 H (5,5 t) MO2212530 Fiat Ducato.			2300	4	D	118	14.49	160	108900
FRANKIA	I	I 790 PLUS TANDEM.			2300	4	D	132	14.49	180	102300
FRANKIA	I	I 790 PLUS TITAN TANDEM.			2300	4	D	132	14.49	180	126400
FRANKIA	I	I 790 QD.			2300	4	D	132	14.49	180	97700
FRANKIA	I	I 790 QD DA 40 H (5,5 t) MO2212450 Fiat Ducato.			2300	4	D	118	14.49	160	105000
FRANKIA	I	I 790 QD DA 40 H (5,5 t) MO2212460 Fiat Ducato.			2300	4	D	118	14.49	160	106100
FRANKIA	I	I 790 QD DA 40 H Fiat Ducato (5,5 t) MO22116500.			2300	4	D	103	14.49	140	85700
FRANKIA	I	I 790 QD DA 40 H Fiat Ducato (5,5 t) MO22116510.			2300	4	D	103	14.49	140	86900
FRANKIA	I	I 790 QD TANDEM.			2300	4	D	132	14.49	180	102300
FRANKIA	I	I 790 QD TITAN TANDEM.			2300	4	D	132	14.49	180	126400
FRANKIA	I	I 7900 GD (PMA 5000).			2300	4	D	120	14.49	163	117200
FRANKIA	I	I 7900 GD (PMA 5300).			2300	4	D	120	14.49	163	117400
FRANKIA	I	I 7900 GD Mercedes Platin 5,5 t. MO2213500.			2000	4	D	140	13.32	190	123200
FRANKIA	I	I 7900 GD Mercedes Platin weiß "Final 5,5 t. MO2213510.			2000	4	D	140	13.32	190	126000
FRANKIA	I	I 7900 GD Mercedes Platin weiß 5,5 t. MO2213505.			2000	4	D	140	13.32	190	121200
FRANKIA	I	I 7900 PLATIN GD.			2300	4	D	140	14.49	190	141200
FRANKIA	I	I 7900 PLATIN QD.			2300	4	D	140	14.49	190	141200
FRANKIA	I	I 7900 Plus Mercedes Platin 5,5 t. MO2213570.			2000	4	D	140	13.32	190	125300
FRANKIA	I	I 7900 Plus Mercedes Platin weiß 5,5 t. MO2213575.			2000	4	D	140	13.32	190	123200
FRANKIA	I	I 7900 Plus mH Mercedes Platin 5,5 t. MO2213580.			2000	4	D	140	13.32	190	127700
FRANKIA	I	I 7900 Plus mH Mercedes Platin weiß 5,5 t. MO2213585.			2000	4	D	140	13.32	190	125700
FRANKIA	I	I 7900 QD (PMA 5000).			2300	4	D	120	14.49	163	117200
FRANKIA	I	I 7900 QD (PMA 5300).			2300	4	D	120	14.49	163	117400
FRANKIA	I	I 7900 QD Mercedes Platin 5,5 t. MO2213550.			2000	4	D	140	13.32	190	123200
FRANKIA	I	I 7900 QD Mercedes Platin weiß 5,5 t. MO2213555.			2000	4	D	140	13.32	190	121200
FRANKIA	I	I 840 FD.			2300	4	D	132	14.49	180	106100
FRANKIA	I	I 840 FD TITAN.			2300	4	D	132	14.49	180	130200
FRANKIA	I	I 840 GD.			2300	4	D	132	14.49	180	106100
FRANKIA	I	I 840 GD 40 H Fiat Ducato (5,5 t) MO2212000.			2300	4	D	103	14.49	140	89300
FRANKIA	I	I 840 GD 40 H Fiat Ducato (5,5 t) MO2212010.			2300	4	D	103	14.49	140	90500
FRANKIA	I	I 840 GD 40 H Fiat Ducato (5,5 t) MO2212050.			2300	4	D	103	14.49	140	89300
FRANKIA	I	I 840 GD 40 H Fiat Ducato (5,5 t) MO2212060.			2300	4	D	103	14.49	140	90500
FRANKIA	I	I 840 GD 40 H Fiat Ducato (5,5 t) MO2212550.			2300	4	D	118	14.49	160	107600
FRANKIA	I	I 840 GD 40 H Fiat Ducato (5,5 t) MO2212560.			2300	4	D	103	14.49	140	108900
FRANKIA	I	I 840 GD TITAN.			2300	4	D	132	14.49	180	130200
FRANKIA	I	I 840 PLUS.			2300	4	D	132	14.49	180	106100
FRANKIA	I	I 840 Plus 40 H Fiat Ducato (5,5 t) MO2212200.			2300	4	D	103	14.49	140	89600
FRANKIA	I	I 840 Plus 40 H Fiat Ducato (5,5 t) MO2212210.			2300	4	D	103	14.49	140	90700
FRANKIA	I	I 840 PLUS TITAN.			2300	4	D	132	14.49	180	130200
FRANKIA	I	I 840 QD.			2300	4	D	132	14.49	180	106100
FRANKIA	I	I 840 QD 40 H Fiat Ducato (5,5 t) MO2212600.			2300	4	D	118	14.49	160	107600
FRANKIA	I	I 840 QD 40 H Fiat Ducato (5,5 t) MO2212610.			2300	4	D	118	14.49	160	108900
FRANKIA	I	I 840 QD TITAN.			2300	4	D	132	14.49	180	130200
FRANKIA	I	I 840 TD.			2300	4	D	132	14.49	180	106100
FRANKIA	I	I 840 TD TITAN.			2300	4	D	132	14.49	180	130200
FRANKIA	I	I 840 Titan 40 H Fiat Ducato (5,5 t) MO2212740.			2300	4	D	118	14.49	160	108500
FRANKIA	I	I 840 Titan 40 H Fiat Ducato (5,5 t) MO2212755.			2300	4	D	118	14.49	160	109700
FRANKIA	I	I 8400 GD (PMA 5000).			2300	4	D	120	14.49	163	119900
FRANKIA	I	I 8400 GD (PMA 5300).			2300	4	D	120	14.49	163	120100
FRANKIA	I	I 8400 GD Mercedes Platin 5,5 t. MO2213600.			2000	4	D	140	13.32	190	126000
FRANKIA	I	I 8400 GD Mercedes Platin weiß 5,5 t. MO2213605.			2000	4	D	140	13.32	190	123900
FRANKIA	I	I 8400 PLATIN GD.			2300	4	D	140	14.49	190	144100
FRANKIA	I	I 8400 PLATIN QD.			2300	4	D	140	14.49	190	144100
FRANKIA	I	I 8400 Plus Mercedes Platin 5,5 t. MO2213670.			2000	4	D	140	13.32	190	128300
FRANKIA	I	I 8400 Plus Mercedes Platin weiß 5,5 t. MO2213675.			2000	4	D	140	13.32	190	126400
FRANKIA	I	I 8400 QD (PMA 5000).			2300	4	D	120	14.49	163	92500
FRANKIA	I	I 8400 QD (PMA 5300).			2300	4	D	120	14.49	163	120100
FRANKIA	I	I 8400 QD Mercedes Platin 5,5 t. MO2213650.			2000	4	D	140	13.32	190	126000
FRANKIA	I	I 8400 QD Mercedes Platin weiß 5,5 t. MO2213655.			2000	4	D	140	13.32	190	123900
FRANKIA	I	I 890 GDB F-Line 40 H Fiat Ducato (5,5 t) MO2212360.			2300	4	D	103	14.49	140	95700
FRANKIA	I	I 890 GDB Titan 40 H Fiat Ducato (5,5 t) MO2212770.			2300	4	D	118	14.49	160	113500
FRANKIA	I	I 890 QDB F-Line 40 H Fiat Ducato (5,5 t) MO2212370.			2300	4	D	118	14.49	160	95700
FRANKIA	I	I 890 QDB Titan 40 H Fiat Ducato (5,5 t) MO2212780.			2300	4	D	118	14.49	160	113500
FRANKIA	LUXURY	LUXURY A 840 BD.			2300	4	D	96	14.49	130	88500
FRANKIA	LUXURY	LUXURY A 840 FD.			2300	4	D	96	14.49	130	88500
FRANKIA	LUXURY	LUXURY A 840 GD.			2300	4	D	96	14.49	130	88500
FRANKIA	LUXURY	LUXURY A 840 QD.			2300	4	D	96	14.49	130	88500
FRANKIA	LUXURY	LUXURY I 840 BD.			2300	4	D	96	14.49	130	98300
FRANKIA	LUXURY	LUXURY I 840 FD.			2300	4	D	96	14.49	130	98300
FRANKIA	LUXURY	LUXURY I 840 GD.			2300	4	D	96	14.49	130	98300
FRANKIA	LUXURY	LUXURY I 840 QD.			2300	4	D	96	14.49	130	98300
FRANKIA	LUXURY	LUXURY I 8400 BD.			2200	4	D	120	14.10	163	104900
FRANKIA	LUXURY	LUXURY I 8400 FD.			2200	4	D	120	14.10	163	104900
FRANKIA	LUXURY	LUXURY I 8400 GD.			2200	4	D	120	14.10	163	104900
FRANKIA	LUXURY	LUXURY I 8400 QD.			2200	4	D	120	14.10	163	104900
FRANKIA	LUXURY	LUXURY T 840 BD.			2300	4	D	96	14.49	130	87300
FRANKIA	LUXURY	LUXURY T 840 FD.			2300	4	D	96	14.49	130	87300
FRANKIA	LUXURY	LUXURY T 840 GD.			2300	4	D	96	14.49	130	87300
FRANKIA	LUXURY	LUXURY T 840 QD.			2300	4	D	96	14.49	130	87300
FRANKIA	LUXURY	LUXURY T 8400 BD.			2200	4	D	120	14.10	163	94100
FRANKIA	LUXURY	LUXURY T 8400 FD.			2200	4	D	120	14.10	163	94100
FRANKIA	LUXURY	LUXURY T 8400 GD.			2200	4	D	120	14.10	163	94100
FRANKIA	LUXURY	LUXURY T 8400 QD.			2200	4	D	120	14.10	163	94100
FRANKIA	MI	MI 7 GDK Mercedes 4,0 t. MO2214020.			2000	4	D	105	13.32	143	56900
FRANKIA	MT	MT 7 GDK Mercedes 3,5 t. MO2214030.			2000	4	D	105	13.32	143	56900
FRANKIA	MT-	MT- Sonder Blackline 7 BD Mercedes 3,5 t. MO2214032.			2000	4	D	105	13.32	143	65400
FRANKIA	MT-	MT- Sonder Blackline 7 BD Mercedes 4,5 t. MO2214042.			2000	4	D	105	13.32	143	65400
FRANKIA	MT-	MT- Sonder Blackline 7 GDK Mercedes 3,5 t. MO2214002.			2000	4	D	105	13.32	143	65400
FRANKIA	MT-	MT- Sonder Blackline 7 GDK Mercedes 4,5 t. MO2214022.			2000	4	D	105	13.32	143	65400
FRANKIA	MT-7	MT-7 GDK Mercedes 3,5 t. MO2214000.			2000	4	D	105	13.32	143	56900
FRANKIA	MT-7	MT-7 GDK Mercedes 4,5 t. MO2214040.			2000	4	D	105	13.32	143	56900
FRANKIA	PREMIUM	PREMIUM 920 QD-Car.			3000	4	D	125	16.99	170	147100
FRANKIA	PREMIUM	PREMIUM I 8800 BD.			3000	4	D	125	16.99	170	136100
FRANKIA	PREMIUM	PREMIUM I 8800 FD.			3000	4	D	125	16.99	170	136100
FRANKIA	PREMIUM	PREMIUM I 8800 GD.			3000	4	D	125	16.99	170	136100
FRANKIA	PREMIUM	PREMIUM I 8800 QD.			3000	4	D	125	16.99	170	136100
FRANKIA	PREMIUM	PREMIUM I 8800 SD-VS.			3000	4	D	125	16.99	170	142400
FRANKIA	PREMIUM	PREMIUM I 920 GD-VS.			3000	4	D	125	16.99	170	150300
FRANKIA	PREMIUM	PREMIUM I 920 QD-VS.			3000	4	D	125	16.99	170	150300
FRANKIA	ROYAL	ROYAL I 8600 BD.			4600	4	D	132	21.96	180	174300
FRANKIA	ROYAL	ROYAL I 8600 GD.			4600	4	D	132	21.96	180	174300
FRANKIA	ROYAL	ROYAL I 8600 QD.			4600	4	D	132	21.96	180	174300
FRANKIA	ROYAL	ROYAL I 8600 QD CAR.			4600	4	D	132	21.96	180	181000
FRANKIA	ROYAL	ROYAL I 9800 QD CAR.			4600	4	D	132	21.96	180	193900
FRANKIA	ROYAL	ROYAL I 9800 QD SMART.			4600	4	D	132	21.96	180	193900
FRANKIA	T	T 72 FD (PMA 3500).			2300	4	D	96	14.49	130	70200
FRANKIA	T	T 72 FD (PMA 3850).			2300	4	D	96	14.49	130	70200
FRANKIA	T	T 72 FD (PMA 4500).			2300	4	D	96	14.49	130	72100
FRANKIA	T	T 72 GD (PMA 3500).			2300	4	D	96	14.49	130	70200
FRANKIA	T	T 72 GD (PMA 3850).			2300	4	D	96	14.49	130	70200
FRANKIA	T	T 72 GD (PMA 4500).			2300	4	D	96	14.49	130	72100
FRANKIA	T	T 740.			2300	4	D	96	14.49	130	77900
FRANKIA	T	T 740 TANDEM.			2300	4	D	96	14.49	130	82600
FRANKIA	T	T 7400 GD (PMA 5000).			2300	4	D	120	14.49	163	96800
FRANKIA	T	T 7400 GD (PMA 5300).			2300	4	D	120	14.49	163	97000
FRANKIA	T	T 7400 GD Mercedes M-Line 5,0 MO2212900.			2000	4	D	110	13.32	150	88000
FRANKIA	T	T 7400 GD Mercedes M-Line 5,5 MO2212905.			2000	4	D	110	13.32	150	77200
FRANKIA	T	T 7400 QD (PMA 5000).			2300	4	D	120	14.49	163	96800
FRANKIA	T	T 7400 QD (PMA 5300).			2300	4	D	120	14.49	163	97000
FRANKIA	VARIO	VARIO SPACE A 840 SD- VS.			2300	4	D	96	14.49	130	99400
FRANKIA	VARIO	VARIO SPACE A 840 SD-VS.			2300	4	D	96	14.49	130	99400
FRANKIA	VARIO	VARIO SPACE T 840 SD- VS.			2300	4	D	96	14.49	130	97300
FRANKIA	VARIO	VARIO SPACE T 840 SD-VS.			2300	4	D	96	14.49	130	97300
FRANKIA	Yucon	Yucon 6.0 Mercedes BD VAN 3,5 t MO2215070.			2100	4	D	84	13.71	114	51100
FRANKIA	Yucon	Yucon 6.0 Mercedes BD VAN 3,5 t. 4x4 AWD MO2215075.			2100	4	D	84	13.71	114	63700
FRANKIA	Yucon	Yucon 6.0 Mercedes BD VAN 4,1 t MO2215080.			2100	4	D	84	13.71	114	58000
FRANKIA	Yucon	Yucon 6.0 Mercedes BD VAN 4,1 t. 4x4 AWD MO2215085.			2100	4	D	84	13.71	114	65000
FRANKIA	Yucon	Yucon 6.0 Mercedes GD VAN 3,5 t MO2215000.			2100	4	D	84	13.71	114	50400
FRANKIA	Yucon	Yucon 6.0 Mercedes GD VAN 3,5 t. 4x4 AWD MO2215000.			2100	4	D	84	13.71	114	50400
FRANKIA	Yucon	Yucon 6.0 Mercedes GD VAN 4,1 t MO2215010.			2100	4	D	84	13.71	114	57400
FRANKIA	Yucon	Yucon 6.0 Mercedes GD VAN 4,1 t. 4x4 AWD MO2215015.			2100	4	D	84	13.71	114	64300
FRANKIA	Yucon	Yucon 7.0 Mercedes GD VAN 3,5 t MO2215040.			2100	4	D	84	13.71	114	53800
FRANKIA	Yucon	Yucon 7.0 Mercedes GD VAN 4,1 t MO2215050.			2100	4	D	84	13.71	114	60800
FRANKIA	Yucon	Yucon 7.0 Mercedes GD VAN 4,1 t. 4x4 AWD MO2215055.			2100	4	D	84	13.71	114	67700
FURGOK	600	600 L3H2 VOLKSWAGEN CRAFTER 35	2025		2000	4	D	130	13.32	177	70400
FURGOK	600	600 XPACE L3H3 FIAT DUCATO	2024		2300	4	D	103	14.49	140	60800
FURGOK	600+	600+ XPACE	2024		2300	4	D	103	14.49	140	56700
GIOTTILINE	GIOTTIVAN	GIOTTIVAN 54T.	2024		2200	4	D	103	14.10	140	65300
GIOTTILINE	GIOTTIVAN	GIOTTIVAN 54T CITROËN JUMPER.			2000	4	D	96	13.32	130	37800
GIOTTILINE	GIOTTIVAN	GIOTTIVAN 60B CITROËN JUMPER.			2000	4	D	96	13.32	130	39200
GIOTTILINE	GIOTTIVAN	GIOTTIVAN 60T CITROËN JUMPER.			2000	4	D	96	13.32	130	39200
GIOTTILINE	G-LINE	G-LINE 937.			2000	4	D	96	13.32	130	63800
GIOTTILINE	G-LINE	G-LINE 938.			2000	4	D	96	13.32	130	63800
GIOTTILINE	ILUSION	ILUSION 780.	2011		2287	4	D	96	14.44	131	70800
GIOTTILINE	INTEGRALES	INTEGRALES 936.			2200	4	D	110	14.10	150	64600
GIOTTILINE	INTEGRALES	INTEGRALES 936.			3000	4	D	132	16.99	180	66600
GIOTTILINE	INTEGRALES	INTEGRALES 936.			2200	4	D	96	14.10	130	63800
GIOTTILINE	INTEGRALES	INTEGRALES 937.			2200	4	D	110	14.10	150	64800
GIOTTILINE	INTEGRALES	INTEGRALES 937.			3000	4	D	132	16.99	180	66800
GIOTTILINE	INTEGRALES	INTEGRALES 937.			2200	4	D	96	14.10	130	64000
GIOTTILINE	INTEGRALES	INTEGRALES 938.			2200	4	D	110	14.10	150	64800
GIOTTILINE	INTEGRALES	INTEGRALES 938.			3000	4	D	132	16.99	180	66800
GIOTTILINE	INTEGRALES	INTEGRALES 938.			2200	4	D	96	14.10	130	64000
GIOTTILINE	SENA	SENA PRIVILEGE.	2020		2200	4	D	103	14.10	140	76100
GIOTTILINE	SIENA	SIENA 322 CITROËN JUMPER.			2000	4	D	96	13.32	130	37900
GIOTTILINE	SIENA	SIENA 330 CITROËN JUMPER.			2000	4	D	96	13.32	130	37900
GIOTTILINE	SIENA	SIENA 350 CITROËN JUMPER.			2000	4	D	96	13.32	130	39000
GIOTTILINE	SIENA	SIENA 385 CITROËN JUMPER.			2000	4	D	96	13.32	130	39400
GIOTTILINE	SIENA	SIENA 390 CITROËN JUMPER.			2000	4	D	96	13.32	130	41900
GIOTTILINE	SIENA	SIENA 390F AUTOMATICO.			2000	4	D	125	13.30	170	59300
GIOTTILINE	SIENA	SIENA 395 CITROËN JUMPER.			2000	4	D	96	13.32	130	40500
GIOTTILINE	SIENA	SIENA 397 CITROËN JUMPER.			2000	4	D	96	13.32	130	41100
GIOTTILINE	SIENA	SIENA 422 CITROËN JUMPER.			2000	4	D	96	13.32	130	37900
GIOTTILINE	SIENA	SIENA 430 CITROËN JUMPER.			2000	4	D	96	13.32	130	37900
GIOTTILINE	SIENA	SIENA 435 CITROËN JUMPER.			2000	4	D	96	13.32	130	40100
GIOTTILINE	SIENA	SIENA 440 CITROËN JUMPER.			2000	4	D	96	13.32	130	40100
GIOTTILINE	THERRY	THERRY CAPUCHINO T 22.			2200	4	D	110	14.10	150	43300
GIOTTILINE	THERRY	THERRY CAPUCHINO T 22.			2200	4	D	81	14.10	110	41700
GIOTTILINE	THERRY	THERRY CAPUCHINO T 22.			2200	4	D	96	14.10	130	42500
GIOTTILINE	THERRY	THERRY CAPUCHINO T 41.			2200	4	D	110	14.10	150	48400
GIOTTILINE	THERRY	THERRY CAPUCHINO T 41.			3000	4	D	132	16.99	180	50600
GIOTTILINE	THERRY	THERRY CAPUCHINO T 41.			2200	4	D	96	14.10	130	47600
GIOTTILINE	THERRY	THERRY CAPUCHINO T 45.			2200	4	D	110	14.10	150	48400
GIOTTILINE	THERRY	THERRY CAPUCHINO T 45.			3000	4	D	132	16.99	180	50600
GIOTTILINE	THERRY	THERRY CAPUCHINO T 45.			2200	4	D	96	14.10	130	47600
GIOTTILINE	THERRY	THERRY CAPUCHINO T22.			2200	4	D	110	14.10	150	43300
GIOTTILINE	THERRY	THERRY CAPUCHINO T22.			2200	4	D	81	14.10	110	41700
GIOTTILINE	THERRY	THERRY CAPUCHINO T22.			2200	4	D	96	14.10	130	42500
GIOTTILINE	THERRY	THERRY CAPUCHINO T41.			2200	4	D	110	14.10	150	48400
GIOTTILINE	THERRY	THERRY CAPUCHINO T41.			3000	4	D	132	16.99	180	50600
GIOTTILINE	THERRY	THERRY CAPUCHINO T41.			2200	4	D	96	14.10	130	47600
GIOTTILINE	THERRY	THERRY CAPUCHINO T45.			2200	4	D	110	14.10	150	48400
GIOTTILINE	THERRY	THERRY CAPUCHINO T45.			3000	4	D	132	16.99	180	50600
GIOTTILINE	THERRY	THERRY CAPUCHINO T45.			2200	4	D	96	14.10	130	47600
GIOTTILINE	THERRY	THERRY PERFILADO T 30 B.			2200	4	D	110	14.10	150	48200
GIOTTILINE	THERRY	THERRY PERFILADO T 30 B.			3000	4	D	132	16.99	180	50300
GIOTTILINE	THERRY	THERRY PERFILADO T 30 B.			2200	4	D	96	14.10	130	47400
GIOTTILINE	THERRY	THERRY PERFILADO T 30B.			2200	4	D	110	14.10	150	48200
GIOTTILINE	THERRY	THERRY PERFILADO T 30B.			3000	4	D	132	16.99	180	50300
GIOTTILINE	THERRY	THERRY PERFILADO T 30B.			2200	4	D	96	14.10	130	47400
GIOTTILINE	THERRY	THERRY PERFILADO T 31.			2200	4	D	110	14.10	150	44200
GIOTTILINE	THERRY	THERRY PERFILADO T 31.			2200	4	D	81	14.10	110	42600
GIOTTILINE	THERRY	THERRY PERFILADO T 31.			2200	4	D	96	14.10	130	43400
GIOTTILINE	THERRY	THERRY PERFILADO T 32.			2200	4	D	110	14.10	150	46400
GIOTTILINE	THERRY	THERRY PERFILADO T 32.			3000	4	D	132	16.99	180	48600
GIOTTILINE	THERRY	THERRY PERFILADO T 32.			2200	4	D	96	14.10	130	45600
GIOTTILINE	THERRY	THERRY PERFILADO T 36 B.			2200	4	D	110	14.10	150	50100
GIOTTILINE	THERRY	THERRY PERFILADO T 36 B.			3000	4	D	132	16.99	180	52300
GIOTTILINE	THERRY	THERRY PERFILADO T 36 B.			2200	4	D	96	14.10	130	49300
GIOTTILINE	THERRY	THERRY PERFILADO T 36B.			2200	4	D	110	14.10	150	50100
GIOTTILINE	THERRY	THERRY PERFILADO T 36B.			3000	4	D	132	16.99	180	52300
GIOTTILINE	THERRY	THERRY PERFILADO T 36B.			2200	4	D	96	14.10	130	49300
GIOTTILINE	THERRY	THERRY PERFILADO T 37 B.			2200	4	D	110	14.10	150	51100
GIOTTILINE	THERRY	THERRY PERFILADO T 37 B.			3000	4	D	132	16.99	180	53200
GIOTTILINE	THERRY	THERRY PERFILADO T 37 B.			2200	4	D	96	14.10	130	50300
GIOTTILINE	THERRY	THERRY PERFILADO T 37B.			2200	4	D	110	14.10	150	51100
GIOTTILINE	THERRY	THERRY PERFILADO T 37B.			3000	4	D	132	16.99	180	53200
GIOTTILINE	THERRY	THERRY PERFILADO T 37B.			2200	4	D	96	14.10	130	50300
GIOTTILINE	THERRY	THERRY PERFILADO T 38 B.			2200	4	D	110	14.10	150	51600
GIOTTILINE	THERRY	THERRY PERFILADO T 38 B.			3000	4	D	132	16.99	180	53700
GIOTTILINE	THERRY	THERRY PERFILADO T 38 B.			2200	4	D	96	14.10	130	50800
GIOTTILINE	THERRY	THERRY PERFILADO T 38B.			2200	4	D	110	14.10	150	51600
GIOTTILINE	THERRY	THERRY PERFILADO T 38B.			3000	4	D	132	16.99	180	53700
GIOTTILINE	THERRY	THERRY PERFILADO T 38B.			2200	4	D	96	14.10	130	50800
GIOTTILINE	THERRY	THERRY T 36 B.			2000	4	D	96	13.32	130	49400
GIOTTILINE	THERRY	THERRY T 37 B.			2000	4	D	96	13.32	130	50800
GIOTTILINE	THERRY	THERRY T 38 B.			2000	4	D	96	13.32	130	51300
GIOTTILINE	THERRY	THERRY T 45.			2000	4	D	96	13.32	130	47600
GIOTTILINE	THERRY	THERRY T 45S.	2013		2200	4	D	110	14.10	150	57900
GIOTTILINE	THERRY	THERRY T32 CITROËN - PEUGEOT.	2023		2200	4	D	103	14.10	140	55200
GIOTTILINE	THERRY	THERRY T32 CITROËN JUMPER.			2000	4	D	96	13.32	130	45300
GIOTTILINE	THERRY	THERRY T32 FIAT.	2023		2300	4	D	103	14.49	140	56700
GIOTTILINE	THERRY	THERRY T34 CITROËN JUMPER.			2000	4	D	96	13.32	130	46600
GIOTTILINE	THERRY	THERRY T37 CITROËN - PEUGEOT.	2023		2200	4	D	103	14.10	140	56300
GIOTTILINE	THERRY	THERRY T37 CITROËN JUMPER.			2000	4	D	96	13.32	130	47200
GIOTTILINE	THERRY	THERRY T37 FIAT.	2023		2300	4	D	103	14.49	140	57800
GIOTTILINE	THERRY	THERRY T38 CITROËN - PEUGEOT.	2023		2200	4	D	103	14.10	140	57100
GIOTTILINE	THERRY	THERRY T38 CITROËN JUMPER.			2000	4	D	96	13.32	130	47900
GIOTTILINE	THERRY	THERRY T38 FIAT.	2023		2300	4	D	103	14.49	140	58600
GIOTTILINE	THERRY	THERRY T45 CITROËN - PEUGEOT.	2023		2200	4	D	103	14.10	140	59500
GIOTTILINE	THERRY	THERRY T45 CITROËN JUMPER.			2000	4	D	96	13.32	130	47900
GIOTTILINE	THERRY	THERRY T45 FIAT.	2023		2300	4	D	103	14.49	140	61000
GIOTTILINE	TOSCAN	TOSCAN 69 GC FIAT.	2025		2200	4	D	103	14.10	140	67100
GIOTTILINE	TOSCAN	TOSCAN 69 GC PEUGEOT/CITROEN.	2025		2000	4	D	103	13.32	140	65600
GIOTTILINE	TOSCAN	TOSCAN 74 GC FIAT.	2025		2200	4	D	103	14.10	140	69300
GIOTTILINE	TOSCAN	TOSCAN 74 GC PEUGEOT/CITROEN.	2025		2000	4	D	103	13.32	140	66400
GIOTTILINE	VAN.	VAN.			2200	4	D	110	14.10	150	42900
GIOTTILINE	VAN.	VAN.			3000	4	D	132	16.99	180	45200
GIOTTILINE	VAN.	VAN.			2200	4	D	81	14.10	110	41400
GIOTTILINE	VAN.	VAN.			2200	4	D	96	14.10	130	42100
GLOBECAR	CAMPSCOUT.	CAMPSCOUT.			2200	4	D	74	14.10	101	33400
GLOBECAR	CAMPSCOUT.	CAMPSCOUT.			2300	4	D	81	14.49	110	33400
GLOBECAR	CAMPSCOUT.	CAMPSCOUT.			2800	4	D	93	16.30	127	36800
GLOBECAR	CAMPSCOUT.	CAMPSCOUT.			2800	4	D	108	16.30	147	34100
GLOBECAR	CAMPSCOUT	CAMPSCOUT D-Line (chasis Citroen).			3000	4	D	116	16.99	157	46800
GLOBECAR	CAMPSCOUT	CAMPSCOUT D-Line (chasis Citroen).			2300	4	D	88	14.49	120	45200
GLOBECAR	CAMPSCOUT	CAMPSCOUT D-Line (chasis Fiat).			3000	4	D	116	16.99	157	47400
GLOBECAR	CAMPSCOUT	CAMPSCOUT D-Line (chasis Fiat).			2300	4	D	88	14.49	120	45800
GLOBECAR	CAMPSTER	CAMPSTER 2,0 Blue Citroën HDI.			2000	4	D	107	13.32	145	35800
GLOBECAR	CAMPSTER	CAMPSTER 2,0 Blue Citroën HDI.			2000	4	D	110	13.32	150	35400
GLOBECAR	CAMPSTER	CAMPSTER 2,0 Blue Citroën HDI (automático).			2000	4	D	107	13.32	145	36900
GLOBECAR	CAMPSTER,5	CAMPSTER,5 Blue Citroën HDI.			1500	4	D	88	11.21	120	34300
GLOBECAR	CONCORDE.	CONCORDE.	2000		2800	4	D	92	16.30	125	75200
GLOBECAR	CONCORDE	CONCORDE COMP. D-Line (chasis Citroen).			2200	4	D	74	14.10	100	50600
GLOBECAR	CONCORDE	CONCORDE COMP. D-Line (chasis Fiat).			2300	4	D	88	14.49	120	51400
GLOBECAR	D	D LINE CAMPSCOUT.			2000	4	D	120	13.32	163	45600
GLOBECAR	D	D LINE CAMPSCOUT.			2300	4	D	130	14.49	177	50000
GLOBECAR	D	D LINE CAMPSCOUT.			2300	4	D	96	14.49	130	47400
GLOBECAR	D	D LINE CAMPSCOUT.			2300	4	D	109	14.49	148	48400
GLOBECAR	D	D LINE CAMPSCOUT B.			2000	4	D	96	13.32	130	43700
GLOBECAR	D	D LINE CAMPSCOUT B.			2000	4	D	120	13.32	163	44600
GLOBECAR	D	D LINE CAMPSCOUT B.			2300	4	D	96	14.49	130	46400
GLOBECAR	D	D LINE CAMPSCOUT B.			2300	4	D	130	14.49	177	49300
GLOBECAR	D	D LINE CAMPSCOUT B.			2300	4	D	109	14.49	148	47400
GLOBECAR	D	D LINE CAMPSCOUT B HEAVY.			2000	4	D	120	13.32	163	45700
GLOBECAR	D	D LINE CAMPSCOUT B HEAVY.			2000	4	D	96	13.32	130	44700
GLOBECAR	D	D LINE CAMPSCOUT HEAVY.			2000	4	D	120	13.32	163	46700
GLOBECAR	D	D LINE CAMPSCOUT HEAVY.			2000	4	D	96	13.32	130	45700
GLOBECAR	D	D LINE CAMPSCOUT REVOLUTION.			2300	4	D	130	14.49	177	53000
GLOBECAR	D	D LINE CAMPSCOUT REVOLUTION.			2300	4	D	96	14.49	130	50700
GLOBECAR	D	D LINE CAMPSCOUT REVOLUTION.			2300	4	D	109	14.49	148	51700
GLOBECAR	D	D LINE CAMPSCOUT REVOLUTION (HEAVY).			2000	4	D	120	13.32	163	50000
GLOBECAR	D	D LINE CAMPSCOUT REVOLUTION (HEAVY).			2000	4	D	96	13.32	130	49000
GLOBECAR	D	D LINE GLOBESCOUT.			2000	4	D	96	13.32	130	42700
GLOBECAR	D	D LINE GLOBESCOUT.			2000	4	D	120	13.32	163	43800
GLOBECAR	D	D LINE GLOBESCOUT.			2300	4	D	96	14.49	130	44500
GLOBECAR	D	D LINE GLOBESCOUT.			2300	4	D	130	14.49	177	47000
GLOBECAR	D	D LINE GLOBESCOUT.			2000	4	D	81	13.32	110	41700
GLOBECAR	D	D LINE GLOBESCOUT.			2000	4	D	85	13.32	115	43500
GLOBECAR	D	D LINE GLOBESCOUT.			2300	4	D	109	14.49	148	45500
GLOBECAR	D	D LINE GLOBESCOUT LIMITED.			2300	4	D	130	14.49	177	52300
GLOBECAR	D	D LINE GLOBESCOUT LIMITED.			2300	4	D	96	14.49	130	49700
GLOBECAR	D	D LINE GLOBESCOUT LIMITED.			2300	4	D	109	14.49	148	50700
GLOBECAR	D	D LINE GLOBESCOUT PLUS.			2000	4	D	120	13.32	163	42600
GLOBECAR	D	D LINE GLOBESCOUT R.			2000	4	D	96	13.32	130	43800
GLOBECAR	D	D LINE GLOBESCOUT R.			2000	4	D	120	13.32	163	44700
GLOBECAR	D	D LINE GLOBESCOUT R.			2300	4	D	96	14.49	130	45500
GLOBECAR	D	D LINE GLOBESCOUT R.			2300	4	D	130	14.49	177	48100
GLOBECAR	D	D LINE GLOBESCOUT R.			2000	4	D	81	13.32	110	42700
GLOBECAR	D	D LINE GLOBESCOUT R.			2300	4	D	85	14.49	115	44500
GLOBECAR	D	D LINE GLOBESCOUT R.			2300	4	D	109	14.49	148	46400
GLOBECAR	D-LINE	D-LINE CAMPSCOUT (HEAVY) HDI.			3000	4	D	130	16.99	177	45700
GLOBECAR	D-LINE	D-LINE CAMPSCOUT (HEAVY) HDI.			2300	4	D	96	14.49	130	43300
GLOBECAR	D-LINE	D-LINE CAMPSCOUT (HEAVY) HDI.			2300	4	D	109	14.49	148	44300
GLOBECAR	D-LINE	D-LINE CAMPSCOUT (HEAVY) MJ.			2300	4	D	110	14.49	150	45700
GLOBECAR	D-LINE	D-LINE CAMPSCOUT (HEAVY) MJ.			3000	4	D	130	16.99	177	47200
GLOBECAR	D-LINE	D-LINE CAMPSCOUT (HEAVY) MJ.			2300	4	D	96	14.49	130	44700
GLOBECAR	D-LINE	D-LINE Campscout (Light) Citroën HDI.			2200	4	D	103	14.10	140	38200
GLOBECAR	D-LINE	D-LINE Campscout (Light) Citroën HDI.			2200	4	D	121	14.10	165	39100
GLOBECAR	D-LINE	D-LINE Campscout (Light) Fiat Ducato 3.0 JTD.			3000	4	D	131	16.99	178	41500
GLOBECAR	D-LINE	D-LINE Campscout (Light) Fiat Ducato JTD.			2300	4	D	103	14.49	140	39100
GLOBECAR	D-LINE	D-LINE Campscout (Light) Fiat Ducato JTD.			2300	4	D	118	14.49	160	39900
GLOBECAR	D-LINE	D-LINE campscout Elegance Citroën HDI.			2200	4	D	103	14.10	140	40400
GLOBECAR	D-LINE	D-LINE Campscout Elegance Citroën HDI.			2200	4	D	121	14.10	165	41200
GLOBECAR	D-LINE	D-LINE Campscout Elegance Fiat Ducato 3.0 JTD.			3000	4	D	131	16.99	178	43700
GLOBECAR	D-LINE	D-LINE Campscout Elegance Fiat Ducato JTD.			2300	4	D	103	14.49	140	41200
GLOBECAR	D-LINE	D-LINE Campscout Elegance Fiat Ducato JTD.			2300	4	D	118	14.49	160	42000
GLOBECAR	D-LINE	D-LINE CAMPSCOUT REVOLUTION (HEAVY) HDI.			3000	4	D	130	16.99	177	48200
GLOBECAR	D-LINE	D-LINE CAMPSCOUT REVOLUTION (HEAVY) HDI.			2300	4	D	96	14.49	130	45700
GLOBECAR	D-LINE	D-LINE CAMPSCOUT REVOLUTION (HEAVY) HDI.			2300	4	D	109	14.49	148	46700
GLOBECAR	D-LINE	D-LINE CAMPSCOUT REVOLUTION (HEAVY) MJ.			2300	4	D	110	14.49	150	48200
GLOBECAR	D-LINE	D-LINE CAMPSCOUT REVOLUTION (HEAVY) MJ.			3000	4	D	130	16.99	177	49600
GLOBECAR	D-LINE	D-LINE CAMPSCOUT REVOLUTION (HEAVY) MJ.			2300	4	D	96	14.49	130	47200
GLOBECAR	D-LINE	D-LINE FAMILYSCOUT (HEAVY) HDI.			3000	4	D	130	16.99	177	46700
GLOBECAR	D-LINE	D-LINE FAMILYSCOUT (HEAVY) HDI.			2300	4	D	96	14.49	130	44300
GLOBECAR	D-LINE	D-LINE FAMILYSCOUT (HEAVY) HDI.			2300	4	D	109	14.49	148	45300
GLOBECAR	D-LINE	D-LINE FAMILYSCOUT L (HEAVY) MJ.			2300	4	D	110	14.49	150	46700
GLOBECAR	D-LINE	D-LINE FAMILYSCOUT L (HEAVY) MJ.			3000	4	D	130	16.99	177	48200
GLOBECAR	D-LINE	D-LINE FAMILYSCOUT L (HEAVY) MJ.			2300	4	D	96	14.49	130	45700
GLOBECAR	D-LINE	D-LINE G 2 RELAX HDI.			3000	4	D	130	16.99	177	45700
GLOBECAR	D-LINE	D-LINE G 2 RELAX HDI.			2300	4	D	96	14.49	130	43300
GLOBECAR	D-LINE	D-LINE G 2 RELAX HDI.			2300	4	D	109	14.49	148	44300
GLOBECAR	D-LINE	D-LINE G 2 RELAX MJ.			2300	4	D	110	14.49	150	45700
GLOBECAR	D-LINE	D-LINE G 2 RELAX MJ.			3000	4	D	130	16.99	177	47200
GLOBECAR	D-LINE	D-LINE G 2 RELAX MJ.			2300	4	D	96	14.49	130	44700
GLOBECAR	D-LINE	D-LINE Globescout Citroën HDI.			2200	4	D	88	14.10	120	35100
GLOBECAR	D-LINE	D-LINE Globescout Citroën HDI.			2200	4	D	103	14.10	140	35900
GLOBECAR	D-LINE	D-LINE Globescout Citroën HDI.			2200	4	D	121	14.10	165	36700
GLOBECAR	D-LINE	D-LINE Globescout Elegance Citroën HDI.			2200	4	D	88	14.10	120	36700
GLOBECAR	D-LINE	D-LINE Globescout Elegance Citroën HDI.			2200	4	D	103	14.10	140	37200
GLOBECAR	D-LINE	D-LINE Globescout Elegance Citroën HDI.			2200	4	D	121	14.10	165	38000
GLOBECAR	D-LINE	D-LINE Globescout Elegance Fiat Ducato JTD.			2300	4	D	88	14.49	120	37200
GLOBECAR	D-LINE	D-LINE Globescout Elegance Fiat Ducato JTD.			2300	4	D	103	14.49	140	38000
GLOBECAR	D-LINE	D-LINE Globescout Elegance Fiat Ducato JTD.			2300	4	D	118	14.49	160	38800
GLOBECAR	D-LINE	D-LINE Globescout Elegance Fiat Ducato JTD78 C.			2300	4	D	131	14.49	178	43700
GLOBECAR	D-LINE	D-LINE Globescout Fiat Ducato JTD.			2300	4	D	88	14.49	120	35900
GLOBECAR	D-LINE	D-LINE Globescout Fiat Ducato JTD.			2300	4	D	103	14.49	140	36700
GLOBECAR	D-LINE	D-LINE Globescout Fiat Ducato JTD.			2300	4	D	118	14.49	160	37500
GLOBECAR	D-LINE	D-LINE Globescout Fiat Ducato JTD78 C.			2300	4	D	131	14.49	178	42200
GLOBECAR	D-LINE	D-LINE GLOBESCOUT HDI.			3000	4	D	130	16.99	177	42800
GLOBECAR	D-LINE	D-LINE GLOBESCOUT HDI.			2200	4	D	85	14.10	115	39400
GLOBECAR	D-LINE	D-LINE GLOBESCOUT HDI.			2300	4	D	96	14.49	130	40400
GLOBECAR	D-LINE	D-LINE GLOBESCOUT HDI.			2300	4	D	109	14.49	148	41300
GLOBECAR	D-LINE	D-LINE GLOBESCOUT MJ.			2300	4	D	110	14.49	150	42800
GLOBECAR	D-LINE	D-LINE GLOBESCOUT MJ.			3000	4	D	130	16.99	177	44300
GLOBECAR	D-LINE	D-LINE GLOBESCOUT MJ.			2300	4	D	85	14.49	115	40900
GLOBECAR	D-LINE	D-LINE GLOBESCOUT MJ.			2300	4	D	96	14.49	130	41800
GLOBECAR	D-LINE	D-LINE Globescout Plus Citroën HDI.			2200	4	D	103	14.10	140	34300
GLOBECAR	D-LINE	D-LINE Globescout Plus Citroën HDI.			2200	4	D	121	14.10	165	35200
GLOBECAR	D-LINE	D-LINE Globescout Plus Fiat Ducato 2.0 JTD.			2000	4	D	103	13.32	140	35700
GLOBECAR	D-LINE	D-LINE Globescout Plus Fiat Ducato JTD.			2300	4	D	118	14.49	160	36500
GLOBECAR	D-LINE	D-LINE Globescout PlusFiat Ducato JTD.			2300	4	D	131	14.49	178	38100
GLOBECAR	D-LINE	D-LINE Globescout R Citroën HDI.			2200	4	D	88	14.10	120	35900
GLOBECAR	D-LINE	D-LINE Globescout R Citroën HDI.			2200	4	D	103	14.10	140	36700
GLOBECAR	D-LINE	D-LINE Globescout R Citroën HDI.			2200	4	D	121	14.10	165	37500
GLOBECAR	D-LINE	D-LINE Globescout R Fiat Ducato JTD.			2300	4	D	88	14.49	120	36700
GLOBECAR	D-LINE	D-LINE Globescout R Fiat Ducato JTD.			2300	4	D	103	14.49	140	37500
GLOBECAR	D-LINE	D-LINE Globescout R Fiat Ducato JTD.			2300	4	D	118	14.49	160	38200
GLOBECAR	D-LINE	D-LINE Globescout R Fiat Ducato JTD.			2300	4	D	131	14.49	178	39900
GLOBECAR	D-LINE	D-LINE GLOBESCOUT R HDI.			3000	4	D	130	16.99	177	43800
GLOBECAR	D-LINE	D-LINE GLOBESCOUT R HDI.			2200	4	D	85	14.10	115	40400
GLOBECAR	D-LINE	D-LINE GLOBESCOUT R HDI.			2300	4	D	96	14.49	130	41300
GLOBECAR	D-LINE	D-LINE GLOBESCOUT R HDI.			2300	4	D	109	14.49	148	42300
GLOBECAR	D-LINE	D-LINE GLOBESCOUT R MJ.			2300	4	D	110	14.49	150	43800
GLOBECAR	D-LINE	D-LINE GLOBESCOUT R MJ.			3000	4	D	130	16.99	177	45300
GLOBECAR	D-LINE	D-LINE GLOBESCOUT R MJ.			2300	4	D	85	14.49	115	41800
GLOBECAR	D-LINE	D-LINE GLOBESCOUT R MJ.			2300	4	D	96	14.49	130	42800
GLOBECAR	D-LINE	D-LINE Globescout R Plus Citroën HDI.			2200	4	D	103	14.10	140	35200
GLOBECAR	D-LINE	D-LINE Globescout R Plus Citroën HDI.			2200	4	D	121	14.10	165	36000
GLOBECAR	D-LINE	D-LINE Globescout R Plus Fiat Ducato JTD.			2300	4	D	103	14.49	140	36500
GLOBECAR	D-LINE	D-LINE Globescout R Plus Fiat Ducato JTD.			2300	4	D	118	14.49	160	37300
GLOBECAR	D-LINE	D-LINE Globescout R Plus Fiat Ducato JTD.			2300	4	D	131	14.49	178	39000
GLOBECAR	D-LINE	D-LINE GLOBESCOUT SPORTIVE HDI.			3000	4	D	130	16.99	177	47600
GLOBECAR	D-LINE	D-LINE GLOBESCOUT SPORTIVE HDI.			2300	4	D	96	14.49	130	45300
GLOBECAR	D-LINE	D-LINE GLOBESCOUT SPORTIVE HDI.			2300	4	D	109	14.49	148	46100
GLOBECAR	D-LINE	D-LINE GLOBESCOUT SPORTIVE MJ.			2300	4	D	110	14.49	150	47600
GLOBECAR	D-LINE	D-LINE GLOBESCOUT SPORTIVE MJ.			3000	4	D	130	16.99	177	49200
GLOBECAR	D-LINE	D-LINE GLOBESCOUT SPORTIVE MJ.			2300	4	D	96	14.49	130	46700
GLOBECAR	D-LINE	D-LINE GLOBESCOUT STYLE HDI.			3000	4	D	130	16.99	177	47600
GLOBECAR	D-LINE	D-LINE GLOBESCOUT STYLE HDI.			2300	4	D	96	14.49	130	45300
GLOBECAR	D-LINE	D-LINE GLOBESCOUT STYLE HDI.			2300	4	D	109	14.49	148	46100
GLOBECAR	D-LINE	D-LINE GLOBESCOUT STYLE MJ.			2300	4	D	110	14.49	150	47600
GLOBECAR	D-LINE	D-LINE GLOBESCOUT STYLE MJ.			3000	4	D	130	16.99	177	49200
GLOBECAR	D-LINE	D-LINE GLOBESCOUT STYLE MJ.			2300	4	D	96	14.49	130	46700
GLOBECAR	DLINE	DLINE GLOBESTAR 600 L.			2000	4	D	96	13.32	130	45100
GLOBECAR	DLINE	DLINE GLOBESTAR 600 L.			2000	4	D	120	13.32	163	46000
GLOBECAR	DLINE	DLINE GLOBESTAR 600 L.			2300	4	D	96	14.49	130	46700
GLOBECAR	DLINE	DLINE GLOBESTAR 600 L.			2300	4	D	130	14.49	177	49300
GLOBECAR	DLINE	DLINE GLOBESTAR 600 L.			2000	4	D	81	13.32	110	44100
GLOBECAR	DLINE	DLINE GLOBESTAR 600 L.			2000	4	D	85	13.32	115	45700
GLOBECAR	DLINE	DLINE GLOBESTAR 600 L.			2300	4	D	109	14.49	148	47700
GLOBECAR	DLINE	DLINE GLOBESTAR 600 L REVOLUTION.			2000	4	D	96	13.32	130	47700
GLOBECAR	DLINE	DLINE GLOBESTAR 600 L REVOLUTION.			2000	4	D	120	13.32	163	48700
GLOBECAR	DLINE	DLINE GLOBESTAR 600 L REVOLUTION.			2300	4	D	96	14.49	130	49400
GLOBECAR	DLINE	DLINE GLOBESTAR 600 L REVOLUTION.			2300	4	D	130	14.49	177	52100
GLOBECAR	DLINE	DLINE GLOBESTAR 600 L REVOLUTION.			2300	4	D	109	14.49	148	50300
GLOBECAR	DLINE	DLINE GLOBESTAR 600 W.			2000	4	D	96	13.32	130	44300
GLOBECAR	DLINE	DLINE GLOBESTAR 600 W.			2000	4	D	120	13.32	163	45300
GLOBECAR	DLINE	DLINE GLOBESTAR 600 W.			2300	4	D	96	14.49	130	45900
GLOBECAR	DLINE	DLINE GLOBESTAR 600 W.			2300	4	D	130	14.49	177	48400
GLOBECAR	DLINE	DLINE GLOBESTAR 600 W.			2000	4	D	85	13.32	115	44900
GLOBECAR	DLINE	DLINE GLOBESTAR 600 W.			2300	4	D	109	14.49	148	46900
GLOBECAR	DLINE	DLINE GLOBESTAR 640 DK.			2300	4	D	130	14.49	177	50700
GLOBECAR	DLINE	DLINE GLOBESTAR 640 DK.			2300	4	D	96	14.49	130	48300
GLOBECAR	DLINE	DLINE GLOBESTAR 640 DK.			2300	4	D	109	14.49	148	49300
GLOBECAR	DLINE	DLINE GLOBESTAR 640 DK HEAVY.			2000	4	D	120	13.32	163	47400
GLOBECAR	DLINE	DLINE GLOBESTAR 640 DK HEAVY.			2000	4	D	96	13.32	130	46400
GLOBECAR	DLINE	DLINE ROADSCOUT R.			2000	4	D	96	13.32	130	42300
GLOBECAR	DLINE	DLINE ROADSCOUT R.			2000	4	D	120	13.32	163	43300
GLOBECAR	DLINE	DLINE ROADSCOUT R.			2300	4	D	96	14.49	130	44100
GLOBECAR	DLINE	DLINE ROADSCOUT R.			2300	4	D	130	14.49	177	46600
GLOBECAR	DLINE	DLINE ROADSCOUT R.			2000	4	D	81	13.32	110	41300
GLOBECAR	DLINE	DLINE ROADSCOUT R.			2000	4	D	85	13.32	115	43100
GLOBECAR	DLINE	DLINE ROADSCOUT R.			2300	4	D	109	14.49	148	45100
GLOBECAR	D-LINE	D-LINE Roadscout R Citroën HDI.			2200	4	D	88	14.10	120	34700
GLOBECAR	D-LINE	D-LINE Roadscout R Citroën HDI.			2200	4	D	103	14.10	140	35600
GLOBECAR	D-LINE	D-LINE Roadscout R Citroën HDI.			2200	4	D	121	14.10	165	36300
GLOBECAR	D-LINE	D-LINE Roadscout R Elegance Citroën HDI.			2200	4	D	88	14.10	120	35900
GLOBECAR	D-LINE	D-LINE Roadscout R Elegance Citroën HDI.			2200	4	D	103	14.10	140	36600
GLOBECAR	D-LINE	D-LINE Roadscout R Elegance Citroën HDI.			2200	4	D	121	14.10	165	37400
GLOBECAR	D-LINE	D-LINE Roadscout R Elegance Fiat Ducato JTD.			2300	4	D	88	14.49	120	36600
GLOBECAR	D-LINE	D-LINE Roadscout R Elegance Fiat Ducato JTD.			2300	4	D	103	14.49	140	37400
GLOBECAR	D-LINE	D-LINE Roadscout R Elegance Fiat Ducato JTD.			2300	4	D	118	14.49	160	38200
GLOBECAR	D-LINE	D-LINE Roadscout R Elegance Fiat Ducato JTD.			2300	4	D	131	14.49	178	39900
GLOBECAR	D-LINE	D-LINE Roadscout R Fiat Ducato JTD.			2300	4	D	88	14.49	120	35600
GLOBECAR	D-LINE	D-LINE Roadscout R Fiat Ducato JTD.			2300	4	D	103	14.49	140	36300
GLOBECAR	D-LINE	D-LINE Roadscout R Fiat Ducato JTD.			2300	4	D	118	14.49	160	37100
GLOBECAR	D-LINE	D-LINE Roadscout R Fiat Ducato JTD.			2300	4	D	131	14.49	178	38700
GLOBECAR	D-LINE	D-LINE ROADSCOUT R HDI.			3000	4	D	130	16.99	177	42500
GLOBECAR	D-LINE	D-LINE ROADSCOUT R HDI.			2200	4	D	85	14.10	115	39100
GLOBECAR	D-LINE	D-LINE ROADSCOUT R HDI.			2300	4	D	96	14.49	130	40100
GLOBECAR	D-LINE	D-LINE ROADSCOUT R HDI.			2300	4	D	109	14.49	148	41100
GLOBECAR	D-LINE	D-LINE ROADSCOUT R MJ.			2300	4	D	110	14.49	150	42500
GLOBECAR	D-LINE	D-LINE ROADSCOUT R MJ.			3000	4	D	130	16.99	177	44000
GLOBECAR	D-LINE	D-LINE ROADSCOUT R MJ.			2300	4	D	85	14.49	115	40500
GLOBECAR	D-LINE	D-LINE ROADSCOUT R MJ.			2300	4	D	96	14.49	130	41500
GLOBECAR	FAMILYSCOUT.	FAMILYSCOUT.			2463	4	D	88	15.09	120	38100
GLOBECAR	FAMILYSCOUT.	FAMILYSCOUT.			2953	4	D	103	16.83	140	39600
GLOBECAR	FAMILYSCOUT	FAMILYSCOUT D-Line(chasis Citroen).			3000	4	D	116	16.99	157	47400
GLOBECAR	FAMILYSCOUT	FAMILYSCOUT D-Line(chasis Citroen).			2300	4	D	88	14.49	120	45700
GLOBECAR	FAMILYSCOUT	FAMILYSCOUT D-Line(chasis Fiat).			3000	4	D	116	16.99	157	48200
GLOBECAR	FAMILYSCOUT	FAMILYSCOUT D-Line(chasis Fiat).			2300	4	D	88	14.49	120	46200
GLOBECAR	FAMILYSCOUT	FAMILYSCOUT L.			2463	4	D	74	15.09	100	40600
GLOBECAR	FAMILYSCOUT	FAMILYSCOUT L.			2953	4	D	103	16.83	140	43300
GLOBECAR	FORTSCOUT	FORTSCOUT D-Line(chasis Citroen).			2200	4	D	85	14.10	115	42500
GLOBECAR	FORTSCOUT	FORTSCOUT D-Line(chasis Citroen).			2300	4	D	103	14.49	140	43200
GLOBECAR	GLOBESCOUT.	GLOBESCOUT.			2200	4	D	74	14.10	101	31600
GLOBECAR	GLOBESCOUT.	GLOBESCOUT.			2300	4	D	81	14.49	110	32200
GLOBECAR	GLOBESCOUT.	GLOBESCOUT.			2800	4	D	93	16.30	127	33700
GLOBECAR	GLOBESCOUT.	GLOBESCOUT.			2800	4	D	108	16.30	147	34300
GLOBECAR	GLOBESCOUT	GLOBESCOUT D-Line(chasis Citroen).			3000	4	D	116	16.99	157	46700
GLOBECAR	GLOBESCOUT	GLOBESCOUT D-Line(chasis Citroen).			2200	4	D	74	14.10	100	41000
GLOBECAR	GLOBESCOUT	GLOBESCOUT D-Line(chasis Citroen).			2300	4	D	88	14.49	120	51600
GLOBECAR	GLOBESCOUT	GLOBESCOUT D-Line(chasis Fiat).			3000	4	D	116	16.99	157	47600
GLOBECAR	GLOBESCOUT	GLOBESCOUT D-Line(chasis Fiat).			2200	4	D	74	14.10	100	41000
GLOBECAR	GLOBESCOUT	GLOBESCOUT D-Line(chasis Fiat).			2300	4	D	88	14.49	120	42400
GLOBECAR	GLOBESCOUT	GLOBESCOUT STYLE D-Line (chasis Fiat).			2300	4	D	88	14.49	120	45800
GLOBECAR	GLOBESCOUT	GLOBESCOUT VARIO D-Line (chasis Citroen).			3000	4	D	116	16.99	157	54100
GLOBECAR	GLOBESCOUT	GLOBESCOUT VARIO D-Line (chasis Citroen).			2300	4	D	88	14.49	120	52600
GLOBECAR	GLOBESCOUT	GLOBESCOUT VARIO D-Line (chasis Fiat).			3000	4	D	116	16.99	157	54800
GLOBECAR	GLOBESCOUT	GLOBESCOUT VARIO H-Line (chasis Fiat).			2300	4	D	88	14.49	120	53400
GLOBECAR	H-LINE	H-LINE Concorde Compact Citroën 3,5 t.			2200	4	D	103	14.10	140	45700
GLOBECAR	H-LINE	H-LINE Concorde Compact Citroën 3,5 t.			2200	4	D	121	14.10	165	46600
GLOBECAR	H-LINE	H-LINE Concorde Compact Fiat Ducato JTD 3,5 t.			2200	4	D	103	14.10	140	45700
GLOBECAR	H-LINE	H-LINE CONCORDE COMPACT HDI.			3000	4	D	130	16.99	177	49900
GLOBECAR	H-LINE	H-LINE CONCORDE COMPACT HDI.			2300	4	D	96	14.49	130	47500
GLOBECAR	H-LINE	H-LINE CONCORDE COMPACT HDI.			2300	4	D	109	14.49	148	48500
GLOBECAR	H-LINE	H-LINE CONCORDE COMPACT MJ.			3000	4	D	130	16.99	177	51400
GLOBECAR	H-LINE	H-LINE CONCORDE COMPACT MJ.			2300	4	D	96	14.49	130	48900
GLOBECAR	H-LINE	H-LINE CONCORDE COMPACT MJ.			2300	4	D	109	14.49	148	49900
GLOBECAR	H-LINE	H-LINE Globescout Vario Citroën 3,5 t.			2200	4	D	103	14.10	140	47300
GLOBECAR	H-LINE	H-LINE Globescout Vario Citroën 3,5 t.			2200	4	D	121	14.10	165	48400
GLOBECAR	H-LINE	H-LINE Globescout Vario Fiat Ducato JTD 3,5 t.			2200	4	D	103	14.10	140	47300
GLOBECAR	H-LINE	H-LINE Globescout Vario Fiat Ducato JTD 3,5 t.			2200	4	D	132	14.10	180	48600
GLOBECAR	H-LINE	H-LINE GLOBESCOUT VARIO HDI.			3000	4	D	130	16.99	177	52200
GLOBECAR	H-LINE	H-LINE GLOBESCOUT VARIO HDI.			2300	4	D	96	14.49	130	49700
GLOBECAR	H-LINE	H-LINE GLOBESCOUT VARIO HDI.			2300	4	D	109	14.49	148	50700
GLOBECAR	H-LINE	H-LINE GLOBESCOUT VARIO MJ.			3000	4	D	130	16.99	177	53600
GLOBECAR	H-LINE	H-LINE GLOBESCOUT VARIO MJ.			2300	4	D	96	14.49	130	51100
GLOBECAR	H-LINE	H-LINE GLOBESCOUT VARIO MJ.			2300	4	D	109	14.49	148	52200
GLOBECAR	H-LINE	H-LINE Summit 540 Citroën.			2200	4	D	88	14.10	120	32300
GLOBECAR	H-LINE	H-LINE Summit 540 Citroën.			2200	4	D	103	14.10	140	33100
GLOBECAR	H-LINE	H-LINE Summit 540 Citroën.			2200	4	D	121	14.10	165	39700
GLOBECAR	H-LINE	H-LINE Summit 540 Fiat Ducato JTD.			2200	4	D	103	14.10	140	39700
GLOBECAR	H-LINE	H-LINE Summit 540 Fiat Ducato JTD.			2300	4	D	88	14.49	120	32500
GLOBECAR	H-LINE	H-LINE Summit 540 Fiat Ducato JTD.			2300	4	D	103	14.49	140	33300
GLOBECAR	H-LINE	H-LINE Summit 540 Fiat Ducato JTD.			2300	4	D	118	14.49	160	34100
GLOBECAR	H-LINE	H-LINE Summit 540 Fiat Ducato JTD.			2300	4	D	131	14.49	178	35700
GLOBECAR	H-LINE	H-LINE Summit 540 Prime Citroën.			2200	4	D	88	14.10	120	34500
GLOBECAR	H-LINE	H-LINE Summit 540 Prime Citroën.			2200	4	D	103	14.10	140	40900
GLOBECAR	H-LINE	H-LINE Summit 540 Prime Citroën.			2200	4	D	121	14.10	165	36200
GLOBECAR	H-LINE	H-LINE Summit 540 Prime Fiat Ducato JTD.			2200	4	D	103	14.10	140	40900
GLOBECAR	H-LINE	H-LINE Summit 540 Prime Fiat Ducato JTD.			2300	4	D	88	14.49	120	35000
GLOBECAR	H-LINE	H-LINE Summit 540 Prime Fiat Ducato JTD.			2300	4	D	103	14.49	140	35700
GLOBECAR	H-LINE	H-LINE Summit 540 Prime Fiat Ducato JTD.			2300	4	D	118	14.49	160	36500
GLOBECAR	H-LINE	H-LINE Summit 540 Prime Fiat Ducato JTD.			2300	4	D	131	14.49	178	38100
GLOBECAR	H-Line	H-Line Summit 540 R Shine Citroën 2.2 3,5 t.			2200	4	D	103	14.10	140	41700
GLOBECAR	H-Line	H-Line Summit 540 R Shine Fiat Ducato 2.2 JTD.			2200	4	D	103	14.10	140	41700
GLOBECAR	H-LINE	H-LINE Summit 540 Shine Citroën 3,5 t.			2200	4	D	103	14.10	140	41000
GLOBECAR	H-LINE	H-LINE Summit 540 Shine Citroën 3,5 t.			2200	4	D	121	14.10	165	42400
GLOBECAR	H-LINE	H-LINE Summit 540 Shine Fiat Ducato JTD.			2200	4	D	103	14.10	140	41000
GLOBECAR	H-Line	H-Line Summit 600 B Plus Citroën 2.2 3,5 t.			2200	4	D	103	14.10	140	40500
GLOBECAR	H-Line	H-Line Summit 600 B Plus Fiat Ducato 2.2 JTD.			2200	4	D	103	14.10	140	40500
GLOBECAR	H-LINE	H-LINE Summit 600 Citroën.			2200	4	D	88	14.10	120	35400
GLOBECAR	H-LINE	H-LINE Summit 600 Citroën.			2200	4	D	103	14.10	140	36300
GLOBECAR	H-LINE	H-LINE Summit 600 Citroën.			2200	4	D	121	14.10	165	36900
GLOBECAR	H-LINE	H-LINE Summit 600 Fiat Ducato JTD.			2300	4	D	88	14.49	120	35700
GLOBECAR	H-LINE	H-LINE Summit 600 Fiat Ducato JTD.			2300	4	D	103	14.49	140	36500
GLOBECAR	H-LINE	H-LINE Summit 600 Fiat Ducato JTD.			2300	4	D	118	14.49	160	37300
GLOBECAR	H-LINE	H-LINE Summit 600 Fiat Ducato JTD.			2300	4	D	131	14.49	178	39000
GLOBECAR	H-Line	H-Line Summit 600 L Shine Citroën 2.2 3,5 t.			2200	4	D	103	14.10	140	43200
GLOBECAR	H-Line	H-Line Summit 600 L Shine Fiat Ducato 2.2 JTD.			2200	4	D	103	14.10	140	43200
GLOBECAR	H-LINE	H-LINE Summit 600 Plus (Light) Citroën.			2200	4	D	103	14.10	140	34100
GLOBECAR	H-LINE	H-LINE Summit 600 Plus (Light) Citroën.			2200	4	D	121	14.10	165	35000
GLOBECAR	H-LINE	H-LINE Summit 600 Plus (Light) Fiat Ducato JTD.			2300	4	D	103	14.49	140	35200
GLOBECAR	H-LINE	H-LINE Summit 600 Plus (Light) Fiat Ducato JTD.			2300	4	D	118	14.49	160	36000
GLOBECAR	H-LINE	H-LINE Summit 600 Plus (Light) Fiat Ducato JTD.			2300	4	D	131	14.49	178	37500
GLOBECAR	H-Line	H-Line Summit 600 Plus Citroën 2.2 3,5 t.			2200	4	D	103	14.10	140	41000
GLOBECAR	H-Line	H-Line Summit 600 Plus Fiat Ducato 2.2 JTD.			2200	4	D	103	14.10	140	41000
GLOBECAR	H-LINE	H-LINE Summit 600 Prime Citroën.			2200	4	D	88	14.10	120	37300
GLOBECAR	H-LINE	H-LINE Summit 600 Prime Citroën.			2200	4	D	103	14.10	140	41700
GLOBECAR	H-LINE	H-LINE Summit 600 Prime Citroën.			2200	4	D	121	14.10	165	39000
GLOBECAR	H-LINE	H-LINE Summit 600 Prime Fiat Ducato JTD.			2300	4	D	88	14.49	120	37900
GLOBECAR	H-LINE	H-LINE Summit 600 Prime Fiat Ducato JTD.			2300	4	D	103	14.49	140	41700
GLOBECAR	H-LINE	H-LINE Summit 600 Prime Fiat Ducato JTD.			2300	4	D	118	14.49	160	39500
GLOBECAR	H-LINE	H-LINE Summit 600 Prime Fiat Ducato JTD.			2300	4	D	131	14.49	178	41100
GLOBECAR	H-Line	H-Line Summit 600 R Plus Shine Citroën 2.2 3,5 t.			2200	4	D	103	14.10	140	38900
GLOBECAR	H-Line	H-Line Summit 600 R Plus Shine Fiat Ducato 2.2 JTD.			2200	4	D	103	14.10	140	38900
GLOBECAR	H-Line	H-Line Summit 600 R Shine Fiat Ducato 2.2 JTD.			2200	4	D	103	14.10	140	42300
GLOBECAR	H-Line	H-Line Summit 600 RL Shine Fiat Ducato 2.2 JTD.			2200	4	D	103	14.10	140	42500
GLOBECAR	H-Line	H-Line Summit 600 Shine Citroën 2.2 3,5 t.			2200	4	D	103	14.10	140	42600
GLOBECAR	H-LINE	H-LINE Summit 600 Shine Fiat Ducato JTD 3,5 t.			2200	4	D	103	14.10	140	42600
GLOBECAR	H-LINE	H-LINE Summit 600 Shine Fiat Ducato JTD 3,5 t.			2200	4	D	132	14.10	180	43700
GLOBECAR	H-Line	H-Line Summit 640 Citroën 2.2 3,5 t.			2200	4	D	103	14.10	140	41000
GLOBECAR	H-Line	H-Line Summit 640 Prime Citroën 2.2 3,5 t.			2200	4	D	103	14.10	140	42800
GLOBECAR	H-LINE	H-LINE Summit 640 Prime Fiat Ducato JTD 3,5 t.			2200	4	D	103	14.10	140	44600
GLOBECAR	H-LINE	H-LINE Summit 640 Prime Fiat Ducato JTD 3,5 t.			2200	4	D	132	14.10	180	46000
GLOBECAR	H-Line	H-Line Summit 640 R Shine Citroën 2.2 3,5 t.			2200	4	D	103	14.10	140	42400
GLOBECAR	H-Line	H-Line Summit 640 R Shine Fiat Ducato 2.2 JTD.			2200	4	D	103	14.10	140	42400
GLOBECAR	H-Line	H-Line Summit 640 Shine Citroën 2.2 3,5 t.			2200	4	D	103	14.10	140	42400
GLOBECAR	H-LINE	H-LINE Summit 640 Shine Fiat Ducato JTD 3,5 t.			2200	4	D	103	14.10	140	42900
GLOBECAR	H-LINE	H-LINE Summit 640 Shine Fiat Ducato JTD 3,5 t.			2200	4	D	132	14.10	180	44300
GLOBECAR	H-LINE	H-LINE VARIO 499 HDI.			3000	4	D	130	16.99	177	48000
GLOBECAR	H-LINE	H-LINE VARIO 499 HDI.			2300	4	D	96	14.49	130	45500
GLOBECAR	H-LINE	H-LINE VARIO 499 HDI.			2300	4	D	109	14.49	148	46500
GLOBECAR	H-LINE	H-LINE VARIO 499 MJ.			3000	4	D	130	16.99	177	49500
GLOBECAR	H-LINE	H-LINE VARIO 499 MJ.			2300	4	D	96	14.49	130	47000
GLOBECAR	H-LINE	H-LINE VARIO 499 MJ.			2300	4	D	109	14.49	148	48000
GLOBECAR	H-LINE	H-LINE Vario 545 Citroën 3,5 t.			2200	4	D	103	14.10	140	46500
GLOBECAR	H-LINE	H-LINE Vario 545 Citroën 3,5 t.			2200	4	D	121	14.10	165	47300
GLOBECAR	H-LINE	H-LINE Vario 545 Fiat Ducato JTD.			2200	4	D	103	14.10	140	46500
GLOBECAR	H-LINE	H-LINE VARIO 545 HDI.			3000	4	D	130	16.99	177	50900
GLOBECAR	H-LINE	H-LINE VARIO 545 HDI.			2300	4	D	96	14.49	130	48500
GLOBECAR	H-LINE	H-LINE VARIO 545 HDI.			2300	4	D	109	14.49	148	49500
GLOBECAR	H-LINE	H-LINE VARIO 545 MJ.			3000	4	D	130	16.99	177	52400
GLOBECAR	H-LINE	H-LINE VARIO 545 MJ.			2300	4	D	96	14.49	130	49900
GLOBECAR	H-LINE	H-LINE VARIO 545 MJ.			2300	4	D	109	14.49	148	50900
GLOBECAR	I	I 840 SD-VS VARIO SPACE.			2300	4	D	96	14.49	130	109100
GLOBECAR	ROADSCOUT	ROADSCOUT D-Line (chasis Citroen).			2200	4	D	74	14.10	100	39900
GLOBECAR	ROADSCOUT	ROADSCOUT D-Line (chasis Citroen).			2300	4	D	88	14.49	120	40200
GLOBECAR	ROADSCOUT	ROADSCOUT D-Line (chasis Fiat).			2200	4	D	74	14.10	100	39900
GLOBECAR	ROADSCOUT	ROADSCOUT D-Line (chasis Fiat).			2300	4	D	88	14.49	120	41000
GLOBECAR	ROADSCOUT	ROADSCOUT D-Line(chasis Citroen).			2200	4	D	74	14.10	100	39900
GLOBECAR	ROADSCOUT	ROADSCOUT D-Line(chasis Citroen).			2300	4	D	88	14.49	120	40200
GLOBECAR	ROADSCOUT	ROADSCOUT D-Line(chasis Fiat).			2200	4	D	74	14.10	100	39900
GLOBECAR	ROADSCOUT	ROADSCOUT D-Line(chasis Fiat).			2300	4	D	88	14.49	120	41000
GLOBECAR	TRAVELSCOUT.	TRAVELSCOUT.			2200	4	D	74	14.10	101	33700
GLOBECAR	TRAVELSCOUT.	TRAVELSCOUT.			2300	4	D	81	14.49	110	34100
GLOBECAR	TRAVELSCOUT.	TRAVELSCOUT.			2800	4	D	93	16.30	127	34100
GLOBECAR	TRAVELSCOUT.	TRAVELSCOUT.			2800	4	D	108	16.30	147	35800
GLOBECAR	TRAVELSCOUT	TRAVELSCOUT L.			2200	4	D	74	14.10	101	33700
GLOBECAR	TRAVELSCOUT	TRAVELSCOUT L.			2800	4	D	93	16.30	127	33700
GLOBECAR	TRAVELSCOUT	TRAVELSCOUT L.			2800	4	D	108	16.30	147	33700
GLOBECAR	TRENDSCOUT.	TRENDSCOUT.			2000	4	D	92	13.32	125	33700
GLOBECAR	VANSTER	VANSTER 2,0 Blue Citroën HDI.			2000	4	D	107	13.32	145	30200
GLOBECAR	VANSTER	VANSTER 2,0 Blue Citroën HDI.			2000	4	D	110	13.32	150	30000
GLOBECAR	VANSTER	VANSTER 2,0 Blue Citroën HDI (automático).			2000	4	D	107	13.32	145	31700
GLOBECAR	VANSTER,5	VANSTER,5 Blue Citroën HDI.			1500	4	D	88	11.21	120	28800
HOBBY	600	600 FIAT 280.			2428	4	D	68	14.96	92	35400
HOBBY	600	600 FIAT 280L.	1990		2500	4	D	55	15.23	75	35400
HOBBY	600	600 FIAT 290L.	1991		2500	4	D	55	15.22	75	38200
HOBBY	700	700 FIAT DUCATO 750.	2001		2800	4	D	94	16.30	127	62500
HOBBY	A	A 60 GF Fiat Ducato Siesta de Luxe 0.			2300	4	D	96	14.49	130	46800
HOBBY	A	A 65 GM Fiat Ducato Siesta de Luxe 0.			2300	4	D	96	14.49	130	47000
HOBBY	A	A 70 GM Fiat Ducato Siesta de Luxe 0.			2300	4	D	96	14.49	130	48700
HOBBY	Citroën	Citroën Optima Ontour Edition V 65 GE.			2200	4	D	103	14.10	140	42200
HOBBY	Citroën	Citroën Optima Ontour Edition V 65 GF.			2200	4	D	103	14.10	140	42200
HOBBY	Citroën	Citroën Optima Ontour Edition V 65 GQ.			2200	4	D	103	14.10	140	42500
HOBBY	Citroën	Citroën Optima Ontour T 65 FL.			2200	4	D	103	14.10	140	40200
HOBBY	Citroën	Citroën Optima Ontour T 65 GE.			2200	4	D	103	14.10	140	40200
HOBBY	Citroën	Citroën Optima Ontour T 65 HFL.			2200	4	D	103	14.10	140	41000
HOBBY	Citroën	Citroën Optima Ontour T 65 HKM.			2200	4	D	103	14.10	140	41000
HOBBY	Fiat	Fiat Ducato Optima de Luxe T 65 FL.			2300	4	D	96	14.49	130	50700
HOBBY	Fiat	Fiat Ducato Optima de Luxe T 65 GE.			2300	4	D	96	14.49	130	51800
HOBBY	Fiat	Fiat Ducato Optima de Luxe T 65 HFL.			2300	4	D	96	14.49	130	51800
HOBBY	Fiat	Fiat Ducato Optima de Luxe T 70 F.			2300	4	D	96	14.49	130	54900
HOBBY	Fiat	Fiat Ducato Optima de Luxe T 70 GE.			2300	4	D	96	14.49	130	53400
HOBBY	Fiat	Fiat Ducato Optima de Luxe T 75 HF.			2300	4	D	96	14.49	130	56100
HOBBY	Fiat	Fiat Ducato Optima Premium T 65 GE.			2300	4	D	96	14.49	130	52300
HOBBY	Fiat	Fiat Ducato Optima Premium T 70 E.			2300	4	D	96	14.49	130	55600
HOBBY	Fiat	Fiat Ducato Optima Premium T 70 GE.			2300	4	D	96	14.49	130	54000
HOBBY	Fiat	Fiat Ducato Optima Premium T 75 HGE.			2300	4	D	96	14.49	130	55100
HOBBY	Fiat	Fiat Ducato Vantana De Luxe K 60 FT.			2300	4	D	96	14.49	130	38500
HOBBY	Fiat	Fiat Ducato Vantana De Luxe K 65 ET.			2300	4	D	96	14.49	130	40100
HOBBY	Fiat	Fiat Ducato Vantana Ontour K 60 FT.			2300	4	D	96	14.49	130	33600
HOBBY	Fiat	Fiat Ducato Vantana Ontour K 65 ET.			2300	4	D	96	14.49	130	35600
HOBBY	Fiat	Fiat Ducato Vantana Premium K 60 FT.			2300	4	D	96	14.49	130	40200
HOBBY	Fiat	Fiat Ducato Vantana Premium K 65 ET.			2300	4	D	96	14.49	130	41600
HOBBY	OPTIMA	OPTIMA DE LUXE T 60 H.			2300	4	D	96	14.49	130	56000
HOBBY	OPTIMA	OPTIMA DE LUXE T 65 FL.			2300	4	D	96	14.49	130	56200
HOBBY	OPTIMA	OPTIMA DE LUXE T 65 GE.			2300	4	D	96	14.49	130	57300
HOBBY	OPTIMA	OPTIMA DE LUXE T 65 GQ.			2300	4	D	96	14.49	130	59000
HOBBY	OPTIMA	OPTIMA DE LUXE T 65 HFL.			2300	4	D	96	14.49	130	57300
HOBBY	OPTIMA	OPTIMA DE LUXE T 65 HGQ.			2300	4	D	96	14.49	130	60400
HOBBY	OPTIMA	OPTIMA DE LUXE T 70 E.			2300	4	D	96	14.49	130	61000
HOBBY	OPTIMA	OPTIMA DE LUXE T 70 F.			2300	4	D	96	14.49	130	61000
HOBBY	OPTIMA	OPTIMA DE LUXE T 70 GE.			2300	4	D	96	14.49	130	59200
HOBBY	OPTIMA	OPTIMA DE LUXE T 75 HF.			2300	4	D	96	14.49	130	62300
HOBBY	OPTIMA	OPTIMA DE LUXE T 75 HGE.			2300	4	D	96	14.49	130	60600
HOBBY	OPTIMA	OPTIMA DE LUXE V 60 GF.			2300	4	D	96	14.49	130	54000
HOBBY	OPTIMA	OPTIMA DE LUXE V 65 GE.			2300	4	D	96	14.49	130	56500
HOBBY	OPTIMA	OPTIMA PREMIUM T 65 GE.			2300	4	D	96	14.49	130	60000
HOBBY	OPTIMA	OPTIMA PREMIUM T 65 GQ.			2300	4	D	96	14.49	130	60600
HOBBY	OPTIMA	OPTIMA PREMIUM T 65 HFL.			2300	4	D	96	14.49	130	60000
HOBBY	OPTIMA	OPTIMA PREMIUM T 65 HGQ.			2300	4	D	96	14.49	130	62000
HOBBY	OPTIMA	OPTIMA PREMIUM T 65 HGQ.			2300	4	D	96	14.49	130	62000
HOBBY	OPTIMA	OPTIMA PREMIUM T 65FL.			2300	4	D	96	14.49	130	58700
HOBBY	OPTIMA	OPTIMA PREMIUM T 65GE.			2300	4	D	96	14.49	130	60000
HOBBY	OPTIMA	OPTIMA PREMIUM T 65GQ.			2300	4	D	96	14.49	130	60600
HOBBY	OPTIMA	OPTIMA PREMIUM T 70 E.			2300	4	D	96	14.49	130	63800
HOBBY	OPTIMA	OPTIMA PREMIUM T 70 F.			2300	4	D	96	14.49	130	63800
HOBBY	OPTIMA	OPTIMA PREMIUM T 70 F.			2300	4	D	96	14.49	130	42000
HOBBY	OPTIMA	OPTIMA PREMIUM T 70 GE.			2300	4	D	96	14.49	130	62000
HOBBY	OPTIMA	OPTIMA PREMIUM T 75 HF.			2300	4	D	96	14.49	130	65100
HOBBY	OPTIMA	OPTIMA PREMIUM T 75 HGE.			2300	4	D	96	14.49	130	63300
HOBBY	OPTIMA	OPTIMA PREMIUM V 65 GE.			2300	4	D	96	14.49	130	59100
HOBBY	SIESTA	SIESTA A 60 GF.			2300	4	D	96	14.49	130	56200
HOBBY	SIESTA	SIESTA DE LUXE A 55 GS.			2300	4	D	96	14.49	130	51400
HOBBY	SIESTA	SIESTA DE LUXE A 65 GM.			2300	4	D	96	14.49	130	56800
HOBBY	SIESTA	SIESTA DE LUXE A 70 GM.			2300	4	D	96	14.49	130	58400
HOBBY	SIESTA	SIESTA T 555 AK/FS.			2200	4	D	96	14.10	130	35400
HOBBY	SIESTA	SIESTA T 555 AK/LC.			2200	4	D	96	14.10	130	35400
HOBBY	SIESTA	SIESTA T 555 FS.			2200	4	D	96	14.10	130	36100
HOBBY	SIESTA	SIESTA T 60 H.			2300	4	D	96	14.49	130	57700
HOBBY	SIESTA	SIESTA T 600 AK/GFLC.			2200	4	D	96	14.10	130	37600
HOBBY	SIESTA	SIESTA T 600 FC.			2200	4	D	96	14.10	130	39000
HOBBY	SIESTA	SIESTA T 600 GFLC.			2200	4	D	96	14.10	130	39000
HOBBY	SIESTA	SIESTA T 600 GFS.			2200	4	D	96	14.10	130	39000
HOBBY	SIESTA	SIESTA T 65 FL.			2300	4	D	96	14.49	130	57800
HOBBY	SIESTA	SIESTA T 65 GE.			2300	4	D	96	14.49	130	59000
HOBBY	SIESTA	SIESTA T 65 GQ.			2300	4	D	96	14.49	130	59700
HOBBY	SIESTA	SIESTA T 65 HFL.			2300	4	D	96	14.49	130	59000
HOBBY	SIESTA	SIESTA T 65 HGQ.			2300	4	D	96	14.49	130	61100
HOBBY	SIESTA	SIESTA T 650 AK/FLC.			2400	4	D	103	14.86	140	45100
HOBBY	SIESTA	SIESTA T 650 AK/GFLC.			2400	4	D	103	14.86	140	45100
HOBBY	SIESTA	SIESTA T 650 AK/KLC.			2400	4	D	103	14.86	140	45100
HOBBY	SIESTA	SIESTA T 650 FLC.			2400	4	D	103	14.86	140	45500
HOBBY	SIESTA	SIESTA T 650 GFLC.			2400	4	D	103	14.86	140	45500
HOBBY	SIESTA	SIESTA T 70 E.			2300	4	D	96	14.49	130	62800
HOBBY	SIESTA	SIESTA T 70 F.			2300	4	D	96	14.49	130	62800
HOBBY	SIESTA	SIESTA T 70 GE.			2300	4	D	96	14.49	130	61000
HOBBY	SIESTA	SIESTA T 75 HF.			2300	4	D	96	14.49	130	64100
HOBBY	SIESTA	SIESTA T 75 HGE.			2300	4	D	96	14.49	130	62300
HOBBY	SIESTA	SIESTA V 60 GF.			2300	4	D	96	14.49	130	55700
HOBBY	SIESTA	SIESTA V 65 GE.			2300	4	D	96	14.49	130	58100
HOBBY	SPHINX	SPHINX D 725 AK/GFMC.			2300	4	D	96	14.49	130	57100
HOBBY	SPHINX	SPHINX D 770 AK/GEMC.			2300	4	D	96	14.49	130	60700
HOBBY	SPHINX	SPHINX I 725 AK/GFMC.			3000	4	D	107	16.99	146	61500
HOBBY	SPHINX	SPHINX I 770 AK/GEMC.			3000	4	D	107	16.99	146	65000
HOBBY	T500	T500 GFSC VAN.			2489	4	D	96	15.19	130	35400
HOBBY	TOSKANA	TOSKANA D 595 AK/LC.			2300	4	D	96	14.49	130	41200
HOBBY	TOSKANA	TOSKANA D 600 FL.			2300	4	D	96	14.49	130	45300
HOBBY	TOSKANA	TOSKANA D 600 GFLC.			2300	4	D	96	14.49	130	45500
HOBBY	TOSKANA	TOSKANA D 615 AK/GFLC.			2300	4	D	96	14.49	130	42000
HOBBY	TOSKANA	TOSKANA D 615 AK/KLC.			2300	4	D	96	14.49	130	41800
HOBBY	TOSKANA	TOSKANA D 650 ES.			2300	4	D	96	14.49	130	49000
HOBBY	TOSKANA	TOSKANA D 650 FLC.			2300	4	D	96	14.49	130	49000
HOBBY	TOSKANA	TOSKANA D 670 AK/FLC.			2300	4	D	96	14.49	130	46800
HOBBY	TOSKANA	TOSKANA D 670 AK/GFLC.			2300	4	D	96	14.49	130	46900
HOBBY	TOSKANA	TOSKANA D 670 AK/GFM.			2300	4	D	96	14.49	130	46900
HOBBY	TOSKANA	TOSKANA D 670 AK/KMC.			2300	4	D	96	14.49	130	47000
HOBBY	TOSKANA	TOSKANA EXCL. D 650 FLC.			2300	4	D	96	14.49	130	52100
HOBBY	TOSKANA	TOSKANA EXCL. D 650 GFLC.			2300	4	D	96	14.49	130	52200
HOBBY	TOSKANA	TOSKANA EXCL. D 690 GELC.			2300	4	D	96	14.49	130	54800
HOBBY	TOSKANA	TOSKANA EXCL. D 750 ELC.			2300	4	D	96	14.49	130	59100
HOBBY	TOSKANA	TOSKANA EXCL. D 750 GELC.			2300	4	D	96	14.49	130	59100
HOBBY	TRENDSCOUT.	TRENDSCOUT.			2000	4	D	74	13.32	100	31800
HOBBY	VANTANA	VANTANA K55 F.			2000	4	D	85	13.32	115	42800
HOBBY	VANTANA	VANTANA K60 F.			2000	4	D	85	13.32	115	43900
HOBBY	VANTANA	VANTANA K60 FS.			2000	4	D	85	13.32	115	48300
HOBBY	VANTANA	VANTANA K60 FT.			2000	4	D	85	13.32	115	47700
HOBBY	VANTANA	VANTANA K65 E.			2000	4	D	85	13.32	115	45300
HOBBY	VANTANA	VANTANA K65 ES.			2000	4	D	85	13.32	115	50000
HOBBY	VANTANA	VANTANA K65 FT.			2000	4	D	85	13.32	115	49200
HYMER	ADVENTURE.	ADVENTURE.	1992		2500	4	D	55	15.22	75	53900
HYMER	AYERS	AYERS ROCK.			2000	4	D	96	13.32	130	46400
HYMER	AYERS	AYERS ROCK.			1956	4	D	85	13.14	115	43700
HYMER	AYERS	AYERS ROCK-CL.			2000	4	D	96	13.32	130	42200
HYMER	B-C	B-C 664.	2005		2800	4	D	93	16.30	127	80400
HYMER	B-DI	B-DI 444 DL.			2300	4	D	96	14.49	130	73400
HYMER	B-DI	B-DI 504 DL.			2300	4	D	96	14.49	130	74900
HYMER	B-DI	B-DI 504 DL DUO.			2300	4	D	96	14.49	130	77200
HYMER	B-DI	B-DI 534 DL.			2300	4	D	96	14.49	130	80600
HYMER	B-DI	B-DI 574 DL.			2300	4	D	96	14.49	130	78800
HYMER	B-DI	B-DI 584 DL.			2300	4	D	96	14.49	130	78800
HYMER	B-DI	B-DI 588 DL.			2300	4	D	96	14.49	130	77100
HYMER	B-DI	B-DI 594 DL.			2300	4	D	96	14.49	130	77100
HYMER	B-DI	B-DI 678 DL.			2300	4	D	96	14.49	130	81800
HYMER	B-M	B-M 660 (Mercedes 316CDI).			2685	4	D	115	15.90	156	56600
HYMER	BMC-I	BMC-I 550 Mercedes CDI 315.			2000	4	D	110	13.32	150	85500
HYMER	BMC-I	BMC-I 580 Mercedes CDI 315.			2000	4	D	110	13.32	150	85500
HYMER	BMC-I	BMC-I 600 Mercedes CDI 315.			2000	4	D	110	13.32	150	85800
HYMER	BMC-I	BMC-I 680 Mercedes CDI 315.			2000	4	D	110	13.32	150	88800
HYMER	BMC-I	BMC-I 690 Mercedes CDI 315.			2000	4	D	110	13.32	150	88800
HYMER	BMC-T	BMC-T 550 Mercedes CDI 315.			2000	4	D	110	13.32	150	73600
HYMER	BMC-T	BMC-T 580 Mercedes CDI 315.			2000	4	D	110	13.32	150	73600
HYMER	BMC-T	BMC-T 600 Mercedes CDI 315.			2000	4	D	110	13.32	150	75700
HYMER	BMC-T	BMC-T 680 Mercedes CDI 315.			2000	4	D	110	13.32	150	77400
HYMER	BMC-T	BMC-T 690 Mercedes CDI 315.			2000	4	D	110	13.32	150	77400
HYMER	BML	BML T VENTURE S Mercedes CDI 315.			2200	4	D	110	14.10	150	157900
HYMER	B-ML-I	B-ML-I 780 Mercedes CDI 315.			2000	4	D	110	13.32	150	104300
HYMER	B-ML-I	B-ML-I 790 Mercedes CDI 315.			2000	4	D	110	13.32	150	104300
HYMER	B-ML-I	B-ML-I 880 Mercedes CDI 315.			2000	4	D	110	13.32	150	114000
HYMER	B-ML-I	B-ML-I 890 Mercedes CDI 315.			2000	4	D	110	13.32	150	114000
HYMER	BML-T	BML-T 780 Mercedes CDI 315.			2000	4	D	110	13.32	150	86400
HYMER	B-SL	B-SL 574 SL.			2300	4	D	109	14.49	148	100900
HYMER	B-SL	B-SL 624 SL.			3000	4	D	86	16.99	117	103100
HYMER	B-SL	B-SL 624 SL.			2300	4	D	109	14.49	148	100900
HYMER	B-SL	B-SL 674 SL.			3000	4	D	86	16.99	117	103100
HYMER	B-SL	B-SL 778 SL.			3000	4	D	86	16.99	117	110700
HYMER	B-SL	B-SL 778 SL.			2300	4	D	109	14.49	148	108700
HYMER	B-SL	B-SL 798 SL.			3000	4	D	86	16.99	117	110700
HYMER	B-SL	B-SL 798 SL.			2300	4	D	109	14.49	148	108700
HYMER	B-SL	B-SL 878 SL.			3000	4	D	86	16.99	117	115700
HYMER	B-SL	B-SL 878 SL.			2300	4	D	109	14.49	148	113400
HYMER	B-SL	B-SL 898 SL.			3000	4	D	86	16.99	117	115700
HYMER	B-SL	B-SL 898 SL.			2300	4	D	109	14.49	148	113400
HYMER	B-SL-694	B-SL-694 SL.			3000	4	D	84	16.99	114	103100
HYMER	CAMP	CAMP 55 / FIAT 290 MA7).	1993		2500	4	D	55	15.22	75	47000
HYMER	CAMP	CAMP 64 / FIAT 280.			2482	4	D	55	15.16	75	35800
HYMER	CAMP	CAMP C 512 CL.			2200	4	D	81	14.10	110	40800
HYMER	CAMP	CAMP C 524 SL.			2300	4	D	81	14.49	110	54900
HYMER	CAMP	CAMP C 542 CL.			2200	4	D	81	14.10	110	41400
HYMER	CAMP	CAMP C 544 SL (3 plazas).			2300	4	D	96	14.49	130	55500
HYMER	CAMP	CAMP C 544 SL (5 plazas).			2300	4	D	96	14.49	130	54400
HYMER	CAMP	CAMP C 614 SL.			2300	4	D	96	14.49	130	58900
HYMER	CAMP	CAMP C 622 CL.	2009		2200	4	D	96	14.10	131	69200
HYMER	CAMP	CAMP C 642 CL.			2200	4	D	81	14.10	110	46900
HYMER	CAMP	CAMP C 662 CL.			2200	4	D	81	14.10	110	45700
HYMER	CAMP	CAMP C 682 CL.			2200	4	D	81	14.10	110	44800
HYMER	Camper	Camper VAN AYERS ROCK Fiat 33 - L.			2200	4	D	88	14.10	120	50100
HYMER	CAMPER	CAMPER VAN AYERS ROCK Fiat 33 - L.			2200	4	D	88	14.10	120	41300
HYMER	Camper	Camper VAN FREE 540 Blue Evolution FIAT L.			2200	4	D	88	14.10	120	55100
HYMER	Camper	Camper VAN FREE 540 CAMPUS FIAT 2,2 L.			2200	4	D	88	14.10	120	53500
HYMER	Camper	Camper VAN FREE 540 FIAT L.			2200	4	D	88	14.10	120	45700
HYMER	Camper	Camper VAN FREE 600 Campus FIAT L.			2300	4	D	88	14.10	120	54500
HYMER	Camper	Camper VAN FREE 600 FIAT L.			2200	4	D	88	14.10	120	46700
HYMER	Camper	Camper VAN FREE 602 FIAT L.			2200	4	D	88	14.10	120	46000
HYMER	Camper	Camper VAN FREE S 600 Mercedes.			2000	4	D	110	13.32	150	49500
HYMER	Camper	Camper VAN FREE S Blue Evolution 600 Mercedes.			2000	4	D	88	13.32	120	64200
HYMER	Camper	Camper VAN GRAND CANYON Fiat 33 - 2, L.			2200	4	D	88	14.10	120	51200
HYMER	Camper	Camper VAN GRAND CANYON S CrossOver MB Mercedes 419 CDI.			2000	4	D	140	13.32	190	129400
HYMER	Camper	Camper VAN GRAND CANYON S MB Mercedes 315 CDI.			2000	4	D	110	13.32	150	60000
HYMER	CAMPER	CAMPER VAN GRAND CANYON S MB Mercedes 315 CDI.			2000	4	D	110	13.32	150	64500
HYMER	Camper	Camper VAN GRAND CANYON S XPERIENCE Fiat 33 - 2, L 1.			2200	4	D	88	14.10	120	72500
HYMER	CAMPER	CAMPER VAN SYDNEY GT 60 Fiat 2,			2000	4	D	88	13.32	120	41700
HYMER	Camper	Camper VAN VENTURE S CrossOver MB Mercedes 419 CDI.			3000	6	D	140	19.98	190	161100
HYMER	Camper	Camper VAN YELLOWSTONE Fiat 35 - L.			2200	4	D	103	14.10	140	51900
HYMER	CAMPER	CAMPER VAN YELLOWSTONE Fiat 35 - L.			2200	4	D	103	14.10	140	45300
HYMER	Camper	Camper VAN YOSEMITE Fiat 33 - L.			2200	4	D	88	14.10	120	51200
HYMER	CAMPER	CAMPER VAN YOSEMITE Fiat 33 - L.			2200	4	D	88	14.10	120	42000
HYMER	CLASE	CLASE B 504 FIAT 3,5.			3000	4	D	130	16.99	177	78000
HYMER	CLASE	CLASE B 504 FIAT 3,5.			2300	4	D	109	14.49	148	75600
HYMER	CLASE	CLASE B 504 FIAT 3,5.			2300	4	D	96	14.49	130	74400
HYMER	CLASE	CLASE B 514.	2004		2800	4	D	94	16.30	127	76600
HYMER	CLASE	CLASE B 514 FIAT 3,5.			3000	4	D	130	16.99	177	82300
HYMER	CLASE	CLASE B 514 FIAT 3,5.			2300	4	D	109	14.49	148	80100
HYMER	CLASE	CLASE B 514 FIAT 3,5.			2300	4	D	96	14.49	130	78900
HYMER	CLASE	CLASE B 514 FIAT 4,25.			3000	4	D	130	16.99	177	83600
HYMER	CLASE	CLASE B 514 FIAT 4,25.			2300	4	D	109	14.49	148	81400
HYMER	CLASE	CLASE B 514 FIAT 4,25.			2300	4	D	96	14.49	130	80300
HYMER	CLASE	CLASE B 524 FIAT.	2006		2800	4	D	90	16.30	122	61000
HYMER	CLASE	CLASE B 534 FIAT.			2500	4	D	85	15.23	116	66400
HYMER	CLASE	CLASE B 534 FIAT.			2800	4	D	90	16.30	122	61000
HYMER	CLASE	CLASE B 544.			2445	4	D	68	15.03	92	43900
HYMER	CLASE	CLASE B 544.	2010		2800	4	D	94	16.30	128	81200
HYMER	CLASE	CLASE B 544 FIAT 3,5.			3000	4	D	130	16.99	177	81800
HYMER	CLASE	CLASE B 544 FIAT 3,5.			2300	4	D	109	14.49	148	79600
HYMER	CLASE	CLASE B 544 FIAT 3,5.			2300	4	D	96	14.49	130	78400
HYMER	CLASE	CLASE B 544 FIAT 4,25.			3000	4	D	130	16.99	177	83200
HYMER	CLASE	CLASE B 544 FIAT 4,25.			2300	4	D	109	14.49	148	80900
HYMER	CLASE	CLASE B 544 FIAT 4,25.			2300	4	D	96	14.49	130	79700
HYMER	CLASE	CLASE B 554 FIAT.			2800	4	D	90	16.30	122	81200
HYMER	CLASE	CLASE B 574 FIAT.			2800	4	D	90	16.30	122	61000
HYMER	CLASE	CLASE B 578 FIAT 3,5.			3000	4	D	130	16.99	177	85600
HYMER	CLASE	CLASE B 578 FIAT 3,5.			2300	4	D	109	14.49	148	83500
HYMER	CLASE	CLASE B 578 FIAT 3,5.			2300	4	D	96	14.49	130	82300
HYMER	CLASE	CLASE B 578 FIAT 4,25.			3000	4	D	130	16.99	177	87000
HYMER	CLASE	CLASE B 578 FIAT 4,25.			2300	4	D	109	14.49	148	84800
HYMER	CLASE	CLASE B 578 FIAT 4,25.			2300	4	D	96	14.49	130	83600
HYMER	CLASE	CLASE B 584 FIAT.			2800	4	D	90	16.30	122	87100
HYMER	CLASE	CLASE B 588 FIAT 3,5.			3000	4	D	130	16.99	177	86700
HYMER	CLASE	CLASE B 588 FIAT 3,5.			2300	4	D	109	14.49	148	84500
HYMER	CLASE	CLASE B 588 FIAT 3,5.			2300	4	D	96	14.49	130	83300
HYMER	CLASE	CLASE B 588 FIAT 4,25.			3000	4	D	130	16.99	177	87900
HYMER	CLASE	CLASE B 588 FIAT 4,25.			2300	4	D	109	14.49	148	85700
HYMER	CLASE	CLASE B 588 FIAT 4,25.			2300	4	D	96	14.49	130	84600
HYMER	CLASE	CLASE B 594 FIAT 3,5.			3000	4	D	130	16.99	177	85600
HYMER	CLASE	CLASE B 594 FIAT 3,5.			2300	4	D	109	14.49	148	83500
HYMER	CLASE	CLASE B 594 FIAT 3,5.			2300	4	D	96	14.49	130	82300
HYMER	CLASE	CLASE B 594 FIAT 4,25.			3000	4	D	130	16.99	177	87000
HYMER	CLASE	CLASE B 594 FIAT 4,25.			2300	4	D	109	14.49	148	84800
HYMER	CLASE	CLASE B 594 FIAT 4,25.			2300	4	D	96	14.49	130	83600
HYMER	CLASE	CLASE B 614.			2800	4	D	93	16.30	127	83400
HYMER	CLASE	CLASE B 644 FIAT.			2800	4	D	93	16.30	126	80900
HYMER	CLASE	CLASE B 654 FIAT.	1999		2800	4	D	90	16.30	122	68300
HYMER	CLASE	CLASE B 654 LEGEND 25.	2006		2800	4	D	107	16.30	145	89300
HYMER	CLASE	CLASE B 678 FIAT 3,5.			3000	4	D	130	16.99	177	88800
HYMER	CLASE	CLASE B 678 FIAT 3,5.			2300	4	D	109	14.49	148	86600
HYMER	CLASE	CLASE B 678 FIAT 3,5.			2300	4	D	96	14.49	130	85300
HYMER	CLASE	CLASE B 678 FIAT 4,25.			3000	4	D	130	16.99	177	90100
HYMER	CLASE	CLASE B 678 FIAT 4,25.			2300	4	D	109	14.49	148	87900
HYMER	CLASE	CLASE B 678 FIAT 4,25.			2300	4	D	96	14.49	130	86700
HYMER	CLASE	CLASE B 684 FIAT.	1999		2800	4	D	90	16.30	122	68000
HYMER	CLASE	CLASE B 694 FIAT 4,50.			2800	4	D	90	16.30	122	112100
HYMER	CLASE	CLASE B 698 FIAT 3,5.			3000	4	D	130	16.99	177	88800
HYMER	CLASE	CLASE B 698 FIAT 3,5.			2300	4	D	109	14.49	148	86600
HYMER	CLASE	CLASE B 698 FIAT 3,5.			2300	4	D	96	14.49	130	85300
HYMER	CLASE	CLASE B 698 FIAT 4,25.			3000	4	D	130	16.99	177	90100
HYMER	CLASE	CLASE B 698 FIAT 4,25.			2300	4	D	109	14.49	148	87900
HYMER	CLASE	CLASE B 698 FIAT 4,25.			2300	4	D	96	14.49	130	86700
HYMER	CLASE	CLASE B PREMIUM LINE 544 FIAT 3,5.			3000	4	D	130	16.99	177	83300
HYMER	CLASE	CLASE B PREMIUM LINE 544 FIAT 3,5.			2300	4	D	109	14.49	148	81100
HYMER	CLASE	CLASE B PREMIUM LINE 544 FIAT 3,5.			2300	4	D	96	14.49	130	79800
HYMER	CLASE	CLASE B PREMIUM LINE 544 FIAT 4,25.			3000	4	D	130	16.99	177	84700
HYMER	CLASE	CLASE B PREMIUM LINE 544 FIAT 4,25.			2300	4	D	96	14.49	130	79500
HYMER	CLASE	CLASE B PREMIUM LINE 544 FIAT 4,25.			2300	4	D	109	14.49	148	82400
HYMER	CLASE	CLASE B PREMIUM LINE 544 FIAT 4,25.			2300	4	D	96	14.49	130	81200
HYMER	CLASE	CLASE B PREMIUM LINE 568 FIAT 3,5.			3000	4	D	130	16.99	177	83100
HYMER	CLASE	CLASE B PREMIUM LINE 568 FIAT 3,5.			3000	4	D	130	16.99	177	83100
HYMER	CLASE	CLASE B PREMIUM LINE 568 FIAT 3,5.			2300	4	D	109	14.49	148	80700
HYMER	CLASE	CLASE B PREMIUM LINE 568 FIAT 4,25.			2300	4	D	96	14.49	130	85100
HYMER	CLASE	CLASE B PREMIUM LINE 568 FIAT 4,25.			3000	4	D	130	16.99	177	84300
HYMER	CLASE	CLASE B PREMIUM LINE 568 FIAT 4,25.			3000	4	D	130	16.99	177	84300
HYMER	CLASE	CLASE B PREMIUM LINE 568 FIAT 4,25.			2300	4	D	109	14.49	148	82200
HYMER	CLASE	CLASE B PREMIUM LINE 568 FIAT 4,25.			2300	4	D	109	14.49	148	82200
HYMER	CLASE	CLASE B PREMIUM LINE 588 FIAT 3,5.			2300	4	D	96	14.49	130	86500
HYMER	CLASE	CLASE B PREMIUM LINE 588 FIAT 3,5.			3000	4	D	130	16.99	177	88500
HYMER	CLASE	CLASE B PREMIUM LINE 588 FIAT 3,5.			3000	4	D	130	16.99	177	88500
HYMER	CLASE	CLASE B PREMIUM LINE 588 FIAT 3,5.			2300	4	D	109	14.49	148	86400
HYMER	CLASE	CLASE B PREMIUM LINE 588 FIAT 3,5.			2300	4	D	109	14.49	148	86400
HYMER	CLASE	CLASE B PREMIUM LINE 588 FIAT 4,25.			2300	4	D	96	14.49	130	79500
HYMER	CLASE	CLASE B PREMIUM LINE 588 FIAT 4,25.			3000	4	D	130	16.99	177	89800
HYMER	CLASE	CLASE B PREMIUM LINE 588 FIAT 4,25.			3000	4	D	130	16.99	177	89800
HYMER	CLASE	CLASE B PREMIUM LINE 588 FIAT 4,25.			2300	4	D	109	14.49	148	87700
HYMER	CLASE	CLASE B PREMIUM LINE 588 FIAT 4,25.			2300	4	D	109	14.49	148	87700
HYMER	CLASE	CLASE B PREMIUM LINE 594 FIAT 3,5.			2300	4	D	96	14.49	130	80900
HYMER	CLASE	CLASE B PREMIUM LINE 594 FIAT 3,5.			3000	4	D	130	16.99	177	83100
HYMER	CLASE	CLASE B PREMIUM LINE 594 FIAT 3,5.			3000	4	D	130	16.99	177	83100
HYMER	CLASE	CLASE B PREMIUM LINE 594 FIAT 3,5.			2300	4	D	109	14.49	148	80700
HYMER	CLASE	CLASE B PREMIUM LINE 594 FIAT 3,5.			2300	4	D	109	14.49	148	80700
HYMER	CLASE	CLASE B PREMIUM LINE 594 FIAT 4,25.			2300	4	D	96	14.49	130	79500
HYMER	CLASE	CLASE B PREMIUM LINE 594 FIAT 4,25.			3000	4	D	130	16.99	177	84300
HYMER	CLASE	CLASE B PREMIUM LINE 594 FIAT 4,25.			3000	4	D	130	16.99	177	84300
HYMER	CLASE	CLASE B PREMIUM LINE 594 FIAT 4,25.			2300	4	D	109	14.49	148	82200
HYMER	CLASE	CLASE B PREMIUM LINE 594 FIAT 4,25.			2300	4	D	109	14.49	148	82200
HYMER	CLASE	CLASE B PREMIUM LINE 598 FIAT 3,5.			2300	4	D	96	14.49	130	80900
HYMER	CLASE	CLASE B PREMIUM LINE 598 FIAT 3,5.			3000	4	D	130	16.99	177	83100
HYMER	CLASE	CLASE B PREMIUM LINE 598 FIAT 3,5.			3000	4	D	130	16.99	177	83100
HYMER	CLASE	CLASE B PREMIUM LINE 598 FIAT 3,5.			2300	4	D	109	14.49	148	80700
HYMER	CLASE	CLASE B PREMIUM LINE 598 FIAT 3,5.			2300	4	D	109	14.49	148	80700
HYMER	CLASE	CLASE B PREMIUM LINE 598 FIAT 4,25.			2300	4	D	96	14.49	130	89500
HYMER	CLASE	CLASE B PREMIUM LINE 598 FIAT 4,25.			3000	4	D	130	16.99	177	84300
HYMER	CLASE	CLASE B PREMIUM LINE 598 FIAT 4,25.			3000	4	D	130	16.99	177	84300
HYMER	CLASE	CLASE B PREMIUM LINE 598 FIAT 4,25.			2300	4	D	109	14.49	148	82200
HYMER	CLASE	CLASE B PREMIUM LINE 598 FIAT 4,25.			2300	4	D	109	14.49	148	82200
HYMER	CLASE	CLASE B PREMIUM LINE 704 FIAT 4,25.			2300	4	D	96	14.49	130	89500
HYMER	CLASE	CLASE B PREMIUM LINE 704 FIAT 4,25.			3000	4	D	130	16.99	177	93000
HYMER	CLASE	CLASE B PREMIUM LINE 704 FIAT 4,25.			3000	4	D	130	16.99	177	93000
HYMER	CLASE	CLASE B PREMIUM LINE 704 FIAT 4,25.			2300	4	D	109	14.49	148	90800
HYMER	CLASE	CLASE B PREMIUM LINE 704 FIAT 4,25.			2300	4	D	109	14.49	148	90800
HYMER	CLASE	CLASE B PREMIUM LINE 708 FIAT 4,25.			3000	4	D	130	16.99	177	93000
HYMER	CLASE	CLASE B PREMIUM LINE 708 FIAT 4,25.			2300	4	D	109	14.49	148	90800
HYMER	CLASE	CLASE B PREMIUM LINE 708 FIAT 4,25.			3000	4	D	109	16.99	148	90800
HYMER	CLASE	CLASE B PREMIUM LINE 708 FIAT 4,25.			2300	4	D	96	14.49	130	51300
HYMER	CLASE	CLASE B-CL B 544 CL.			2300	4	D	96	14.49	130	54000
HYMER	CLASE	CLASE B-CL B 574 CL.			2300	4	D	96	14.49	130	52200
HYMER	CLASE	CLASE B-CL B 598 CL.			2300	4	D	96	14.49	130	60200
HYMER	CLASE	CLASE B-CL B 634 SL.			2300	4	D	110	14.49	150	104800
HYMER	CLASE	CLASE B-CL B 654 CL.			2300	4	D	96	14.49	130	58600
HYMER	CLASE	CLASE B-CL B 655 CL.			2300	4	D	81	14.49	110	66900
HYMER	CLASE	CLASE B-CL B 660 CL.			2300	4	D	81	14.49	110	67700
HYMER	CLASE	CLASE B-CL B 664 CL.			2300	4	D	96	14.49	130	58900
HYMER	CLASE	CLASE B-CL B 678CL.			2300	4	D	96	14.49	130	62800
HYMER	CLASE	CLASE B-CL B 698CL.			2300	4	D	96	14.49	130	62800
HYMER	CLASE	CLASE B-CL B 708 SL.			2300	4	D	96	14.49	130	89100
HYMER	CLASE	CLASE B-SL B 504 SL.			2300	4	D	96	14.49	130	59700
HYMER	CLASE	CLASE B-SL B 514 SL.			3000	4	D	96	16.99	130	64000
HYMER	CLASE	CLASE B-SL B 514 SL.			2300	4	D	96	14.49	130	61900
HYMER	CLASE	CLASE B-SL B 524 SL.	2008		3000	4	D	116	16.99	157	68400
HYMER	CLASE	CLASE B-SL B 524 SL.			3000	4	D	96	16.99	130	64900
HYMER	CLASE	CLASE B-SL B 524 SL.			2300	4	D	96	14.49	130	62700
HYMER	CLASE	CLASE B-SL B 525 SL.			2300	4	D	81	14.49	110	71200
HYMER	CLASE	CLASE B-SL B 544 SL.			2300	4	D	96	14.49	130	62700
HYMER	CLASE	CLASE B-SL B 574 SL.			2300	4	D	96	14.49	130	62700
HYMER	CLASE	CLASE B-SL B 614 SL.			3000	4	D	96	16.99	130	71200
HYMER	CLASE	CLASE B-SL B 614 SL.			2300	4	D	96	14.49	130	69000
HYMER	CLASE	CLASE B-SL B 654 SL.			2300	4	D	96	14.49	130	68000
HYMER	CLASE	CLASE B-SL B 655 SL.			2300	4	D	81	14.49	110	71800
HYMER	CLASE	CLASE B-SL B 660 SL.			2300	4	D	81	14.49	110	73300
HYMER	CLASE	CLASE B-SL B 674 SL.			2300	4	D	96	14.49	130	66900
HYMER	CLASE	CLASE B-SL B 675 SL.			2300	4	D	110	14.49	150	86500
HYMER	CLASE	CLASE B-SL B 694 SL.			2300	4	D	96	14.49	130	69900
HYMER	CLASE	CLASE B-SL B514 SL.	2011		3000	4	D	116	16.99	158	73000
HYMER	CLASE	CLASE S S 790.			2300	4	D	136	14.49	185	106700
HYMER	CLASE	CLASE S S 790.			2300	4	D	110	14.49	150	104000
HYMER	CLASE	CLASE S S 800.			2300	4	D	136	14.49	185	108700
HYMER	CLASE	CLASE S S 800.			2300	4	D	110	14.49	150	105900
HYMER	CLASE	CLASE S S 830.			2300	4	D	136	14.49	185	112300
HYMER	CLASE	CLASE S S 830.			2300	4	D	110	14.49	150	109600
HYMER	CLASSE	CLASSE S 880.			2300	4	D	136	14.49	185	142800
HYMER	CLASSE	CLASSE S 890.			2300	4	D	136	14.49	185	142800
HYMER	CLASSE	CLASSE S 900.			2300	4	D	136	14.49	185	142800
HYMER	CLASSIC	CLASSIC (Daymler Chrysler).	2005		2685	5	D	115	17.38	158	148300
HYMER	DUO	DUO MOBIL 534.			2300	4	D	96	14.49	130	82500
HYMER	DUO	DUO MOBIL 634.			2300	4	D	110	14.49	150	110200
HYMER	ELDA	ELDA 4.	1988		1929	4	D	51	13.04	69	34200
HYMER	ERIBA	ERIBA 644.	1986		2445	4	D	53	15.03	72	36800
HYMER	ERIBA	ERIBA JET 636.	2005		2800	4	D	94	16.29	128	84400
HYMER	ERIBA	ERIBA JET SILVER EDITIION.	2007		2953	4	D	100	16.82	136	108300
HYMER	Ex	Ex 474 Fiat 35.			2300	4	D	103	14.49	140	55200
HYMER	Ex	Ex 678 Fiat 35.			2300	4	D	103	14.49	140	59300
HYMER	EXSIS	EXSIS 512.			2198	4	D	103	14.10	140	45800
HYMER	EXSIS	EXSIS 522.			2200	4	D	96	14.10	130	45800
HYMER	EXSIS	EXSIS 522.			2200	4	D	81	14.10	110	44300
HYMER	EXSIS	EXSIS I 414 FIAT 3,5.			3000	4	D	130	16.99	177	68100
HYMER	EXSIS	EXSIS I 414 FIAT 3,5.			2300	4	D	109	14.49	148	65900
HYMER	EXSIS	EXSIS I 414 FIAT 3,5.			2000	4	D	85	13.32	115	63300
HYMER	EXSIS	EXSIS I 414 FIAT 3,5.			2300	4	D	96	14.49	130	58500
HYMER	EXSIS	EXSIS I 474 FIAT 3,5.			3000	4	D	130	16.99	177	70300
HYMER	EXSIS	EXSIS I 474 FIAT 3,5.			2300	4	D	109	14.49	148	68100
HYMER	EXSIS	EXSIS I 474 FIAT 3,5.			2000	4	D	85	13.32	115	65600
HYMER	EXSIS	EXSIS I 474 FIAT 3,5.			2300	4	D	96	14.49	130	64300
HYMER	EXSIS	EXSIS I 504 FIAT 3,5.			3000	4	D	130	16.99	177	70300
HYMER	EXSIS	EXSIS I 504 FIAT 3,5.			2300	4	D	109	14.49	148	68000
HYMER	EXSIS	EXSIS I 504 FIAT 3,5.			2300	4	D	96	14.49	130	66800
HYMER	EXSIS	EXSIS I 504 FIAT 3,5.			2000	4	D	85	13.32	115	65500
HYMER	EXSIS	EXSIS I 504 FIAT 4,25.			3000	4	D	130	16.99	177	71400
HYMER	EXSIS	EXSIS I 504 FIAT 4,25.			2300	4	D	109	14.49	148	69400
HYMER	EXSIS	EXSIS I 504 FIAT 4,25.			2300	4	D	96	14.49	130	68200
HYMER	EXSIS	EXSIS I 564 FIAT 35.			3000	4	D	130	16.99	177	68400
HYMER	EXSIS	EXSIS I 564 FIAT 35.			2300	4	D	109	14.49	148	66200
HYMER	EXSIS	EXSIS I 564 FIAT 35.			2300	4	D	96	14.49	130	65000
HYMER	EXSIS	EXSIS I 564 FIAT 4,25.			3000	4	D	130	16.99	177	69800
HYMER	EXSIS	EXSIS I 564 FIAT 4,25.			2300	4	D	109	14.49	148	67500
HYMER	EXSIS	EXSIS I 564 FIAT 4,25.			2300	4	D	96	14.49	130	66300
HYMER	EXSIS	EXSIS I 578 FIAT 35.			3000	4	D	130	16.99	177	72800
HYMER	EXSIS	EXSIS I 578 FIAT 35.			2300	4	D	109	14.49	148	70600
HYMER	EXSIS	EXSIS I 578 FIAT 35.			2300	4	D	96	14.49	130	67000
HYMER	EXSIS	EXSIS I 578 FIAT 4,25.			3000	4	D	130	16.99	177	74100
HYMER	EXSIS	EXSIS I 578 FIAT 4,25.			2300	4	D	109	14.49	148	72000
HYMER	EXSIS	EXSIS I 578 FIAT 4,25.			2300	4	D	96	14.49	130	70700
HYMER	EXSIS	EXSIS I 588 FIAT 35.			3000	4	D	130	16.99	177	71900
HYMER	EXSIS	EXSIS I 588 FIAT 35.			2300	4	D	109	14.49	148	69700
HYMER	EXSIS	EXSIS I 588 FIAT 35.			2300	4	D	96	14.49	130	68000
HYMER	EXSIS	EXSIS I 588 FIAT 4,25.			3000	4	D	130	16.99	177	73200
HYMER	EXSIS	EXSIS I 588 FIAT 4,25.			2300	4	D	109	14.49	148	70900
HYMER	EXSIS	EXSIS I 588 FIAT 4,25.			2300	4	D	96	14.49	130	69800
HYMER	EXSIS	EXSIS I 594.			2300	4	D	96	14.49	130	65700
HYMER	EXSIS	EXSIS I 598.			2300	4	D	96	14.49	130	68000
HYMER	EXSIS	EXSIS I 614 FIAT 35.			3000	4	D	130	16.99	177	68400
HYMER	EXSIS	EXSIS I 614 FIAT 35.			2300	4	D	109	14.49	148	66200
HYMER	EXSIS	EXSIS I 614 FIAT 35.			2300	4	D	96	14.49	130	64700
HYMER	EXSIS	EXSIS I 614 FIAT 4,25.			3000	4	D	130	16.99	177	69800
HYMER	EXSIS	EXSIS I 614 FIAT 4,25.			2300	4	D	109	14.49	148	67500
HYMER	EXSIS	EXSIS I 614 FIAT 4,25.			2300	4	D	96	14.49	130	66300
HYMER	EXSIS	EXSIS I 678 FIAT 35.			3000	4	D	130	16.99	177	74900
HYMER	EXSIS	EXSIS I 678 FIAT 35.			2300	4	D	109	14.49	148	72600
HYMER	EXSIS	EXSIS I 678 FIAT 35.			2300	4	D	96	14.49	130	70000
HYMER	EXSIS	EXSIS I 678 FIAT 4,25.			3000	4	D	130	16.99	177	76200
HYMER	EXSIS	EXSIS I 678 FIAT 4,25.			2300	4	D	109	14.49	148	74000
HYMER	EXSIS	EXSIS I 678 FIAT 4,25.			2300	4	D	96	14.49	130	72700
HYMER	EXSIS	EXSIS I 688 FIAT 35.			3000	4	D	130	16.99	177	74900
HYMER	EXSIS	EXSIS I 688 FIAT 35.			2300	4	D	109	14.49	148	72600
HYMER	EXSIS	EXSIS I 688 FIAT 35.			2300	4	D	96	14.49	130	68000
HYMER	EXSIS	EXSIS I 688 FIAT 4,25.			3000	4	D	130	16.99	177	76200
HYMER	EXSIS	EXSIS I 688 FIAT 4,25.			2300	4	D	109	14.49	148	74000
HYMER	EXSIS	EXSIS I 688 FIAT 4,25.			2300	4	D	96	14.49	130	72700
HYMER	EXSIS	EXSIS I 698 FIAT 35.			3000	4	D	130	16.99	177	74900
HYMER	EXSIS	EXSIS I 698 FIAT 35.			2300	4	D	109	14.49	148	72600
HYMER	EXSIS	EXSIS I 698 FIAT 35.			2300	4	D	96	14.49	130	71300
HYMER	EXSIS	EXSIS I 698 FIAT 4,25.			3000	4	D	130	16.99	177	76200
HYMER	EXSIS	EXSIS I 698 FIAT 4,25.			2300	4	D	109	14.49	148	74000
HYMER	EXSIS	EXSIS I 698 FIAT 4,25.			2300	4	D	96	14.49	130	72700
HYMER	EXSIS	EXSIS I Ex 474 Fiat 35.			2300	4	D	103	14.49	140	73700
HYMER	EXSIS	EXSIS I Ex 580 PURE Fiat 35.			2300	4	D	103	14.49	140	71800
HYMER	EXSIS	EXSIS I Ex 678 Fiat 35.			2300	4	D	103	14.49	140	63100
HYMER	Exsis	Exsis IEx 580 PURE Fiat 35.			2300	4	D	103	14.49	140	76500
HYMER	EXSIS	EXSIS T 414.			3000	4	D	130	16.99	177	56900
HYMER	EXSIS	EXSIS T 414.			2300	4	D	109	14.49	148	54500
HYMER	EXSIS	EXSIS T 414.			2300	4	D	96	14.49	130	52700
HYMER	EXSIS	EXSIS T 414.			2000	4	D	85	13.32	115	52100
HYMER	EXSIS	EXSIS T 474.			3000	4	D	130	16.99	177	58700
HYMER	EXSIS	EXSIS T 474.			2300	4	D	109	14.49	148	56600
HYMER	EXSIS	EXSIS T 474.			2300	4	D	96	14.49	130	56400
HYMER	EXSIS	EXSIS T 474.			2000	4	D	85	13.32	115	54000
HYMER	EXSIS	EXSIS T 564.			3000	4	D	130	16.99	177	60700
HYMER	EXSIS	EXSIS T 564.			2300	4	D	109	14.49	148	58500
HYMER	EXSIS	EXSIS T 564.			2300	4	D	96	14.49	130	56400
HYMER	EXSIS	EXSIS T 564.			2000	4	D	85	13.32	115	55900
HYMER	EXSIS	EXSIS T 578.			2300	4	D	96	14.49	130	56400
HYMER	EXSIS	EXSIS T 588.			3000	4	D	130	16.99	177	61800
HYMER	EXSIS	EXSIS T 588.			2300	4	D	109	14.49	148	59500
HYMER	EXSIS	EXSIS T 588.			2300	4	D	96	14.49	130	59000
HYMER	EXSIS	EXSIS T 588.			2000	4	D	85	13.32	115	57000
HYMER	EXSIS	EXSIS T 594.			2300	4	D	96	14.49	130	59000
HYMER	EXSIS	EXSIS T 598.			3000	4	D	130	16.99	177	58900
HYMER	EXSIS	EXSIS T 598.			2300	4	D	109	14.49	148	61800
HYMER	EXSIS	EXSIS T 598.			2300	4	D	96	14.49	130	57400
HYMER	EXSIS	EXSIS T 598.			2000	4	D	85	13.32	115	57000
HYMER	EXSIS	EXSIS T 678.			2300	4	D	96	14.49	130	61000
HYMER	EXSIS	EXSIS T 688.			3000	4	D	130	16.99	177	63700
HYMER	EXSIS	EXSIS T 688.			2300	4	D	109	14.49	148	61400
HYMER	EXSIS	EXSIS T 688.			2300	4	D	96	14.49	130	59200
HYMER	EXSIS	EXSIS T 688.			2000	4	D	85	13.32	115	58900
HYMER	Exsis	Exsis T Ex 474 Fiat 35.			2300	4	D	103	14.49	140	64400
HYMER	EXSIS	EXSIS T Ex 580 PURE Fiat 35.			2300	4	D	103	14.49	140	66500
HYMER	GRAND	GRAND CANYON.	2018		2300	4	D	110	14.49	150	67300
HYMER	GRAND	GRAND CANYON.			2000	4	D	96	13.32	130	47300
HYMER	GRAND	GRAND CANYON.			1956	4	D	85	13.14	115	44800
HYMER	GRAND	GRAND CANYON CL.			2000	4	D	96	13.32	130	43100
HYMER	GRAND	GRAND CANYON S.			2000	4	D	85	13.32	115	52800
HYMER	GRAND	GRAND CANYON S MB.			2000	4	D	120	13.32	163	59000
HYMER	HYMERMOBIL	HYMERMOBIL 280 FIAT.			2428	4	D	44	14.96	60	41700
HYMER	HYMERMOBIL	HYMERMOBIL 500.			2053	4	D	43	13.53	58	41700
HYMER	HYMERMOBIL	HYMERMOBIL 532 - FORD.			2358	4	D	48	14.70	65	43500
HYMER	HYMERMOBIL	HYMERMOBIL 544.	1992		2500	4	D	54	15.23	73	53900
HYMER	HYMERMOBIL	HYMERMOBIL 584.	1994		2500	4	D	70	15.25	95	52600
HYMER	HYMERMOBIL	HYMERMOBIL 6 MERCEDES BENZ (410D).			2874	4	D	70	16.56	95	61700
HYMER	HYMERMOBIL	HYMERMOBIL 644.	1985		2445	4	D	53	15.03	72	35200
HYMER	HYMERMOBIL	HYMERMOBIL S520 (MERCEDES BENZ 312D).	1996		2900	5	D	90	18.20	122	53000
HYMER	LUSITANA	LUSITANA FORD.			2496	4	D	52	15.21	70	43900
HYMER	MI-I	MI-I MB ML I 540.			2200	4	D	105	14.10	143	70100
HYMER	MI-I	MI-I MB ML I 570.			2200	4	D	105	14.10	143	72500
HYMER	MI-I	MI-I MB ML I 580.			2200	4	D	105	14.10	143	73400
HYMER	MI-I	MI-I MB ML I 620.			2200	4	D	105	14.10	143	79600
HYMER	MI-I	MI-I MB ML I 630.			2200	4	D	105	14.10	143	79600
HYMER	ML	ML 560 T MB.			2200	4	D	140	14.10	190	68100
HYMER	ML	ML 560 T MB.			2200	4	D	120	14.10	163	64000
HYMER	ML	ML 560 T MB.			2200	4	D	95	14.10	129	63000
HYMER	ML	ML 580 T MB.			2200	4	D	140	14.10	190	68100
HYMER	ML	ML 580 T MB.			2200	4	D	120	14.10	163	64000
HYMER	ML	ML 580 T MB.			2200	4	D	95	14.10	129	63000
HYMER	ML-T	ML-T 570 Xperience Mercedes CDI 419.			2200	4	D	140	14.10	190	80100
HYMER	ML-T	ML-T 540 T.			2200	4	D	105	14.10	143	61500
HYMER	ML-T	ML-T 560 Mercedes CDI 315.			2000	4	D	110	13.32	150	55400
HYMER	ML-T	ML-T 560 T.			2200	4	D	105	14.10	143	65700
HYMER	ML-T	ML-T 570 CrossOver Mercedes CDI 419.			2000	4	D	140	13.32	190	104800
HYMER	ML-T	ML-T 570 Mercedes CDI 315.			2000	4	D	110	13.32	150	74000
HYMER	ML-T	ML-T 570 T.			2200	4	D	105	14.10	143	65700
HYMER	ML-T	ML-T 580 Mercedes CDI 315.			2000	4	D	110	13.32	150	74700
HYMER	ML-T	ML-T 580 T.			2200	4	D	105	14.10	143	65700
HYMER	ML-T	ML-T 620 Mercedes CDI 315.			2000	4	D	110	13.32	150	58700
HYMER	ML-T	ML-T 620 T.			2200	4	D	105	14.10	143	69500
HYMER	ML-T	ML-T 630 T.			2200	4	D	105	14.10	143	69600
HYMER	PREMIUM	PREMIUM LINE 588 PL.			2300	4	D	96	14.49	130	81800
HYMER	PREMIUM	PREMIUM LINE 598 PL.			2300	4	D	96	14.49	130	83600
HYMER	PREMIUM	PREMIUM LINE 668 PL.			2300	4	D	96	14.49	130	85200
HYMER	PREMIUM	PREMIUM LINE 678 PL.			2300	4	D	96	14.49	130	84300
HYMER	PREMIUM	PREMIUM LINE 704 PL.			2300	4	D	96	14.49	130	89000
HYMER	PREMIUM	PREMIUM LINE 708 PL.			2300	4	D	96	14.49	130	89000
HYMER	PREMIUM	PREMIUM LINE 778 PL.			2300	4	D	96	14.49	130	94600
HYMER	PREMIUM	PREMIUM LINE 798 PL.			2300	4	D	96	14.49	130	94600
HYMER	S	S 700.			2874	4	D	70	16.56	95	44000
HYMER	SI	SI B 878 SL.			2300	4	D	110	14.49	150	116000
HYMER	SI	SI B 898 SL.			2300	4	D	110	14.49	150	116000
HYMER	SIERRA	SIERRA NEVADA.			2000	4	D	96	13.32	130	50200
HYMER	SIERRA	SIERRA NEVADA.			1956	4	D	85	13.14	115	47600
HYMER	STAR	STAR LINE 680 MB.			2200	4	D	140	14.10	190	106100
HYMER	STAR	STAR LINE 680 MB.			2200	4	D	120	14.10	163	100500
HYMER	STAR	STAR LINE 680 MD.			2200	4	D	120	14.10	163	102600
HYMER	STAR	STAR LINE 680 S MB.			2200	4	D	140	14.10	190	121100
HYMER	STAR	STAR LINE 690 MB.			2200	4	D	140	14.10	190	106100
HYMER	STAR	STAR LINE 690 MB.			2200	4	D	120	14.10	163	100500
HYMER	STAR	STAR LINE 690 MD.			2200	4	D	120	14.10	163	102600
HYMER	STAR	STAR LINE 690 S MB.			2200	4	D	140	14.10	190	121100
HYMER	STAR	STAR LINE MB 660.	2000		2685	5	D	115	17.37	156	102100
HYMER	STAR	STAR LINE MB B 680 G.			2200	4	D	120	14.10	163	104000
HYMER	STAR	STAR LINE MB B 690 G.			2200	4	D	120	14.10	163	104000
HYMER	SYDNEY.	SYDNEY.			2000	4	D	96	13.32	130	47300
HYMER	SYDNEY.	SYDNEY.			1956	4	D	85	13.14	115	44800
HYMER	TOSKANA	TOSKANA EXCL. D 750 GELC.			2300	4	D	96	14.49	130	60600
HYMER	TRAMP	TRAMP CL 2x2 T 554 FIAT 3,50.			2300	4	D	130	14.49	177	64800
HYMER	TRAMP	TRAMP CL 2x2 T 554 FIAT 3,50.			2300	4	D	109	14.49	148	62600
HYMER	TRAMP	TRAMP CL 2x2 T 554 FIAT 3,50.			2300	4	D	96	14.49	130	61500
HYMER	TRAMP	TRAMP CL 2x2 T 554 FIAT 3,50.			2300	4	D	85	14.49	115	60000
HYMER	TRAMP	TRAMP CL 2x2 T 554 FIAT 4,25.			2300	4	D	130	14.49	177	66200
HYMER	TRAMP	TRAMP CL 2x2 T 554 FIAT 4,25.			2300	4	D	109	14.49	148	63900
HYMER	TRAMP	TRAMP CL 2x2 T 554 FIAT 4,25.			2300	4	D	96	14.49	130	62700
HYMER	TRAMP	TRAMP CL 2x2 T 574 FIAT 4,25.			2300	4	D	96	14.49	130	60500
HYMER	TRAMP	TRAMP CL 2x2 T 598 FIAT 3,50.			2300	4	D	130	14.49	177	65700
HYMER	TRAMP	TRAMP CL 2x2 T 598 FIAT 3,50.			2300	4	D	109	14.49	148	63400
HYMER	TRAMP	TRAMP CL 2x2 T 598 FIAT 3,50.			2300	4	D	96	14.49	130	62300
HYMER	TRAMP	TRAMP CL 2x2 T 598 FIAT 3,50.			2300	4	D	85	14.49	115	61000
HYMER	TRAMP	TRAMP CL 2x2 T 598 FIAT 4,25.			2300	4	D	130	14.49	177	66900
HYMER	TRAMP	TRAMP CL 2x2 T 598 FIAT 4,25.			2300	4	D	109	14.49	148	64800
HYMER	TRAMP	TRAMP CL 2x2 T 598 FIAT 4,25.			2300	4	D	96	14.49	130	63700
HYMER	TRAMP	TRAMP CL 2x2 T 614 FIAT 3,50.			2300	4	D	130	14.49	177	62600
HYMER	TRAMP	TRAMP CL 2x2 T 614 FIAT 3,50.			2300	4	D	109	14.49	148	60400
HYMER	TRAMP	TRAMP CL 2x2 T 614 FIAT 3,50.			2300	4	D	96	14.49	130	60400
HYMER	TRAMP	TRAMP CL 2x2 T 614 FIAT 3,50.			2300	4	D	85	14.49	115	57900
HYMER	TRAMP	TRAMP CL 2x2 T 614 FIAT 4,25.			2300	4	D	130	14.49	177	63900
HYMER	TRAMP	TRAMP CL 2x2 T 614 FIAT 4,25.			2300	4	D	109	14.49	148	61800
HYMER	TRAMP	TRAMP CL 2x2 T 614 FIAT 4,25.			2300	4	D	96	14.49	130	60600
HYMER	TRAMP	TRAMP CL 2x2 T 668 FIAT 3,50.			2300	4	D	130	14.49	177	68200
HYMER	TRAMP	TRAMP CL 2x2 T 668 FIAT 3,50.			2300	4	D	109	14.49	148	66100
HYMER	TRAMP	TRAMP CL 2x2 T 668 FIAT 3,50.			2300	4	D	96	14.49	130	64900
HYMER	TRAMP	TRAMP CL 2x2 T 668 FIAT 3,50.			2300	4	D	85	14.49	115	63400
HYMER	TRAMP	TRAMP CL 2x2 T 668 FIAT 4,25.			2300	4	D	130	14.49	177	69500
HYMER	TRAMP	TRAMP CL 2x2 T 668 FIAT 4,25.			2300	4	D	109	14.49	148	67200
HYMER	TRAMP	TRAMP CL 2x2 T 668 FIAT 4,25.			2300	4	D	96	14.49	130	66200
HYMER	TRAMP	TRAMP CL 2x2 T 678 FIAT 3,50.			2300	4	D	130	14.49	177	65300
HYMER	TRAMP	TRAMP CL 2x2 T 678 FIAT 3,50.			2300	4	D	109	14.49	148	62900
HYMER	TRAMP	TRAMP CL 2x2 T 678 FIAT 3,50.			2300	4	D	96	14.49	130	61900
HYMER	TRAMP	TRAMP CL 2x2 T 678 FIAT 3,50.			2300	4	D	85	14.49	115	60500
HYMER	TRAMP	TRAMP CL 2x2 T 678 FIAT 4,25.			2300	4	D	130	14.49	177	66500
HYMER	TRAMP	TRAMP CL 2x2 T 678 FIAT 4,25.			2300	4	D	109	14.49	148	64300
HYMER	TRAMP	TRAMP CL 2x2 T 678 FIAT 4,25.			2300	4	D	96	14.49	130	63200
HYMER	TRAMP	TRAMP CL 2x2 T 698 FIAT 3,50.			2300	4	D	130	14.49	177	64800
HYMER	TRAMP	TRAMP CL 2x2 T 698 FIAT 3,50.			2300	4	D	109	14.49	148	62600
HYMER	TRAMP	TRAMP CL 2x2 T 698 FIAT 3,50.			2300	4	D	96	14.49	130	61500
HYMER	TRAMP	TRAMP CL 2x2 T 698 FIAT 3,50.			2300	4	D	85	14.49	115	60000
HYMER	TRAMP	TRAMP CL 2x2 T 698 FIAT 4,25.			2300	4	D	130	14.49	177	66200
HYMER	TRAMP	TRAMP CL 2x2 T 698 FIAT 4,25.			2300	4	D	109	14.49	148	63900
HYMER	TRAMP	TRAMP CL 2x2 T 698 FIAT 4,25.			2300	4	D	96	14.49	130	62700
HYMER	TRAMP	TRAMP CL T 514 FIAT 3,50.			2300	4	D	130	14.49	177	62300
HYMER	TRAMP	TRAMP CL T 514 FIAT 3,50.			2300	4	D	109	14.49	148	60100
HYMER	TRAMP	TRAMP CL T 514 FIAT 3,50.			2300	4	D	96	14.49	130	59000
HYMER	TRAMP	TRAMP CL T 514 FIAT 3,50.			2300	4	D	85	14.49	115	57600
HYMER	TRAMP	TRAMP CL T 514 FIAT 4,25.			2300	4	D	130	14.49	177	63700
HYMER	TRAMP	TRAMP CL T 514 FIAT 4,25.			2300	4	D	109	14.49	148	61500
HYMER	TRAMP	TRAMP CL T 514 FIAT 4,25.			2300	4	D	96	14.49	130	60400
HYMER	TRAMP	TRAMP CL T 554 FIAT 3,50.			2300	4	D	130	14.49	177	63400
HYMER	TRAMP	TRAMP CL T 554 FIAT 3,50.			2300	4	D	109	14.49	148	61200
HYMER	TRAMP	TRAMP CL T 554 FIAT 3,50.			2300	4	D	96	14.49	130	60000
HYMER	TRAMP	TRAMP CL T 554 FIAT 3,50.			2300	4	D	85	14.49	115	58600
HYMER	TRAMP	TRAMP CL T 554 FIAT 4,25.			2300	4	D	130	14.49	177	64700
HYMER	TRAMP	TRAMP CL T 554 FIAT 4,25.			2300	4	D	109	14.49	148	62500
HYMER	TRAMP	TRAMP CL T 554 FIAT 4,25.			2300	4	D	96	14.49	130	61400
HYMER	TRAMP	TRAMP CL T 572 CL.			2200	4	D	81	14.10	110	40700
HYMER	TRAMP	TRAMP CL T 574 FIAT.			2300	4	D	96	14.49	130	62500
HYMER	TRAMP	TRAMP CL T 578 FIAT 3,50.			2300	4	D	130	14.49	177	63800
HYMER	TRAMP	TRAMP CL T 578 FIAT 3,50.			2300	4	D	109	14.49	148	61600
HYMER	TRAMP	TRAMP CL T 578 FIAT 3,50.			2300	4	D	96	14.49	130	60500
HYMER	TRAMP	TRAMP CL T 578 FIAT 3,50.			2300	4	D	85	14.49	115	59000
HYMER	TRAMP	TRAMP CL T 578 FIAT 4,25.			2300	4	D	130	14.49	177	65200
HYMER	TRAMP	TRAMP CL T 578 FIAT 4,25.			2300	4	D	109	14.49	148	62800
HYMER	TRAMP	TRAMP CL T 578 FIAT 4,25.			2300	4	D	96	14.49	130	61800
HYMER	TRAMP	TRAMP CL T 588 FIAT 3,50.			2300	4	D	130	14.49	177	64600
HYMER	TRAMP	TRAMP CL T 588 FIAT 3,50.			2300	4	D	109	14.49	148	62400
HYMER	TRAMP	TRAMP CL T 588 FIAT 3,50.			2300	4	D	96	14.49	130	61300
HYMER	TRAMP	TRAMP CL T 588 FIAT 3,50.			2300	4	D	85	14.49	115	59800
HYMER	TRAMP	TRAMP CL T 588 FIAT 4,25.			2300	4	D	130	14.49	177	65800
HYMER	TRAMP	TRAMP CL T 588 FIAT 4,25.			2300	4	D	109	14.49	148	63700
HYMER	TRAMP	TRAMP CL T 588 FIAT 4,25.			2300	4	D	96	14.49	130	62500
HYMER	TRAMP	TRAMP CL T 598 FIAT 3,50.			2300	4	D	130	14.49	177	64200
HYMER	TRAMP	TRAMP CL T 598 FIAT 3,50.			2300	4	D	109	14.49	148	62100
HYMER	TRAMP	TRAMP CL T 598 FIAT 3,50.			2300	4	D	96	14.49	130	61000
HYMER	TRAMP	TRAMP CL T 598 FIAT 3,50.			2300	4	D	85	14.49	115	59500
HYMER	TRAMP	TRAMP CL T 598 FIAT 4,25.			2300	4	D	130	14.49	177	65600
HYMER	TRAMP	TRAMP CL T 598 FIAT 4,25.			2300	4	D	109	14.49	148	63300
HYMER	TRAMP	TRAMP CL T 598 FIAT 4,25.			2300	4	D	96	14.49	130	62200
HYMER	TRAMP	TRAMP CL T 652 CL.			2200	4	D	81	14.10	110	44900
HYMER	TRAMP	TRAMP CL T 662 CL.			2200	4	D	96	14.10	130	45500
HYMER	TRAMP	TRAMP CL T 668 FIAT 3,50.			2300	4	D	130	14.49	177	66700
HYMER	TRAMP	TRAMP CL T 668 FIAT 3,50.			2300	4	D	109	14.49	148	64600
HYMER	TRAMP	TRAMP CL T 668 FIAT 3,50.			2300	4	D	96	14.49	130	63400
HYMER	TRAMP	TRAMP CL T 668 FIAT 3,50.			2300	4	D	85	14.49	115	62000
HYMER	TRAMP	TRAMP CL T 668 FIAT 4,25.			2300	4	D	130	14.49	177	68100
HYMER	TRAMP	TRAMP CL T 668 FIAT 4,25.			2300	4	D	109	14.49	148	65900
HYMER	TRAMP	TRAMP CL T 668 FIAT 4,25.			2300	4	D	96	14.49	130	64800
HYMER	TRAMP	TRAMP CL T 678 FIAT 3,50.			2300	4	D	130	14.49	177	63800
HYMER	TRAMP	TRAMP CL T 678 FIAT 3,50.			2300	4	D	109	14.49	148	61600
HYMER	TRAMP	TRAMP CL T 678 FIAT 3,50.			2300	4	D	85	14.49	115	59000
HYMER	TRAMP	TRAMP CL T 678 FIAT 3,50.			2300	4	D	96	14.49	130	58300
HYMER	TRAMP	TRAMP CL T 678 FIAT 4,25.			2300	4	D	130	14.49	177	65200
HYMER	TRAMP	TRAMP CL T 678 FIAT 4,25.			2300	4	D	109	14.49	148	62800
HYMER	TRAMP	TRAMP CL T 678 FIAT 4,25.			2300	4	D	96	14.49	130	61800
HYMER	TRAMP	TRAMP CL T 698 FIAT 3,50.			2300	4	D	130	14.49	177	63400
HYMER	TRAMP	TRAMP CL T 698 FIAT 3,50.			2300	4	D	96	14.49	130	63000
HYMER	TRAMP	TRAMP CL T 698 FIAT 3,50.			2300	4	D	109	14.49	148	61200
HYMER	TRAMP	TRAMP CL T 698 FIAT 3,50.			2300	4	D	85	14.49	115	58600
HYMER	TRAMP	TRAMP CL T 698 FIAT 4,25.			2300	4	D	130	14.49	177	64700
HYMER	TRAMP	TRAMP CL T 698 FIAT 4,25.			2300	4	D	109	14.49	148	62500
HYMER	TRAMP	TRAMP CL T 698 FIAT 4,25.			2300	4	D	96	14.49	130	61400
HYMER	TRAMP	TRAMP GT T664.	2005		2800	4	D	94	16.30	128	60700
HYMER	TRAMP	TRAMP S 585 Mercedes CDI 315.			2000	4	D	110	13.32	150	64000
HYMER	TRAMP	TRAMP S 680 Mercedes CDI 315.			2000	4	D	110	13.32	150	64000
HYMER	TRAMP	TRAMP S 685 Mercedes CDI 315.			2000	4	D	110	13.32	150	64000
HYMER	TRAMP	TRAMP S 695 Mercedes CDI 315.			2000	4	D	110	13.32	150	64000
HYMER	TRAMP	TRAMP SL 554 SL.			2300	4	D	96	14.49	130	65200
HYMER	TRAMP	TRAMP SL 708 SL.			2300	4	D	96	14.49	130	67400
HYMER	TRAMP	TRAMP SL T 568 SL FIAT 3,50.			2300	4	D	130	14.49	177	64700
HYMER	TRAMP	TRAMP SL T 568 SL FIAT 3,50.			2300	4	D	96	14.49	130	65800
HYMER	TRAMP	TRAMP SL T 568 SL FIAT 3,50.			2300	4	D	109	14.49	148	62500
HYMER	TRAMP	TRAMP SL T 568 SL FIAT 4,25.			2300	4	D	130	14.49	177	66100
HYMER	TRAMP	TRAMP SL T 568 SL FIAT 4,25.			2300	4	D	109	14.49	148	63900
HYMER	TRAMP	TRAMP SL T 568 SL FIAT 4,25.			2300	4	D	96	14.49	130	62600
HYMER	TRAMP	TRAMP SL T 574 SL.			2300	4	D	96	14.49	130	49100
HYMER	TRAMP	TRAMP SL T 578 SL.			3000	4	D	96	16.99	130	50400
HYMER	TRAMP	TRAMP SL T 578 SL.			2300	4	D	96	14.49	130	48200
HYMER	TRAMP	TRAMP SL T 588 SL FIAT 3,50.			2300	4	D	130	14.49	177	65500
HYMER	TRAMP	TRAMP SL T 588 SL FIAT 3,50.			2300	4	D	96	14.49	130	66600
HYMER	TRAMP	TRAMP SL T 588 SL FIAT 3,50.			2300	4	D	109	14.49	148	63300
HYMER	TRAMP	TRAMP SL T 588 SL FIAT 4,25.			2300	4	D	130	14.49	177	66800
HYMER	TRAMP	TRAMP SL T 588 SL FIAT 4,25.			2300	4	D	109	14.49	148	64700
HYMER	TRAMP	TRAMP SL T 588 SL FIAT 4,25.			2300	4	D	96	14.49	130	63400
HYMER	TRAMP	TRAMP SL T 615 SL.			2500	4	D	88	15.23	120	58600
HYMER	TRAMP	TRAMP SL T 616 SL.			2500	4	D	88	15.23	120	50500
HYMER	TRAMP	TRAMP SL T 654 SL.			2300	4	D	96	14.49	130	50800
HYMER	TRAMP	TRAMP SL T 656 SL.			2500	4	D	88	15.23	120	51500
HYMER	TRAMP	TRAMP SL T 664 SL.			2300	4	D	96	14.49	130	51500
HYMER	TRAMP	TRAMP SL T 668 SL FIAT 3,50.			2300	4	D	130	14.49	177	68200
HYMER	TRAMP	TRAMP SL T 668 SL FIAT 3,50.			2300	4	D	96	14.49	130	66200
HYMER	TRAMP	TRAMP SL T 668 SL FIAT 3,50.			2300	4	D	109	14.49	148	65900
HYMER	TRAMP	TRAMP SL T 668 SL FIAT 4,25.			2300	4	D	130	14.49	177	69500
HYMER	TRAMP	TRAMP SL T 668 SL FIAT 4,25.			2300	4	D	96	14.49	130	68600
HYMER	TRAMP	TRAMP SL T 668 SL FIAT 4,25.			2300	4	D	109	14.49	148	67200
HYMER	TRAMP	TRAMP SL T 674 SL.			2300	4	D	96	14.49	130	50700
HYMER	TRAMP	TRAMP SL T 676 SL.			2500	4	D	88	15.23	120	52400
HYMER	TRAMP	TRAMP SL T 686 SL.			2500	4	D	88	15.23	120	52400
HYMER	TRAMP	TRAMP SL T 704 SL FIAT 4,25.			2300	4	D	130	14.49	177	69200
HYMER	TRAMP	TRAMP SL T 704 SL FIAT 4,25.			2300	4	D	96	14.49	130	70100
HYMER	TRAMP	TRAMP SL T 704 SL FIAT 4,25.			2300	4	D	109	14.49	148	67000
HYMER	TRAMP-GL	TRAMP-GL 578 GL 2X2.			2300	4	D	96	14.49	130	57100
HYMER	TRAMP-GL	TRAMP-GL 594 GL 2X2.			2300	4	D	96	14.49	130	57100
HYMER	TRAMP-GL	TRAMP-GL 598 GL 2X2.			2300	4	D	96	14.49	130	57100
HYMER	VAN	VAN 314.			2300	4	D	96	14.49	130	52400
HYMER	VAN	VAN 374.			2300	4	D	96	14.49	130	55800
HYMER	VAN	VAN 500 S.			2200	4	D	105	14.10	143	55500
HYMER	VAN	VAN 520 S.			2200	4	D	105	14.10	143	59800
HYMER	VAN	VAN 522.			2200	4	D	81	14.10	110	39100
HYMER	VAN	VAN 522.	2008		2200	4	D	96	14.10	130	45400
HYMER	VAN	VAN 572.			2200	4	D	81	14.10	110	40000
HYMER	VAN	VAN 573.			2200	4	D	81	14.10	110	40000
HYMER	YELLOWSTONE.	YELLOWSTONE.			2000	4	D	96	13.32	130	50200
HYMER	YELLOWSTONE.	YELLOWSTONE.			1956	4	D	85	13.14	115	47600
HYMER	YOSEMITE.	YOSEMITE.			2000	4	D	96	13.32	130	47300
HYMER	YOSEMITE.	YOSEMITE.			1956	4	D	85	13.14	115	44800
HYMER	Camper	Camper VAN FREE S 600 FIAT 2,2 L.			2200	4	D	88	14.10	120	49700
HYMER	Camper	Camper VAN GRAND CANYON S 700 MB Mercedes 315 CDI.			2000	4	D	110	13.32	150	68500
ILUSION	ILUX	ILUX I7QB.	2024		2200	4	D	132	14.10	180	92400
ILUSION	IRIUS	IRIUS 660.			2000	4	D	118	13.32	160	51300
ILUSION	IRIUS	IRIUS 660.			2000	4	D	96	13.32	130	50100
ILUSION	IRIUS	IRIUS 680.			2000	4	D	118	13.32	160	51600
ILUSION	IRIUS	IRIUS 680.			2000	4	D	96	13.32	130	50500
ILUSION	IRIUS	IRIUS 690.			2000	4	D	118	13.32	160	52200
ILUSION	IRIUS	IRIUS 690.			2000	4	D	96	13.32	130	51000
ILUSION	IRIUS	IRIUS 730.			2000	4	D	118	13.32	160	52800
ILUSION	IRIUS	IRIUS 730.			2000	4	D	96	13.32	130	51700
ILUSION	IRIUS	IRIUS 740.			2000	4	D	118	13.32	160	54100
ILUSION	IRIUS	IRIUS 740.			2000	4	D	96	13.32	130	52900
ILUSION	XMK	XMK 590.			2000	4	D	118	13.32	160	45200
ILUSION	XMK	XMK 590.			2000	4	D	81	13.32	110	41000
ILUSION	XMK	XMK 590.			2000	4	D	96	13.32	130	44200
ILUSION	XMK	XMK 590 Citroen Jumper perfilada.			2000	4	D	96	13.32	130	38500
ILUSION	XMK	XMK 590 Citroen Jumper perfilada.			2000	4	D	118	13.32	160	38400
ILUSION	XMK	XMK 590 FIAT 140 Cv.	2024		2200	4	D	103	14.10	140	58300
ILUSION	XMK	XMK 590 FIAT 180 Cv.	2024		2200	4	D	132	14.10	180	64500
ILUSION	XMK	XMK 590 L Citroen Jumper perfilada.			2000	4	D	118	13.32	160	39700
ILUSION	XMK	XMK 650.			2000	4	D	118	13.32	160	45500
ILUSION	XMK	XMK 650.			2000	4	D	96	13.32	130	44500
ILUSION	XMK	XMK 650 H.			2000	4	D	118	13.32	160	47900
ILUSION	XMK	XMK 650 H.			2000	4	D	96	13.32	130	46600
ILUSION	XMK	XMK 650 H Citroen Jumper perfilada.			2000	4	D	96	13.32	130	40300
ILUSION	XMK	XMK 650 H Citroen Jumper perfilada.			2000	4	D	118	13.32	160	41300
ILUSION	XMK	XMK 650 H PLUS.			2000	4	D	118	13.32	160	48400
ILUSION	XMK	XMK 650 H PLUS.			2000	4	D	96	13.32	130	47300
ILUSION	XMK	XMK 650 H PLUS Citroen Jumper perfilada.			2000	4	D	96	13.32	130	41000
ILUSION	XMK	XMK 650 H PLUS Citroen Jumper perfilada.			2000	4	D	118	13.32	160	41600
ILUSION	XMK	XMK 660.			2000	4	D	118	13.32	160	46400
ILUSION	XMK	XMK 660.			2000	4	D	96	13.32	130	45400
ILUSION	XMK	XMK 660 Citroen Jumper perfilada.			2000	4	D	96	13.32	130	39400
ILUSION	XMK	XMK 660 Citroen Jumper perfilada.			2000	4	D	118	13.32	160	40300
ILUSION	XMK	XMK 665.			2000	4	D	118	13.32	160	47300
ILUSION	XMK	XMK 665.			2000	4	D	96	13.32	130	46300
ILUSION	XMK	XMK 665 Citroen Jumper perfilada.			2000	4	D	96	13.32	130	40200
ILUSION	XMK	XMK 665 Citroen Jumper perfilada.			2000	4	D	118	13.32	160	40900
ILUSION	XMK	XMK 670.			2000	4	D	118	13.32	160	46900
ILUSION	XMK	XMK 670.			2000	4	D	96	13.32	130	45900
ILUSION	XMK	XMK 670 Citroen Jumper perfilada.			2000	4	D	96	13.32	130	40100
ILUSION	XMK	XMK 670 Citroen Jumper perfilada.			2000	4	D	118	13.32	160	40900
ILUSION	XMK	XMK 680.			2000	4	D	118	13.32	160	47900
ILUSION	XMK	XMK 680.			2000	4	D	96	13.32	130	46900
ILUSION	XMK	XMK 680 Citroen Jumper perfilada.			2000	4	D	96	13.32	130	40800
ILUSION	XMK	XMK 680 Citroen Jumper perfilada.			2000	4	D	118	13.32	160	41600
ILUSION	XMK	XMK 690.			2000	4	D	118	13.32	160	48100
ILUSION	XMK	XMK 690.			2000	4	D	96	13.32	130	47000
ILUSION	XMK	XMK 690 (103 Kw).	2024		2200	4	D	103	14.10	140	55600
ILUSION	XMK	XMK 690 Citroen Jumper perfilada.			2000	4	D	96	13.32	130	40900
ILUSION	XMK	XMK 690 Citroen Jumper perfilada.			2000	4	D	118	13.32	160	41600
ILUSION	XMK	XMK 690 FIAT 180 Cv.	2024		2200	4	D	122	14.10	180	65700
ILUSION	XMK	XMK 695.	2024		2200	4	D	132	14.10	180	67400
ILUSION	XMK	XMK 695 PREMIUM.	2024		2200	4	D	103	14.10	140	63800
ILUSION	XMK	XMK 695 PREMIUM.	2024		2200	4	D	132	14.10	180	70500
ILUSION	XMK	XMK 730.			2000	4	D	118	13.32	160	49300
ILUSION	XMK	XMK 730.			2000	4	D	96	13.32	130	48200
ILUSION	XMK	XMK 730 (103 Kw).	2023		2200	4	D	103	14.10	140	57000
ILUSION	XMK	XMK 730 Citroen Jumper perfilada.			2000	4	D	96	13.32	130	41600
ILUSION	XMK	XMK 730 Citroen Jumper perfilada.			2000	4	D	118	13.32	160	42300
ILUSION	XMK	XMK 740.			2000	4	D	118	13.32	160	49300
ILUSION	XMK	XMK 740.			2000	4	D	96	13.32	130	48200
ILUSION	XMK	XMK 740 Citroen Jumper perfilada.			2000	4	D	96	13.32	130	41600
ILUSION	XMK	XMK 740 Citroen Jumper perfilada.			2000	4	D	118	13.32	160	41600
ILUSION	Z	Z 590.			2000	4	D	118	13.32	160	42300
ILUSION	Z	Z 590.			2000	4	D	96	13.32	130	41300
ILUSION	Z	Z 590 Citroen Jumper.			2000	4	D	96	13.32	130	36200
ILUSION	Z	Z 590 Citroen Jumper.			2000	4	D	118	13.32	160	37000
ILUSION	Z	Z 665.			2000	4	D	118	13.32	160	43800
ILUSION	Z	Z 665.			2000	4	D	96	13.32	130	42800
ILUSION	Z	Z 665 Citroen Jumper.			2000	4	D	96	13.32	130	37000
ILUSION	Z	Z 665 Citroen Jumper.			2000	4	D	118	13.32	160	37200
ILUSION	Z	Z 690.			2000	4	D	118	13.32	160	44600
ILUSION	Z	Z 690.			2000	4	D	96	13.32	130	43700
ILUSION	Z	Z 690 Citroen Jumper.			2000	4	D	96	13.32	130	37100
ILUSION	Z	Z 690 Citroen Jumper.			2000	4	D	118	13.32	160	38500
ILUSION	Z	Z 695.			2000	4	D	118	13.32	160	44600
ILUSION	Z	Z 695.			2000	4	D	96	13.32	130	43700
ILUSION	Z	Z 695 Citroen Jumper.			2000	4	D	96	13.32	130	37700
ILUSION	Z	Z 695 Citroen Jumper.			2000	4	D	118	13.32	160	38500
ILUSION	Z	Z 730.			2000	4	D	118	13.32	160	45900
ILUSION	Z	Z 730.			2000	4	D	96	13.32	130	45000
ILUSION	Z	Z 730 Citroen Jumper.			2000	4	D	96	13.32	130	39000
ILUSION	Z	Z 730 Citroen Jumper.			2000	4	D	118	13.32	160	40100
ILUSION	Z	Z 740.			2000	4	D	118	13.32	160	45900
ILUSION	Z	Z 740.			2000	4	D	96	13.32	130	45000
ILUSION	Z	Z 740 Citroen Jumper.			2000	4	D	96	13.32	130	39000
ILUSION	Z	Z 740 Citroen Jumper.			2000	4	D	118	13.32	160	40100
ILUSION	Z	Z 760 H Citroen Jumper.			2000	4	D	96	13.32	130	39500
ILUSION	Z	Z 760 H Citroen Jumper.			2000	4	D	118	13.32	160	40500
ILUSION	Z	Z 760H.			2000	4	D	118	13.32	160	46800
ILUSION	Z	Z 760H.			2000	4	D	96	13.32	130	45800
ITINEO	CB740.	CB740.			2287	4	D	96	14.44	130	53000
ITINEO	Cozi	Cozi PC 640 Peugeot 2,2.			2200	4	D	103	14.10	140	40700
ITINEO	Cozi	Cozi PC 640 Spirit Edition Citroën.			2200	4	D	103	14.10	140	33400
ITINEO	Cozi	Cozi PC 640 Spirit Edition Peugeot.			2200	4	D	103	14.10	140	38300
ITINEO	Cozi	Cozi PF 600 Citroën.			2200	4	D	103	14.10	140	31200
ITINEO	Cozi	Cozi PF 600 Peugeot.			2200	4	D	103	14.10	140	38500
ITINEO	Cozi	Cozi PJ 700 Citroën.			2200	4	D	103	14.10	140	32100
ITINEO	Cozi	Cozi PJ 700 Peugeot.			2200	4	D	103	14.10	140	40200
ITINEO	Cozi	Cozi PM 700 Peugeot 2,2.			2200	4	D	103	14.10	140	41600
ITINEO	Cozi	Cozi PM 740 Citroën.			2200	4	D	103	14.10	140	39500
ITINEO	Cozi	Cozi PS 700 Ford Transit.			2200	4	D	96	14.10	130	40800
ITINEO	DB740.	DB740.			2287	4	D	96	14.44	130	55500
ITINEO	Famili	Famili Compact CJ 660 Fiat 35L.			2200	4	D	103	14.10	140	48600
ITINEO	Famili	Famili Compact CJ 660 Peugeot.			2200	4	D	103	14.10	140	46000
ITINEO	Famili	Famili Compact CM 660 Fiat 35L.			2200	4	D	103	14.10	140	49100
ITINEO	Famili	Famili Compact CM 660 Peugeot.			2200	4	D	103	14.10	140	46500
ITINEO	Famili	Famili Compact CS 660 Fiat 35L.			2200	4	D	103	14.10	140	48600
ITINEO	Famili	Famili Compact CS 660 Peugeot.			2200	4	D	103	14.10	140	46000
ITINEO	Famili	Famili JC 740 - Fiat 3,5 T.			2300	4	D	96	14.49	130	49100
ITINEO	Famili	Famili MC 740 - Spirit Edition 3,5 T.			2300	4	D	103	14.49	140	52400
ITINEO	Famili	Famili SB 700 - Fiat 3,5 T.			2300	4	D	96	14.49	130	47900
ITINEO	Famili	Famili SB 740 - Spirit Edition 3,5 T.			2300	4	D	103	14.49	140	51800
ITINEO	Famili	Famili SBD 700 - Fiat 2,3 3,5 T.			2300	4	D	96	14.49	130	49800
ITINEO	FB650.	FB650.			2287	4	D	96	14.44	130	51100
ITINEO	JB700.	JB700.			2287	4	D	96	14.44	130	52100
ITINEO	MB700.	MB700.			2287	4	D	96	14.44	130	52600
ITINEO	MB740.	MB740.			2287	4	D	96	14.44	130	53600
ITINEO	MC740.	MC740.			2300	4	D	96	14.49	130	54100
ITINEO	MC740	MC740 10 Y.			2287	4	D	96	14.44	130	55500
ITINEO	MJB740.	MJB740.			2287	4	D	96	14.44	130	54000
ITINEO	NOMAD	NOMAD PC 640 Spirit Edition Fiat 3t5.			2300	4	D	103	14.49	140	33400
ITINEO	NOMAD	NOMAD PJ 600 Fiat 3t5.			2300	4	D	103	14.49	140	31200
ITINEO	NOMAD	NOMAD PJ 700 Fiat 3t5.			2300	4	D	103	14.49	140	32100
ITINEO	PF	PF 600.	2022		2200	4	D	103	14.10	140	61100
ITINEO	PJ740.	PJ740.			2000	4	D	96	13.32	130	41900
ITINEO	PM740.	PM740.			2000	4	D	96	13.32	130	41100
ITINEO	SB700.	SB700.			2287	4	D	96	14.44	130	52100
ITINEO	SB740.	SB740.			2287	4	D	96	14.44	130	53000
ITINEO	TB700.	TB700.			2287	4	D	96	14.44	130	52100
ITINEO	TD610.	TD610.			2287	4	D	96	14.43	130	54900
ITINEO	TRAVELLER	TRAVELLER JC 740 - Fiat 3t5.			2300	4	D	103	14.49	140	43300
ITINEO	TRAVELLER	TRAVELLER MC 700 - Fiat 3t5.			2300	4	D	103	14.49	140	42000
ITINEO	TRAVELLER	TRAVELLER MC 740 Spirit Edition - Fiat 3t5.			2300	4	D	103	14.49	140	43900
ITINEO	TRAVELLER	TRAVELLER RC 740 - Fiat 3t5.			2300	4	D	103	14.49	140	43300
ITINEO	TRAVELLER	TRAVELLER SB 700 - Fiat 3t5.			2300	4	D	103	14.49	140	42000
ITINEO	TRAVELLER	TRAVELLER SB 740 Spirit Edition - Fiat 3t5.			2300	4	D	103	14.49	140	43300
ITINEO	TRAVELLER	TRAVELLER SC 700 - Fiat 3t5.			2300	4	D	103	14.49	140	43300
ITINEO	TRAVELLER	TRAVELLER TC 740 - Fiat 3t5.			2300	4	D	103	14.49	140	45300
IVR	BLUECAMP	BLUECAMP SKY 50.	2004		2402	4	D	92	14.87	125	64800
IVR	FORD	FORD ARF/50P3/AA.			2625	4	D	96	15.68	130	51500
IVR	FORD	FORD ARF50P3.			2402	4	D	96	14.87	130	51500
JOA CAMP	CV54G	CV54G CITROËN.			2200	4	D	88	14.10	120	37900
JOA CAMP	CV54G	CV54G FIAT.			2200	4	D	103	14.10	140	37600
JOA CAMP	CV60G	CV60G CITROËN.			2200	4	D	88	14.10	120	38600
JOA CAMP	CV60G	CV60G FIAT.			2200	4	D	103	14.10	140	38300
JOA CAMP	CV63J	CV63J CITROËN.			2200	4	D	88	14.10	120	40200
JOA CAMP	CV63J	CV63J FIAT.			2200	4	D	103	14.10	140	38700
JOA CAMP	J60	J60 CITROËN.			2200	4	D	88	14.10	120	36000
JOA CAMP	J60	J60 CITROËN.			2200	4	D	103	14.10	140	45800
JOA CAMP	J60F	J60F FIAT.			2200	4	D	103	14.10	140	42700
JOA CAMP	J63	J63 CITROËN.			2200	4	D	88	14.10	120	37600
JOA CAMP	J70Q	J70Q CITROËN.			2200	4	D	103	14.10	140	46500
JOA CAMP	J70Q	J70Q FIAT.			2200	4	D	103	14.10	140	45500
JOA CAMP	J70T	J70T CITROËN.			2200	4	D	103	14.10	140	46500
JOA CAMP	J70T	J70T FIAT.			2200	4	D	103	14.10	140	45500
JOA CAMP	J75Q	J75Q CITROËN.			2200	4	D	103	14.10	140	47300
JOA CAMP	J75Q	J75Q FIAT.			2200	4	D	103	14.10	140	46200
JOA CAMP	J75T	J75T CITROËN.			2200	4	D	103	14.10	140	47300
JOA CAMP	J75T	J75T FIAT.			2200	4	D	103	14.10	140	46200
JOINT	E	E 33.	2006		1997	4	D	62	13.31	84	38100
JOINT	E	E 35.	2006		1997	4	D	62	13.31	84	41000
JOINT	E	E 47.	2004		1997	4	D	62	13.31	84	35900
JOINT	E	E 54.			2800	4	D	96	16.30	130	39000
JOINT	E33.	E33.	2006		2300	4	D	81	14.43	110	52000
JOINT	J	J 148.	2003		1997	4	D	62	13.30	84	41000
JOINT	J	J 150.			1997	4	D	62	13.31	84	43600
JOINT	J	J 350 GV.			2800	4	D	93	16.30	127	41000
JOINT	J	J 365.	2005		2800	4	D	93	16.30	127	46100
JOINT	JOINT	JOINT 1.			1997	4	D	62	13.31	84	35900
JOINT	S	S 325 (JOINT 4).			2300	4	D	96	14.49	130	47000
JOINT	S	S 600 ELEGANCE (JOINT 3).	2007		2463	4	D	84	15.09	114	55500
JOINT	SPL	SPL 146.			2200	4	D	74	14.10	100	40500
JOINT	SPL	SPL 146.			2300	4	D	96	14.49	130	43100
JOINT	SPL	SPL 154.			3000	4	D	118	16.99	160	48200
JOINT	SPL	SPL 154.			2300	4	D	96	14.49	130	44900
JOINT	SPL	SPL 156.			3000	4	D	118	16.99	160	49200
JOINT	SPL	SPL 156.			2300	4	D	96	14.49	130	45900
JOINT	SPL	SPL 158 / 158 L.			3000	4	D	118	16.99	160	49500
JOINT	SPL	SPL 158 / 158 L.			2300	4	D	96	14.49	130	46500
JOINT	SPL	SPL 325.			2300	4	D	96	14.49	130	45400
JOINT	SPL	SPL 361.			3000	4	D	118	16.99	160	50200
JOINT	SPL	SPL 361.			2300	4	D	96	14.49	130	46700
JOINT	SPL	SPL 365.			3000	4	D	118	16.99	160	49500
JOINT	SPL	SPL 365.			2300	4	D	96	14.49	130	45300
JOINT	SPL	SPL 369.			3000	4	D	118	16.99	160	50100
JOINT	SPL	SPL 369.			2300	4	D	96	14.49	130	47000
JOINT	V	V M566.	2006		1997	4	D	81	13.31	110	48000
JOINT	V	V V5 LUXE.			3000	4	D	118	16.99	160	46700
JOINT	V	V V5 LUXE.			2200	4	D	74	14.10	100	42900
JOINT	V	V V5 LUXE.			2300	4	D	96	14.49	130	44700
JOINT	V	V V5 LUXE G.			2200	4	D	74	14.10	100	45500
JOINT	V	V V5 LUXE G.			2300	4	D	96	14.49	130	47300
JOINT	V	V V5 SPORT.			2200	4	D	74	14.10	100	37600
JOINT	V	V V5 SPORT.			2300	4	D	96	14.49	130	39800
JOINT	V	V V5 SPORT G.			2200	4	D	74	14.10	100	40100
JOINT	V	V V5 SPORT G.			2300	4	D	96	14.49	130	42100
JOINT	VAN	VAN 572.			2200	4	D	81	14.10	110	39000
JOINT	X	X 320.			2200	4	D	74	14.10	100	31800
JOINT	X	X 320.			2300	4	D	96	14.49	130	34300
JOINT	X	X 320 COLOR.			2200	4	D	74	14.10	100	33700
JOINT	X	X 320 COLOR.			2300	4	D	96	14.49	130	36300
JOINT	X	X 420.			2200	4	D	74	14.10	100	34300
JOINT	X	X 420.			2300	4	D	96	14.49	130	36500
JOINT	X	X 420 COLOR.			2200	4	D	74	14.10	100	36300
JOINT	X	X 420 COLOR.			2300	4	D	96	14.49	130	38500
JOINT	Z	Z 330.			2200	4	D	74	14.10	100	33300
JOINT	Z	Z 330.			2300	4	D	96	14.49	130	36300
JOINT	Z	Z 330 COLOR.			2200	4	D	74	14.10	100	35400
JOINT	Z	Z 330 COLOR.			2300	4	D	96	14.49	130	38300
JOINT	Z	Z 350.			2200	4	D	74	14.10	100	36300
JOINT	Z	Z 350.			2300	4	D	96	14.49	130	39000
JOINT	Z	Z 350 COLOR.			2200	4	D	74	14.10	100	38400
JOINT	Z	Z 350 COLOR.			2300	4	D	96	14.49	130	41100
JOINT	Z	Z 360.			2200	4	D	74	14.10	100	36600
JOINT	Z	Z 360.			2300	4	D	96	14.49	130	39400
JOINT	Z	Z 360 COLOR.			2200	4	D	74	14.10	100	38700
JOINT	Z	Z 360 COLOR.			2300	4	D	96	14.49	130	41400
JOINT	Z	Z 370.			2300	4	D	96	14.49	130	44700
JOINT	Z	Z 370 COLOR.			2300	4	D	96	14.49	130	46700
JOINT	Z	Z 460.			2200	4	D	74	14.10	100	36300
JOINT	Z	Z 460.			2300	4	D	96	14.49	130	38700
JOINT	Z	Z 460 COLOR.			2200	4	D	74	14.10	100	38300
JOINT	Z	Z 460 COLOR.			2300	4	D	96	14.49	130	40700
JOINT	Z	Z 480.			2200	4	D	74	14.10	100	36400
JOINT	Z	Z 480.			2300	4	D	96	14.49	130	38800
JOINT	Z	Z 480 COLOR.			2200	4	D	74	14.10	100	38500
JOINT	Z	Z 480 COLOR.			2300	4	D	96	14.49	130	40900
JOINT	Z	Z 550.			2200	4	D	74	14.10	100	38300
JOINT	Z	Z 550.			2300	4	D	96	14.49	130	40300
JOINT	Z	Z 550 COLOR.			2200	4	D	74	14.10	100	40300
JOINT	Z	Z 550 COLOR.			2300	4	D	96	14.49	130	42300
KARMANN	DAVIS	DAVIS LIFESTYLE DA 540 LS.			2200	4	D	104	14.10	141	59800
KARMANN	DAVIS	DAVIS LIFESTYLE DA 540 LS (130 Kw).			2200	4	D	130	14.10	177	60200
KARMANN	DAVIS	DAVIS LIFESTYLE DA 590 LS.			2200	4	D	104	14.10	141	58700
KARMANN	DAVIS	DAVIS LIFESTYLE DA 590 LS (130 Kw).			2200	4	D	130	14.10	177	61500
KARMANN	DAVIS	DAVIS LIFESTYLE DA 591 LS.			2200	4	D	104	14.10	141	58500
KARMANN	DAVIS	DAVIS LIFESTYLE DA 591 LS (130 Kw).			2200	4	D	130	14.10	177	61200
KARMANN	DAVIS	DAVIS LIFESTYLE DA 600 LS.			2200	4	D	104	14.10	141	56200
KARMANN	DAVIS	DAVIS LIFESTYLE DA 600 LS (130 Kw).			2200	4	D	130	14.10	177	61100
KARMANN	DAVIS	DAVIS LIFESTYLE DA 610 LS.			2200	4	D	104	14.10	141	58700
KARMANN	DAVIS	DAVIS LIFESTYLE DA 610 LS (130 Kw).			2200	4	D	130	14.10	177	61400
KARMANN	DAVIS	DAVIS LIFESTYLE DA 620 LS.			2200	4	D	104	14.10	141	57400
KARMANN	DAVIS	DAVIS LIFESTYLE DA 620 LS (130 Kw).			2200	4	D	130	14.10	177	61500
KARMANN	DAVIS	DAVIS LIFESTYLE DA 630 LS.			2200	4	D	104	14.10	141	56200
KARMANN	DAVIS	DAVIS LIFESTYLE DA 630 LS (130 Kw).			2200	4	D	130	14.10	177	60900
KARMANN	DAVIS	DAVIS TRENDSTYLE DA 540 TS.			2200	4	D	104	14.10	141	48400
KARMANN	DAVIS	DAVIS TRENDSTYLE DA 590 TS (104 Kw).			2200	4	D	104	14.10	141	52300
KARMANN	DAVIS	DAVIS TRENDSTYLE DA 590 TS (89 Kw).			2200	4	D	89	14.10	121	43000
KARMANN	DAVIS	DAVIS TRENDSTYLE DA 591 TS (104 Kw).			2200	4	D	104	14.10	141	52300
KARMANN	DAVIS	DAVIS TRENDSTYLE DA 591 TS (89 Kw).			2200	4	D	89	14.10	121	43000
KARMANN	DAVIS	DAVIS TRENDSTYLE DA 595 TS (104 Kw).			2200	4	D	104	14.10	141	52900
KARMANN	DAVIS	DAVIS TRENDSTYLE DA 595 TS (89 Kw).			2200	4	D	89	14.10	121	49700
KARMANN	DAVIS	DAVIS TRENDSTYLE DA 620 TS.			2200	4	D	104	14.10	141	51500
KARMANN	DEXTER	DEXTER 581.	2023		2200	4	D	103	14.10	140	61000
KARMANN	DEXTER	DEXTER DE 540.			2200	4	D	104	14.10	141	56200
KARMANN	DEXTER	DEXTER DE 540 (130 Kw).			2200	4	D	130	14.10	177	59000
KARMANN	DEXTER	DEXTER DE 550.			2200	4	D	104	14.10	141	67400
KARMANN	DEXTER	DEXTER DE 550 (132 Kw).			2200	4	D	132	14.10	180	68800
KARMANN	DEXTER	DEXTER DE 560 AW (4X4).			2000	4	D	95	14.10	130	57900
KARMANN	DEXTER	DEXTER DE 560 AW 4X4 (125 Kw).			2000	4	D	125	14.10	170	59200
KARMANN	DEXTER	DEXTER DE 570 AW (4X4).			2000	4	D	95	14.10	130	57900
KARMANN	DEXTER	DEXTER DE 570 AW 4X4 (125 Kw).			2000	4	D	125	14.10	170	59200
KARMANN	DEXTER	DEXTER DE 580.			2200	4	D	104	14.10	141	57900
KARMANN	DEXTER	DEXTER DE 580 (130 Kw).			2200	4	D	130	14.10	177	62700
KARMANN	DEXTER	DEXTER DE 600.			2200	4	D	104	14.10	141	60000
KARMANN	DEXTER	DEXTER DE 600 (130 Kw).			2200	4	D	130	14.10	177	62700
KARMANN	DEXTER	DEXTER DE 625.			2200	4	D	104	14.10	141	59100
KARMANN	DEXTER	DEXTER DE 625 (130 Kw).			2200	4	D	130	14.10	177	61800
KARMANN	DUNCAN	DUNCAN 495.	2024		2000	4	D	125	13.32	170	52000
KARMANN	DUNCAN	DUNCAN DU 500 (100 Kw).			2000	4	D	100	13.32	136	54800
KARMANN	DUNCAN	DUNCAN DU 500 (125 Kw).			2000	4	D	125	13.32	170	56100
KARMANN	DUNCAN	DUNCAN DU 505 (100 Kw).			2000	4	D	100	13.32	136	55500
KARMANN	DUNCAN	DUNCAN DU 505 (125 Kw).			2000	4	D	125	13.32	170	57700
KARMANN	DUNCAN	DUNCAN DU 550 (100 Kw).			2000	4	D	100	13.32	136	55000
KARMANN	DUNCAN	DUNCAN DU 550 (125 Kw).			2000	4	D	125	13.32	170	58000
KAYAK	CAMP	CAMP 12 P.			2300	4	D	96	14.49	130	40000
KAYAK	CAMP	CAMP 12 P.			2300	4	D	107	14.49	145	41400
KAYAK	CAMP	CAMP 12 PLUS.			2300	4	D	96	14.49	130	41000
KAYAK	CAMP	CAMP 12 PLUS.			2300	4	D	107	14.49	145	42300
KAYAK	CAMP	CAMP 14 P.			2300	4	D	96	14.49	130	41100
KAYAK	CAMP	CAMP 14 P.			2300	4	D	107	14.49	145	42500
KAYAK	CAMP	CAMP 14 PLUS.			2300	4	D	96	14.49	130	42000
KAYAK	CAMP	CAMP 14 PLUS.			2300	4	D	107	14.49	145	43400
KAYAK	CAMP	CAMP 3.			2300	4	D	96	14.49	130	40500
KAYAK	CAMP	CAMP 3.			2300	4	D	107	14.49	145	41800
KAYAK	CAMP	CAMP 5.			2300	4	D	96	14.49	130	42900
KAYAK	CAMP	CAMP 5.			2300	4	D	107	14.49	145	44300
KAYAK	CAMP	CAMP 69 P.			2300	4	D	96	14.49	130	41600
KAYAK	CAMP	CAMP 69 P.			2300	4	D	107	14.49	145	43100
KAYAK	CAMP	CAMP 69 PLUS.			2300	4	D	96	14.49	130	42600
KAYAK	CAMP	CAMP 69 PLUS.			2300	4	D	107	14.49	145	44000
KAYAK	CAMP	CAMP 7.			2300	4	D	96	14.49	130	41000
KAYAK	CAMP	CAMP 7.			2300	4	D	107	14.49	145	42300
KAYAK	CAMP	CAMP 9.			2300	4	D	96	14.49	130	43100
KAYAK	CAMP	CAMP 9.			2300	4	D	107	14.49	145	44400
KAYAK	CAMP	CAMP 95 P.			2300	4	D	96	14.49	130	41600
KAYAK	CAMP	CAMP 95 P.			2300	4	D	107	14.49	145	43100
KAYAK	CAMP	CAMP 95 PLUS.			2300	4	D	96	14.49	130	42600
KAYAK	CAMP	CAMP 95 PLUS.			2300	4	D	107	14.49	145	44000
KENTUCKY	CAMARGUE	CAMARGUE LC.			2300	4	D	96	14.49	130	49300
KENTUCKY	CAMARGUE	CAMARGUE SG.			2300	4	D	96	14.49	130	49300
KENTUCKY	CORRAL	CORRAL 3.			2400	4	D	103	14.86	140	46800
KENTUCKY	CORRAL	CORRAL 4.			2400	4	D	103	14.86	140	47200
KENTUCKY	CORRAL	CORRAL 5.			2400	4	D	103	14.86	140	47500
KENTUCKY	CORRAL	CORRAL 9.			2400	4	D	103	14.86	140	47700
KENTUCKY	COUNTRY	COUNTRY LF.			2000	4	D	85	13.32	115	41000
KENTUCKY	COUNTRY	COUNTRY LF.			2300	4	D	96	14.49	130	42500
KENTUCKY	COUNTRY	COUNTRY LS.			2300	4	D	96	14.49	130	44800
KENTUCKY	COUNTRY	COUNTRY SG.			2000	4	D	85	13.32	115	42500
KENTUCKY	COUNTRY	COUNTRY SG.			2300	4	D	96	14.49	130	44100
KENTUCKY	ESTRO	ESTRO 4.			2300	4	D	96	14.49	130	56400
KENTUCKY	ESTRO	ESTRO 9.			2300	4	D	96	14.49	130	56400
KNAUS	600	600 XL MAN 2,0 I TDI cambio auto 8.			2000	4	D	130	13.32	177	52000
KNAUS	680	680 ME MAN 2,0 TDI.			2000	4	D	103	13.32	140	46600
KNAUS	Box	Box Drive 600 XL 4X4 MAN 2,0 I TDI cambio auto 8.			2000	4	D	120	13.32	163	58500
KNAUS	Box	Box Drive 600 XL MAN 2,0 I TDI cambio auto 8.			2000	4	D	120	13.32	163	55800
KNAUS	Box	Box Drive 680 ME MAN 2,0 TDI 163V.			2000	4	D	120	13.32	163	51000
KNAUS	Box	Box Drive 680 XL 4X4 MAN 3.5T cambio auto 8.			2000	4	D	130	13.32	177	50400
KNAUS	Box	Box Drive 680 XL MAN 3.5T cambio auto 8.			2000	4	D	130	13.32	177	47300
KNAUS	BOX	BOX LIFE 540 MK.			2300	4	D	96	14.49	130	39200
KNAUS	Box	Box Life 540 MQ - Fiat 3.5T JTD LIGHT.			2300	4	D	103	14.49	140	44800
KNAUS	Box	Box Life 540 MQ - Peugeot 3.5L.			2200	4	D	121	14.10	165	44600
KNAUS	Box	Box Life 540 MQ - Peugeot 3.5L.			2300	4	D	103	14.49	140	40500
KNAUS	Box	Box Life 600 DQ - Fiat 3.5T JTD LIGHT.			2300	4	D	103	14.49	140	48100
KNAUS	Box	Box Life 600 DQ - Fiat 3.5T JTD LIGHT.			2300	4	D	103	14.49	140	45700
KNAUS	Box	Box Life 600 ME - Fiat 3.5T JTD LIGHT.			2300	4	D	103	14.49	140	48100
KNAUS	Box	Box Life 600 ME - Fiat 3.5T JTD LIGHT.			2300	4	D	103	14.49	140	43700
KNAUS	BOX	BOX LIFE 600 MQ.			2300	4	D	96	14.49	130	41000
KNAUS	Box	Box Life 600 MQ - Fiat 3.5T JTD LIGHT.			2300	4	D	103	14.49	140	47600
KNAUS	Box	Box Life 600 MQ - Fiat 3.5T JTD LIGHT.			2300	4	D	103	14.49	140	43900
KNAUS	Box	Box Life 600 MQ - Peugeot 3.5L.			2200	4	D	121	14.10	165	48400
KNAUS	Box	Box Life 600 MQ - Peugeot 3.5L.			2300	4	D	103	14.49	140	43900
KNAUS	BOX	BOX LIFE 630 ME.			2300	4	D	96	14.49	130	43700
KNAUS	Box	Box Life 630 ME - Fiat 3.5TJTD LIGHT.			2300	4	D	103	14.49	140	50200
KNAUS	Box	Box Life Pro 540 Road Fiat 3.5T JTD LIGHT (60 years).			2200	4	D	103	14.10	140	44200
KNAUS	Box	Box Life Pro 540 Road MQ Fiat 3.5T JTD LIGHT.			2200	4	D	103	14.10	140	40300
KNAUS	Box	Box Life Pro 600 DQ Solution Fiat 3.5T JTD LIGHT.			2200	4	D	103	14.10	140	46300
KNAUS	Box	Box Life Pro 600 ME Lifetime Fiat 3.5T JTD LIGHT.			2200	4	D	103	14.10	140	44300
KNAUS	Box	Box Life Pro 600 MQ Street Fiat 3.5T JTD LIGHT.			2200	4	D	103	14.10	140	43500
KNAUS	Box	Box Life Pro 600 Street Fiat 3.5T JTD LIGHT (60 years).			2200	4	D	103	14.10	140	47000
KNAUS	Box	Box Life Pro 600 XL Lifetime Fiat 3.5T JTD LIGHT.			2200	4	D	103	14.10	140	48100
KNAUS	Box	Box Life Pro 600 XL Street Fiat 3.5T JTD LIGHT.			2200	4	D	103	14.10	140	47600
KNAUS	Box	Box Life Pro 630 Freeway Fiat 3,5 JTD (60 years).			2200	4	D	103	14.10	140	49900
KNAUS	Box	Box Life Pro 630 ME Freeway Fiat 3.5T JTD LIGHT.			2200	4	D	103	14.10	140	45700
KNAUS	BOX	BOX STAR 500 MH CITY.			2300	4	D	96	14.49	130	41200
KNAUS	BOX	BOX STAR 540 MQ ROAD.			2300	4	D	96	14.49	130	41200
KNAUS	BOX	BOX STAR 540 Q.			2300	4	D	96	14.49	130	39300
KNAUS	BOX	BOX STAR 540 ROAD.			2300	4	D	96	14.49	130	40300
KNAUS	BOX	BOX STAR 540 Road - Fiat 3,5 JTD LIGHT.			2300	4	D	103	14.10	140	35700
KNAUS	Box	Box Star 540 Road - Fiat 3,5 JTD LIGHT.			2300	4	D	103	14.49	140	38300
KNAUS	BOX	BOX STAR 540 Road - X290 L5H3 Fiat 3.5T JTD (60 years).			2300	4	D	103	14.10	140	38600
KNAUS	Box	Box Star 540 Road - X290 L5H3 Fiat 3.5T JTD LIGHT E6D (60 years).			2300	4	D	103	14.49	140	41300
KNAUS	BOX	BOX STAR 540 ROAD 2BE.			2300	4	D	96	14.49	130	40000
KNAUS	BOX	BOX STAR 540 ROAD PLATINUM.			2300	4	D	96	14.49	130	41200
KNAUS	BOX	BOX STAR 540 ROAD TO BE PLATINUM.			2300	4	D	96	14.49	130	41000
KNAUS	BOX	BOX STAR 600 DF.			2300	4	D	96	14.49	130	44500
KNAUS	BOX	BOX STAR 600 DQ SOLUTION.			2300	4	D	96	14.49	130	46600
KNAUS	BOX	BOX STAR 600 E.			2300	4	D	96	14.49	130	42900
KNAUS	BOX	BOX STAR 600 Family K - Fiat 3,5 JTD LIGHT.			2300	4	D	103	14.10	140	38700
KNAUS	Box	Box Star 600 Family K - Fiat 3,5 JTD LIGHT.			2300	4	D	103	14.49	140	41300
KNAUS	BOX	BOX STAR 600 K FAMILY.			2300	4	D	96	14.49	130	42000
KNAUS	BOX	BOX STAR 600 LIFETIME.			2300	4	D	96	14.49	130	44000
KNAUS	BOX	BOX STAR 600 LIFETIME 2BE.			2300	4	D	96	14.49	130	43700
KNAUS	BOX	BOX STAR 600 Lifetime ME - Fiat 3,5 JTD LIGHT.			2300	4	D	103	14.10	140	38500
KNAUS	Box	Box Star 600 Lifetime ME - Fiat 3,5 JTD LIGHT.			2300	4	D	103	14.49	140	41300
KNAUS	BOX	BOX STAR 600 Lifetime ME XL - Fiat 3,5 JTD LIGHT.			2300	4	D	103	14.10	140	42900
KNAUS	Box	Box Star 600 Lifetime ME XL - Fiat 3,5 JTD LIGHT.			2300	4	D	103	14.49	140	45800
KNAUS	BOX	BOX STAR 600 LIFETIME PLATINUM.			2300	4	D	96	14.49	130	44400
KNAUS	BOX	BOX STAR 600 LIFETIMEN TO BE PLATINUM.			2300	4	D	96	14.49	130	44100
KNAUS	BOX	BOX STAR 600 ME.			2300	4	D	96	14.49	130	41500
KNAUS	BOX	BOX STAR 600 ME LIFETIME.			2300	4	D	96	14.49	130	44800
KNAUS	BOX	BOX STAR 600 MQ STREET.			2300	4	D	96	14.49	130	42900
KNAUS	BOX	BOX STAR 600 Solution DQ - Fiat 3,5 JTD LIGHT.			2300	4	D	103	14.10	140	40400
KNAUS	Box	Box Star 600 Solution DQ - Fiat 3,5 JTD LIGHT.			2300	4	D	103	14.49	140	43300
KNAUS	BOX	BOX STAR 600 STREET.			2300	4	D	96	14.49	130	42000
KNAUS	BOX	BOX STAR 600 Street - X290 L5H3 Fiat 3.5T JTD (60 years).			2300	4	D	103	14.10	140	41300
KNAUS	Box	Box Star 600 Street - X290 L5H3 Fiat 3.5T JTD LIGHT E6D (60 years).			2300	4	D	103	14.49	140	43900
KNAUS	BOX	BOX STAR 600 Street MQ - Fiat 3,5 JTD LIGHT.			2300	4	D	103	14.10	140	38100
KNAUS	Box	Box Star 600 Street MQ - Fiat 3,5 JTD LIGHT.			2300	4	D	103	14.49	140	40600
KNAUS	BOX	BOX STAR 600 Street MQ XL - Fiat 3,5 JTD.			2300	4	D	103	14.10	140	42600
KNAUS	Box	Box Star 600 Street MQ XL - Fiat 3,5 JTD.			2300	4	D	103	14.49	140	45300
KNAUS	BOX	BOX STAR 630 Freeway - X290 L5H3 Fiat 3.5T JTD (60 years).			2300	4	D	103	14.10	140	43500
KNAUS	Box	Box Star 630 Freeway - X290 L5H3 Fiat 3.5T JTD LIGHT E6D (60 years).			2300	4	D	103	14.49	140	46600
KNAUS	BOX	BOX STAR 630 Freeway ME - Fiat 3,5 JTD.			2300	4	D	103	14.10	140	40000
KNAUS	Box	Box Star 630 Freeway ME - Fiat 3,5 JTD.			2300	4	D	103	14.49	140	43100
KNAUS	BOX	BOX STAR 630 ME FREEWAY.			2300	4	D	96	14.49	130	44800
KNAUS	BOX	BOX STAR ACtiv 504 MQ.			2000	4	D	85	13.32	115	32000
KNAUS	BOX	BOX STAR AKTIV 500.			3000	4	D	118	16.99	160	40300
KNAUS	BOX	BOX STAR AKTIV 500.			2300	4	D	88	14.49	120	37800
KNAUS	BOX	BOX STAR CAMP 600.			3000	4	D	118	16.99	160	45600
KNAUS	BOX	BOX STAR CAMP 600.			2300	4	D	88	14.49	120	43200
KNAUS	BOX	BOX STAR Camp 600 S 4.			2300	4	D	96	14.49	130	41200
KNAUS	BOX	BOX STAR CITY 500.			3000	4	D	118	16.99	160	42400
KNAUS	BOX	BOX STAR CITY 500.			2300	4	D	88	14.49	120	40000
KNAUS	BOX	BOX STAR City 500 U.			2000	4	D	85	13.32	115	33700
KNAUS	BOX	BOX STAR FAMILY 600.			3000	4	D	118	16.99	160	45600
KNAUS	BOX	BOX STAR FAMILY 600.			2300	4	D	88	14.49	120	43200
KNAUS	BOX	BOX STAR Family 600 K.			2000	4	D	85	13.32	115	37300
KNAUS	BOX	BOX STAR FLEX 600.			3000	4	D	118	16.99	160	45600
KNAUS	BOX	BOX STAR FLEX 600.			2300	4	D	88	14.49	120	43200
KNAUS	BOX	BOX STAR Freeway 630.			2300	4	D	96	14.49	130	40600
KNAUS	BOX	BOX STAR Road 540 MQ.			2000	4	D	85	13.32	115	35200
KNAUS	BOX	BOX STAR Runner 540 DH.			2300	4	D	96	14.49	130	39300
KNAUS	BOX	BOX STAR SOLUTION.			2300	4	D	96	14.49	130	45500
KNAUS	BOX	BOX STAR STREET 600.			3000	4	D	118	16.99	160	44600
KNAUS	BOX	BOX STAR STREET 600.			2300	4	D	88	14.49	120	42000
KNAUS	BOX	BOX STAR Street 600 MQ.			2000	4	D	85	13.32	115	37300
KNAUS	BOX	BOX STAR STREET 600 MQ.			2000	4	D	85	13.32	115	37300
KNAUS	BOX	BOX STAR VARIO 540.			3000	4	D	118	16.99	160	44200
KNAUS	BOX	BOX STAR VARIO 540.			2300	4	D	88	14.49	120	41700
KNAUS	FIAT	FIAT DUCATO TRAVELLER.			2500	4	D	85	15.23	115	44000
KNAUS	LIVE	LIVE 650 MG Fiat L light.			2200	4	D	103	14.10	140	51100
KNAUS	LIVE	LIVE 700 MEG Fiat L light.			2200	4	D	103	14.10	140	52600
KNAUS	LIVE	LIVE 900 LEG Fiat L light.			2200	4	D	103	14.10	140	63000
KNAUS	Live	Live I 650 MG Fiat L light.			2200	4	D	103	14.10	140	57800
KNAUS	Live	Live I 700 MEG Fiat L light.			2200	4	D	103	14.10	140	59800
KNAUS	Live	Live I 900 LEG Fiat L light.			2200	4	D	103	14.10	140	76600
KNAUS	LIVE	LIVE TI 590 MF.			2300	4	D	96	14.49	130	49000
KNAUS	LIVE	LIVE TI 590 MF Fiat light.			2200	4	D	103	14.10	140	42900
KNAUS	LIVE	LIVE TI 650 MEG.			2300	4	D	96	14.49	130	49900
KNAUS	LIVE	LIVE TI 650 MEG Fiat light.			2200	4	D	103	14.10	140	46600
KNAUS	LIVE	LIVE TI 650 MF Fiat light.			2200	4	D	103	14.10	140	46600
KNAUS	LIVE	LIVE TI 700 MEG.			2300	4	D	96	14.49	130	53600
KNAUS	LIVE	LIVE TI 700 MEG Fiat light.			2200	4	D	103	14.10	140	50300
KNAUS	Live	Live TI Platinum Selection 590 MF Fiat 2,2 light.			2200	4	D	103	14.10	140	49100
KNAUS	Live	Live TI Platinum Selection 650 MEG Fiat 2,2 light.			2200	4	D	103	14.10	140	52000
KNAUS	Live	Live TI Platinum Selection 650 MF Fiat 2,2 light.			2200	4	D	103	14.10	140	52000
KNAUS	Live	Live TI Platinum Selection 700 MEG Fiat 2,2 light.			2200	4	D	103	14.10	140	54900
KNAUS	Live	Live TI590 MF Fiat light.			2200	4	D	103	14.10	140	46600
KNAUS	Live	Live TI650 MEG Fiat light.			2200	4	D	103	14.10	140	50600
KNAUS	Live	Live TI650 MF Fiat light.			2200	4	D	103	14.10	140	50400
KNAUS	Live	Live TI700 MEG Fiat light.			2200	4	D	103	14.10	140	54400
KNAUS	LIVE	LIVE TRAVELLER 550 DB.			2300	4	D	96	14.49	130	47900
KNAUS	LIVE	LIVE TRAVELLER 600 DKG.			2300	4	D	96	14.49	130	51000
KNAUS	LIVE	LIVE TRAVELLER 650 DG.			2300	4	D	96	14.49	130	53700
KNAUS	LIVE	LIVE WAVE 650 MF Fiat light.			2200	4	D	103	14.10	140	47500
KNAUS	LIVE	LIVE WAVE 650 MG.			2300	4	D	96	14.49	130	51000
KNAUS	LIVE	LIVE WAVE 650 MG Fiat light.			2200	4	D	103	14.10	140	46600
KNAUS	LIVE	LIVE WAVE 650 MX.			2300	4	D	96	14.49	130	52000
KNAUS	LIVE	LIVE WAVE 650 MX Fiat light.			2200	4	D	103	14.10	140	48500
KNAUS	LIVE	LIVE WAVE 700 MEG.			2300	4	D	96	14.49	130	55600
KNAUS	LIVE	LIVE WAVE 700 MEG Fiat light.			2200	4	D	103	14.10	140	50900
KNAUS	LIVE	LIVE WAVE 700 MX.			2300	4	D	96	14.49	130	56500
KNAUS	LIVE	LIVE WAVE 700 MX Fiat light.			2200	4	D	103	14.10	140	51500
KNAUS	Live	Live Wave Platinum Selection 650 MF Fiat 2,2 light.			2200	4	D	103	14.10	140	54500
KNAUS	Live	Live Wave Platinum Selection 650 MG Fiat 2,2 light.			2200	4	D	103	14.10	140	53000
KNAUS	Live	Live Wave Platinum Selection 700 LX Fiat 2,2 light.			2200	4	D	103	14.10	140	57200
KNAUS	RENAULT	RENAULT R 43.			2463	4	D	85	15.09	115	55800
KNAUS	SKY	SKY I 650 LEG.			2300	4	D	110	14.49	150	70000
KNAUS	SKY	SKY I 650 LEG.			2000	4	D	85	13.32	115	57700
KNAUS	SKY	SKY I 650 LEG.			2300	4	D	96	14.49	130	68700
KNAUS	SKY	SKY I 650 LG.			2300	4	D	110	14.49	150	70800
KNAUS	SKY	SKY I 650 LG.			2000	4	D	85	13.32	115	58500
KNAUS	SKY	SKY I 650 LG.			2300	4	D	96	14.49	130	69500
KNAUS	SKY	SKY I 700 LEG.			2300	4	D	110	14.49	150	70000
KNAUS	SKY	SKY I 700 LEG.			2000	4	D	85	13.32	115	60400
KNAUS	SKY	SKY I 700 LEG.			2300	4	D	96	14.49	130	67200
KNAUS	SKY	SKY I 700 LEG PLUS.			2300	4	D	110	14.49	150	73200
KNAUS	SKY	SKY I 700 LEG PLUS.			2300	4	D	96	14.49	130	71900
KNAUS	SKY	SKY I 700 LG.			2300	4	D	96	14.49	130	69300
KNAUS	SKY	SKY I 700 LX.			2300	4	D	110	14.49	150	70800
KNAUS	SKY	SKY I 700 LX.			2300	4	D	96	14.49	130	68200
KNAUS	SKY	SKY I 700 LX PLUS.			2300	4	D	110	14.49	150	74100
KNAUS	SKY	SKY I 700 LX PLUS.			2300	4	D	96	14.49	130	72800
KNAUS	SKY	SKY Ti 550 MF.			2300	4	D	96	14.49	130	51300
KNAUS	SKY	SKY Ti 590 MF.			2300	4	D	96	14.49	130	53700
KNAUS	SKY	SKY Ti 600 MG.			2000	4	D	85	13.32	115	44800
KNAUS	SKY	SKY Ti 650 MEG.			2000	4	D	85	13.32	115	45600
KNAUS	SKY	SKY Ti 650 MEG.			2300	4	D	96	14.49	130	55400
KNAUS	SKY	SKY Ti 650 MF.			2000	4	D	85	13.32	115	46000
KNAUS	SKY	SKY Ti 650 MF.			2300	4	D	96	14.49	130	54800
KNAUS	SKY	SKY Ti 650 MG.			2000	4	D	85	13.32	115	46600
KNAUS	SKY	SKY Ti 650 MG.			2300	4	D	96	14.49	130	55000
KNAUS	SKY	SKY Ti 700 MEB.			2300	4	D	96	14.49	130	58200
KNAUS	SKY	SKY Ti 700 MEG.			2000	4	D	85	13.32	115	48700
KNAUS	SKY	SKY Ti 700 MEG.			2300	4	D	96	14.49	130	58500
KNAUS	SKY	SKY Ti 700 MG.			2300	4	D	96	14.49	130	58500
KNAUS	SKY	SKY Ti 700 MX.			2000	4	D	85	13.32	115	49600
KNAUS	SKY	SKY Ti 700 MX.			2300	4	D	96	14.49	130	59200
KNAUS	SKY	SKY TI PLATINUM 650 MEG Fiat l. JTD light.			2200	4	D	103	14.10	140	49000
KNAUS	SKY	SKY TI PLATINUM 650 MF Fiat l. JTD light.			2200	4	D	103	14.10	140	48300
KNAUS	SKY	SKY TI PLATINUM 700 MEG Fiat l. JTD light.			2200	4	D	103	14.10	140	51100
KNAUS	SKY	SKY TI PLATINUM 700 MX Fiat l. JTD light.			2200	4	D	103	14.10	140	51700
KNAUS	Sky	Sky TI PLATINUM650 MEG Fiat l. JTD light.			2200	4	D	103	14.10	140	52000
KNAUS	Sky	Sky TI PLATINUM650 MF Fiat l. JTD light.			2200	4	D	103	14.10	140	51000
KNAUS	Sky	Sky TI PLATINUM700 MEG Fiat l. JTD light.			2200	4	D	103	14.10	140	53900
KNAUS	SKY	SKY TRAVELLER 500 D.			2000	4	D	85	13.32	115	41200
KNAUS	SKY	SKY TRAVELLER 500 D.			2300	4	D	96	14.49	130	50200
KNAUS	SKY	SKY TRAVELLER 600 DKG.			2000	4	D	85	13.32	115	45500
KNAUS	SKY	SKY TRAVELLER 600 DKG.			2300	4	D	96	14.49	130	55600
KNAUS	SKY	SKY TRAVELLER 600 H.			2000	4	D	85	13.32	115	44800
KNAUS	SKY	SKY TRAVELLER 650 DG.			2000	4	D	85	13.32	115	46800
KNAUS	SKY	SKY TRAVELLER 650 DG.			2300	4	D	96	14.49	130	58200
KNAUS	SKYWAVE	SKYWAVE 650 MEG.			2300	4	D	96	14.49	130	55400
KNAUS	SKYWAVE	SKYWAVE 650 MEG Fiat l. JTD light (60 years).			2200	4	D	103	14.10	140	49600
KNAUS	SKYWAVE	SKYWAVE 650 MF.			2000	4	D	85	13.32	115	48900
KNAUS	SKYWAVE	SKYWAVE 650 MF.			2300	4	D	96	14.49	130	56500
KNAUS	SKYWAVE	SKYWAVE 650 MF Fiat l. JTD light (60 years).			2200	4	D	103	14.10	140	48600
KNAUS	SKYWAVE	SKYWAVE 650 MG.			2000	4	D	85	13.32	115	48900
KNAUS	SKYWAVE	SKYWAVE 650 MG.			2300	4	D	96	14.49	130	54900
KNAUS	SKYWAVE	SKYWAVE 700 MEG.			2000	4	D	85	13.32	115	53000
KNAUS	SKYWAVE	SKYWAVE 700 MEG.			2300	4	D	96	14.49	130	57500
KNAUS	SKYWAVE	SKYWAVE 700 MEG Fiat Heavy l. JTD light (60 years).			2200	4	D	103	14.10	140	52600
KNAUS	SKYWAVE	SKYWAVE 700 MQ.			2000	4	D	85	13.32	115	54400
KNAUS	SKYWAVE	SKYWAVE 700 MX.			2300	4	D	96	14.49	130	59200
KNAUS	SPORT	SPORT LINER 600 MG.			3000	4	D	116	16.99	157	63800
KNAUS	SPORT	SPORT LINER 600 MG.			2300	4	D	96	14.49	130	58000
KNAUS	SPORT	SPORT LINER 650 MG.			3000	4	D	116	16.99	157	64800
KNAUS	SPORT	SPORT LINER 650 MG.			2300	4	D	96	14.49	130	62200
KNAUS	SPORT	SPORT LINER 650 UF.			3000	4	D	116	16.99	157	64800
KNAUS	SPORT	SPORT LINER 650 UF.			2300	4	D	96	14.49	130	62200
KNAUS	SPORT	SPORT LINER 700 MEG.			3000	4	D	116	16.99	157	67200
KNAUS	SPORT	SPORT LINER 700 MEG.			2300	4	D	96	14.49	130	64800
KNAUS	SPORT	SPORT LINER 700 UG.			3000	4	D	116	16.99	157	67200
KNAUS	SPORT	SPORT LINER 700 UG.			2300	4	D	96	14.49	130	64800
KNAUS	SPORT	SPORT TI 600 MG.			3000	4	D	118	16.99	160	52200
KNAUS	SPORT	SPORT TI 600 MG.			2300	4	D	96	14.49	130	49800
KNAUS	SPORT	SPORT TI 650 MG.			3000	4	D	118	16.99	160	55400
KNAUS	SPORT	SPORT TI 650 MG.			2300	4	D	96	14.49	130	52900
KNAUS	SPORT	SPORT TRAVELLER 500 D.			3000	4	D	118	16.99	160	46500
KNAUS	SPORT	SPORT TRAVELLER 500 D.			2300	4	D	96	14.49	130	44000
KNAUS	SPORT	SPORT TRAVELLER 600 DKG.			3000	4	D	118	16.99	160	52900
KNAUS	SPORT	SPORT TRAVELLER 600 DKG.			2300	4	D	96	14.49	130	50200
KNAUS	SPORT	SPORT TRAVELLER 600 MG.			3000	4	D	118	16.99	160	52800
KNAUS	SPORT	SPORT TRAVELLER 600 MG.			2300	4	D	96	14.49	130	50200
KNAUS	SPORT	SPORT TRAVELLER 700 DG.			3000	4	D	118	16.99	160	58100
KNAUS	SPORT	SPORT TRAVELLER 700 DG.			2300	4	D	96	14.49	130	55700
KNAUS	SPORT	SPORT TRAVELLER 700 DKG.			3000	4	D	118	16.99	160	58900
KNAUS	SPORT	SPORT TRAVELLER 700 DKG.			2300	4	D	96	14.49	130	56500
KNAUS	SPORT	SPORT TRAVELLER TR 500 D.			2300	4	D	96	14.49	130	46600
KNAUS	SPORT	SPORT TRAVELLER TR 600 DKG.			2300	4	D	96	14.49	130	51300
KNAUS	SPORT	SPORT TRAVELLER TR 650 DG.			2300	4	D	96	14.49	130	53000
KNAUS	SUN	SUN I 700 LEG.			2300	4	D	110	14.49	150	91400
KNAUS	SUN	SUN I 700 LEG.			2300	4	D	96	14.49	130	88800
KNAUS	Sun	Sun I 700 LEG Fiat 2,2 l. JTD heavy.			2200	4	D	132	14.10	180	91000
KNAUS	SUN	SUN I 700 LEG Fiat l. JTD heavy.			2200	4	D	103	14.10	140	77900
KNAUS	SUN	SUN I 700 LG.			2300	4	D	110	14.49	150	91400
KNAUS	SUN	SUN I 700 LG.			2300	4	D	96	14.49	130	88800
KNAUS	SUN	SUN I 700 LX.			2300	4	D	110	14.49	150	92400
KNAUS	SUN	SUN I 700 LX.			2300	4	D	96	14.49	130	89700
KNAUS	SUN	SUN I 900 LEG.			2300	4	D	110	14.49	150	105200
KNAUS	SUN	SUN I 900 LEG.			2300	4	D	96	14.49	130	102500
KNAUS	Sun	Sun I 900 LEG Fiat 2,2 l. JTD heavy.			2200	4	D	132	14.10	180	100700
KNAUS	SUN	SUN I 900 LEG Fiat l. JTD heavy.			2200	4	D	103	14.10	140	85300
KNAUS	SUN	SUN I 900 LX.			2300	4	D	110	14.49	150	106600
KNAUS	SUN	SUN I 900 LX.			2300	4	D	96	14.49	130	103400
KNAUS	Sun	Sun I 900 LX Fiat 2,2 l. JTD heavy.			2200	4	D	132	14.10	180	102000
KNAUS	SUN	SUN I 900 LX Fiat l. JTD heavy.			2200	4	D	103	14.10	140	85900
KNAUS	Sun	Sun I700 LEG Fiat l. JTD heavy.			2200	4	D	103	14.10	140	85300
KNAUS	Sun	Sun I900 LEG Fiat l. JTD heavy.			2200	4	D	103	14.10	140	93900
KNAUS	Sun	Sun I900 LX Fiat l. JTD heavy.			2200	4	D	103	14.10	140	95000
KNAUS	SUN	SUN LINER PASSION 600 LG.			3000	4	D	116	16.99	157	75300
KNAUS	SUN	SUN LINER PASSION 600 LG.			2300	4	D	96	14.49	130	73000
KNAUS	SUN	SUN LINER PASSION 700 LEG.			3000	4	D	116	16.99	157	79800
KNAUS	SUN	SUN LINER PASSION 700 LEG.			2300	4	D	96	14.49	130	77400
KNAUS	SUN	SUN LINER PASSION 700 LG.			3000	4	D	116	16.99	157	79400
KNAUS	SUN	SUN LINER PASSION 700 LG.			2300	4	D	96	14.49	130	76900
KNAUS	SUN	SUN LINER PASSION 800 LEG.			3000	4	D	116	16.99	157	93300
KNAUS	SUN	SUN LINER PASSION 800 LQG.			3000	4	D	116	16.99	157	96000
KNAUS	SUN	SUN TI 600 MG.			3000	4	D	118	16.99	160	54900
KNAUS	SUN	SUN TI 600 MG.			2300	4	D	96	14.49	130	53500
KNAUS	SUN	SUN TI 600 UF.			3000	4	D	118	16.99	160	59000
KNAUS	SUN	SUN TI 600 UF.			2300	4	D	96	14.49	130	56600
KNAUS	SUN	SUN TI 650 LEG.			2000	4	D	85	13.32	115	53900
KNAUS	SUN	SUN TI 650 LF.			2000	4	D	85	13.32	115	53500
KNAUS	SUN	SUN TI 650 LG.			2000	4	D	85	13.32	115	53900
KNAUS	SUN	SUN TI 650 MEG.			3000	4	D	118	16.99	160	60100
KNAUS	SUN	SUN TI 650 MEG.			2300	4	D	96	14.49	130	63600
KNAUS	SUN	SUN TI 650 MF.			3000	4	D	118	16.99	160	61000
KNAUS	SUN	SUN TI 650 MF.			2300	4	D	96	14.49	130	63600
KNAUS	SUN	SUN TI 650 MG.			2300	4	D	96	14.49	130	65000
KNAUS	SUN	SUN TI 700 LEG.			2000	4	D	85	13.32	115	55400
KNAUS	SUN	SUN TI 700 LX.			2000	4	D	85	13.32	115	55800
KNAUS	SUN	SUN TI 700 MEG.			3000	4	D	118	16.99	160	62500
KNAUS	SUN	SUN TI 700 MEG.			2300	4	D	96	14.49	130	66700
KNAUS	SUN	SUN TI 700 MQG.			3000	4	D	118	16.99	160	62200
KNAUS	SUN	SUN TI 700 MQG.			2300	4	D	96	14.49	130	59800
KNAUS	SUN	SUN TI 700 MX.			2300	4	D	96	14.49	130	66300
KNAUS	SUN	SUN TRAVELLER 608.	2002		2800	4	D	94	16.30	128	65000
KNAUS	SUN	SUN TRAVELLER 630.	1992		2500	4	D	70	15.22	95	55400
KNAUS	TABBERT	TABBERT FFB.			2500	4	D	54	15.23	73	36000
KNAUS	TABBERT	TABBERT R 07.	2005		2800	4	D	94	16.29	128	56900
KNAUS	Tourer	Tourer Van - Vansation 500 MQ Volkswagen T6 -.			2000	4	D	110	13.32	150	55900
KNAUS	V	V V5 LUXE G.			3000	4	D	118	16.99	160	49300
KNAUS	VAN	VAN I 550 MD.			2300	4	D	110	14.49	150	59900
KNAUS	VAN	VAN I 550 MD.			2300	4	D	96	14.49	130	60700
KNAUS	VAN	VAN I 550 MF Fiat l. JTD.			2200	4	D	103	14.10	140	54600
KNAUS	VAN	VAN I 550 MK.			2300	4	D	110	14.49	150	59900
KNAUS	VAN	VAN I 550 MK.			2300	4	D	96	14.49	130	58500
KNAUS	VAN	VAN I 580 MK.			2300	4	D	96	14.49	130	61200
KNAUS	VAN	VAN I 600 ME.			2300	4	D	110	14.49	150	63100
KNAUS	VAN	VAN I 600 ME.			2300	4	D	96	14.49	130	61800
KNAUS	VAN	VAN I 600 MG.			2300	4	D	110	14.49	150	63100
KNAUS	VAN	VAN I 600 MG.			2300	4	D	96	14.49	130	62500
KNAUS	VAN	VAN I 650 MEG.			2300	4	D	96	14.49	130	64000
KNAUS	VAN	VAN I 650 MEG Fiat l. JTD.			2200	4	D	103	14.10	140	54300
KNAUS	VAN	VAN TI 550 MD.			3000	4	D	118	16.99	160	52200
KNAUS	VAN	VAN TI 550 MD.			2300	4	D	96	14.49	130	55800
KNAUS	VAN	VAN TI 600 ME.			3000	4	D	118	16.99	160	54300
KNAUS	VAN	VAN TI 600 ME.			2300	4	D	96	14.49	130	52200
KNAUS	VAN	VAN TI 600 MEG.			2300	4	D	96	14.49	130	59300
KNAUS	VAN	VAN TI 600 MG.			3000	4	D	118	16.99	160	54300
KNAUS	VAN	VAN TI 600 MG.			2300	4	D	96	14.49	130	59000
KNAUS	VAN	VAN TI MAN VANSATION 550 MF Fiat L.			2200	4	D	103	14.10	140	39900
KNAUS	VAN	VAN TI MAN VANSATION 640 MEG MAN TD.			2000	4	D	130	13.32	177	53700
KNAUS	VAN	VAN TI MAN VANSATION 650 MEG Fiat L.			2200	4	D	103	14.10	140	41300
KNAUS	Van	Van TI PLUS 650 MEG 4X4 MAN TD.			2000	4	D	130	13.32	177	51800
KNAUS	Van	Van TI PLUS 650 MEG MAN TD.			2000	4	D	130	13.32	177	49200
KNAUS	Van	Van TI PLUS 650 MEG MAN TD E6d A EUR.			2000	4	D	130	13.32	177	57300
KNAUS	Van	Van TI PLUS 700 LF 4X4 MAN TD E6d A EUR.			2000	4	D	96	13.32	130	57500
KNAUS	Van	Van TI PLUS 700 LF MAN TD E6d A EUR.			2000	4	D	96	13.32	130	54600
KNAUS	Van	Van TI PLUS PLATINUM 650 MEG 4X4 MAN TD EUR.			2000	4	D	130	13.32	177	54400
KNAUS	Van	Van TI PLUS PLATINUM 650 MEG MAN TD.			2000	4	D	130	13.32	177	51800
KNAUS	Van	Van TI PLUS PLATINUM 650 MEG Volkswagen Crafter cambio automático.			2000	4	D	120	13.32	163	58200
KNAUS	Van	Van TI PLUS PLATINUM 650 MEG Volkswagen Crafter cambio automático.			2000	4	D	130	13.32	177	61300
KNAUS	Van	Van TI PLUS PLATINUM 700 LF Volkswagen Crafter cambio automático.			2000	4	D	120	13.32	163	59800
KNAUS	Van	Van TI PLUS PLATINUM 700 LF Volkswagen Crafter cambio automático.			2000	4	D	130	13.32	177	62600
KNAUS	Van	Van TI VANSATION 550 MF Fiat 2,2 L.			2200	4	D	103	14.10	140	45200
KNAUS	Van	Van TI VANSATION 640 MEG Volkswagen Crafter cambio automático.			2000	4	D	120	13.32	163	57800
KNAUS	Van	Van TI VANSATION 640 MEG Volkswagen Crafter cambio automático.			2000	4	D	130	13.32	177	58900
KNAUS	Van	Van TI VANSATION 650 MEG Fiat 2,2 L.			2200	4	D	103	14.10	140	46500
KNAUS	Van	Van TI VANSATION 650 MEG Peugeot L.			2200	4	D	103	14.10	140	43300
KNAUS	Van	Van wave MAN VANSATION MAN 650 MEG MAN 3.5T.			3500	4	D	130	18.64	177	51700
KNAUS	Van	Van wave MAN VANSATION MAN 650 MEG MAN 3.5T cambio auto 8.			2000	4	D	130	13.32	177	55000
KNAUS	Van	Van Wave VANSATION 640 MEG Volkswagen Crafter cambio automático.			2000	4	D	130	13.32	177	61600
KNAUS	YAMC	YAMC 600 L.			2300	4	D	88	14.49	120	44000
KNAUS	YAMC	YAMC 600 L.			3000	4	D	118	16.99	160	46500
LAIKA	COMPACT	COMPACT 5 Fiat Ducato Light 35.			2300	4	D	103	14.10	140	39100
LAIKA	COMPACT	COMPACT 9 Fiat Ducato Light 35.			2300	4	D	103	14.10	140	40200
LAIKA	ECOVIP	ECOVIP 1 CLASSIC.			3000	4	D	116	16.99	157	57500
LAIKA	ECOVIP	ECOVIP 1 CLASSIC.			2300	4	D	96	14.49	130	55000
LAIKA	ECOVIP	ECOVIP 10.1.	2003		2800	4	D	94	16.30	127	55400
LAIKA	ECOVIP	ECOVIP 109.			2300	4	D	96	14.49	130	52100
LAIKA	ECOVIP	ECOVIP 112.			2300	4	D	96	14.49	130	51100
LAIKA	ECOVIP	ECOVIP 2.			2300	4	D	96	14.49	130	59600
LAIKA	ECOVIP	ECOVIP 2 CLASSIC.			2300	4	D	96	14.49	130	55000
LAIKA	ECOVIP	ECOVIP 2 CLASSIC.			3000	4	D	116	16.99	157	57500
LAIKA	ECOVIP	ECOVIP 3.1 (300f).	2002		2800	4	D	96	16.30	127	55500
LAIKA	ECOVIP	ECOVIP 300.			2300	4	D	96	14.49	130	49700
LAIKA	ECOVIP	ECOVIP 305.			2300	4	D	96	14.49	130	52000
LAIKA	ECOVIP	ECOVIP 309.			2300	4	D	96	14.49	130	55800
LAIKA	ECOVIP	ECOVIP 309 S.			2300	4	D	96	14.49	130	56800
LAIKA	ECOVIP	ECOVIP 310.			2300	4	D	96	14.49	130	55500
LAIKA	ECOVIP	ECOVIP 312.			2300	4	D	96	14.49	130	56200
LAIKA	ECOVIP	ECOVIP 329.			2300	4	D	96	14.49	130	57800
LAIKA	ECOVIP	ECOVIP 390.			2300	4	D	96	14.49	130	56200
LAIKA	ECOVIP	ECOVIP 4.1.	2005		2800	4	D	94	16.30	127	60000
LAIKA	ECOVIP	ECOVIP 409.			2300	4	D	96	14.49	130	56900
LAIKA	ECOVIP	ECOVIP 412.			2300	4	D	96	14.49	130	56900
LAIKA	ECOVIP	ECOVIP 419.			2300	4	D	96	14.49	130	57900
LAIKA	ECOVIP	ECOVIP 600 CARAVANS SPA.			2500	4	D	96	15.23	130	69100
LAIKA	ECOVIP	ECOVIP 8.			3000	4	D	116	16.99	157	55400
LAIKA	ECOVIP	ECOVIP 9.			3000	4	D	116	16.99	157	57500
LAIKA	ECOVIP	ECOVIP CAPUCHINOS EV 1 CL.			2300	4	D	96	14.49	130	57900
LAIKA	ECOVIP	ECOVIP CAPUCHINOS EV 2 CL.			2300	4	D	96	14.49	130	57900
LAIKA	ECOVIP	ECOVIP CAPUCHINOS EV 6.			2300	4	D	96	14.49	130	56300
LAIKA	ECOVIP	ECOVIP CAPUCHINOS EV 9.			2300	4	D	96	14.49	130	57900
LAIKA	ECOVIP	ECOVIP EV 540 Fiat Ducato Light 35.			2300	4	D	103	14.10	140	42100
LAIKA	ECOVIP	ECOVIP EV 600 Fiat Ducato Light 35.			2300	4	D	103	14.10	140	42800
LAIKA	ECOVIP	ECOVIP EV 640 Fiat Ducato Light 35.			2300	4	D	103	14.10	140	44700
LAIKA	ECOVIP	ECOVIP H 600.			2800	4	D	94	16.30	128	66400
LAIKA	ECOVIP	ECOVIP INTEGRALES EV 600.			2300	4	D	96	14.49	130	66400
LAIKA	ECOVIP	ECOVIP INTEGRALES EV 609.			2300	4	D	96	14.49	130	68100
LAIKA	ECOVIP	ECOVIP INTEGRALES EV 610.			2300	4	D	96	14.49	130	64600
LAIKA	ECOVIP	ECOVIP INTEGRALES EV 612.			2300	4	D	96	14.49	130	68100
LAIKA	ECOVIP	ECOVIP INTEGRALES EV 690.			2300	4	D	96	14.49	130	68100
LAIKA	ECOVIP	ECOVIP INTEGRALES EV 691.			2300	4	D	96	14.49	130	65400
LAIKA	ECOVIP	ECOVIP INTEGRALES EV 709.			2300	4	D	96	14.49	130	69000
LAIKA	ECOVIP	ECOVIP INTEGRALES EV 710.			2300	4	D	96	14.49	130	69000
LAIKA	ECOVIP	ECOVIP INTEGRALES EV 712.			2300	4	D	96	14.49	130	69000
LAIKA	ECOVIP	ECOVIP INTEGRALES EV H 2109 Fiat Ducato Light 35.			2300	4	D	103	14.49	140	68900
LAIKA	ECOVIP	ECOVIP INTEGRALES EV H 3109 Fiat Ducato Light 35.			2300	4	D	103	14.49	140	69700
LAIKA	ECOVIP	ECOVIP INTEGRALES EV H 3110 Fiat Ducato Light 35.			2300	4	D	103	14.49	140	69700
LAIKA	ECOVIP	ECOVIP INTEGRALES EV H 3119 Fiat Ducato Light 35.			2300	4	D	103	14.49	140	69700
LAIKA	ECOVIP	ECOVIP INTEGRALES EV H 4109 DS Fiat Ducato Light 35.			2300	4	D	103	14.49	140	72900
LAIKA	ECOVIP	ECOVIP INTEGRALES EV H 4109 Fiat Ducato Light 35.			2300	4	D	103	14.49	140	72200
LAIKA	ECOVIP	ECOVIP INTEGRALES EV H 4112 Fiat Ducato Light 35.			2300	4	D	103	14.49	140	72900
LAIKA	ECOVIP	ECOVIP L 3412 DS.			2200	4	D	103	14.10	140	85300
LAIKA	Ecovip	Ecovip Perfiladas EV L 2009 Fiat Ducato Light 35.			2300	4	D	103	14.49	140	56100
LAIKA	Ecovip	Ecovip Perfiladas EV L 3009 Fiat Ducato Light 35.			2300	4	D	103	14.49	140	57600
LAIKA	Ecovip	Ecovip Perfiladas EV L 3010 Fiat Ducato Light 35.			2300	4	D	103	14.49	140	57600
LAIKA	Ecovip	Ecovip Perfiladas EV L 3019 Fiat Ducato Light 35.			2300	4	D	103	14.49	140	57600
LAIKA	Ecovip	Ecovip Perfiladas EV L 3412 DS Fiat Ducato Light 35.			2300	4	D	103	14.49	140	57600
LAIKA	Ecovip	Ecovip Perfiladas EV L 4009 DS Fiat Ducato Light 35.			2300	4	D	103	14.49	140	59700
LAIKA	Ecovip	Ecovip Perfiladas EV L 4009 Fiat Ducato Light 35.			2300	4	D	103	14.49	140	59700
LAIKA	Ecovip	Ecovip Perfiladas EV L 4012 DS Fiat Ducato Light 35.			2300	4	D	103	14.49	140	59700
LAIKA	ECOVIP	ECOVIP PERFILADOS EV 300.			2300	4	D	85	14.49	115	50800
LAIKA	ECOVIP	ECOVIP PERFILADOS EV 309.			2300	4	D	85	14.49	115	56300
LAIKA	ECOVIP	ECOVIP PERFILADOS EV 310.			2300	4	D	85	14.49	115	55400
LAIKA	ECOVIP	ECOVIP PERFILADOS EV 312.			2300	4	D	85	14.49	115	56300
LAIKA	ECOVIP	ECOVIP PERFILADOS EV 390.			2300	4	D	85	14.49	115	56300
LAIKA	ECOVIP	ECOVIP PERFILADOS EV 409.			2300	4	D	85	14.49	115	56700
LAIKA	ECOVIP	ECOVIP PERFILADOS EV 410.			2300	4	D	85	14.49	115	56700
LAIKA	ECOVIP	ECOVIP PERFILADOS EV 412.			2300	4	D	85	14.49	115	56700
LAIKA	ECOVIP	ECOVIP PERFILADOS EV L 2009 Fiat Ducato Light 35.			2300	4	D	103	14.10	140	50200
LAIKA	ECOVIP	ECOVIP PERFILADOS EV L 3009 Fiat Ducato Light 35.			2300	4	D	103	14.10	140	50900
LAIKA	ECOVIP	ECOVIP PERFILADOS EV L 3010 Fiat Ducato Light 35.			2300	4	D	103	14.10	140	50900
LAIKA	ECOVIP	ECOVIP PERFILADOS EV L 3019 Fiat Ducato Light 35.			2300	4	D	103	14.10	140	51300
LAIKA	ECOVIP	ECOVIP PERFILADOS EV L 3412 DS Fiat Ducato Light 35.			2300	4	D	103	14.10	140	51400
LAIKA	ECOVIP	ECOVIP PERFILADOS EV L 4009 DS Fiat Ducato Light 35.			2300	4	D	103	14.10	140	51700
LAIKA	ECOVIP	ECOVIP PERFILADOS EV L 4009 Fiat Ducato Light 35.			2300	4	D	103	14.10	140	51700
LAIKA	ECOVIP	ECOVIP PERFILADOS EV L 4012 DS Fiat Ducato Light 35.			2300	4	D	103	14.10	140	51700
LAIKA	ECOVIP	ECOVIP PERFILADOS EV L 4012 Fiat Ducato Light 35.			2300	4	D	103	14.10	140	51700
LAIKA	ECOVIP	ECOVIP TOSCANA 305.			2300	4	D	96	14.49	130	51800
LAIKA	ECOVIP	ECOVIP TOSCANA 309.			2300	4	D	110	14.49	150	55500
LAIKA	ECOVIP	ECOVIP TOSCANA 609.			2300	4	D	110	14.49	150	67900
LAIKA	EV7R28FM.	EV7R28FM.			2800	4	D	90	16.30	122	47500
LAIKA	KOSMO	KOSMO 209.	2023		2200	4	D	103	14.10	140	72000
LAIKA	KOSMO	KOSMO 509.	2023		2200	4	D	103	14.10	140	73100
LAIKA	KOSMO	KOSMO 509 L.	2023		2200	4	D	103	14.10	140	73100
LAIKA	KOSMO	KOSMO 909.	2023		2200	4	D	103	14.10	140	84200
LAIKA	KOSMO	KOSMO 912.	2023		2200	4	D	103	14.10	140	86300
LAIKA	Kosmo	Kosmo Camper Van 5.4 Fiat Ducato Light 35.			2300	4	D	103	14.10	140	35900
LAIKA	Kosmo	Kosmo Camper Van 6.0 Fiat Ducato Light 35.			2300	4	D	103	14.10	140	36700
LAIKA	Kosmo	Kosmo Camper Van 6.4 Fiat Ducato Light 35.			2300	4	D	103	14.10	140	37800
LAIKA	Kosmo	Kosmo Capuchinas F510 Fiat Ducato Light 35.			2300	4	D	103	14.49	140	42900
LAIKA	Kosmo	Kosmo Integrales 909 Fiat Ducato Light 35.			2300	4	D	103	14.10	140	59100
LAIKA	Kosmo	Kosmo Integrales 909 L Fiat Ducato Light 35.			2300	4	D	103	14.10	140	59100
LAIKA	Kosmo	Kosmo Integrales 912 Fiat Ducato Light 35.			2300	4	D	103	14.10	140	59100
LAIKA	Kosmo	Kosmo Integrales Emblema 909 E Fiat Ducato Light 35.			2300	4	D	103	14.49	140	53900
LAIKA	Kosmo	Kosmo Integrales Emblema 909 LE Fiat Ducato Light 35.			2300	4	D	103	14.49	140	53900
LAIKA	Kosmo	Kosmo Integrales Emblema 912 E Fiat Ducato Light 35.			2300	4	D	103	14.49	140	53900
LAIKA	Kosmo	Kosmo Perfiladas 209 Fiat Ducato Light 35.			2300	4	D	103	14.10	140	47900
LAIKA	Kosmo	Kosmo Perfiladas 509 Fiat Ducato Light 35.			2300	4	D	103	14.10	140	48700
LAIKA	Kosmo	Kosmo Perfiladas 509 L Fiat Ducato Light 35.			2300	4	D	103	14.10	140	48700
LAIKA	Kosmo	Kosmo Perfiladas 512 Fiat Ducato Light 35.			2300	4	D	103	14.10	140	49500
LAIKA	Kosmo	Kosmo Perfiladas Emblema 209 E Fiat Ducato Light 35.			2300	4	D	103	14.49	140	51900
LAIKA	Kosmo	Kosmo Perfiladas Emblema 509 E Fiat Ducato Light 35.			2300	4	D	103	14.49	140	48900
LAIKA	Kosmo	Kosmo Perfiladas Emblema 509 LE Fiat Ducato Light 35.			2300	4	D	103	14.49	140	48900
LAIKA	Kosmo	Kosmo Perfiladas Emblema 512 E Fiat Ducato Light 35.			2300	4	D	103	14.49	140	48900
LAIKA	KREOS	KREOS 3000.			2300	4	D	100	14.49	136	61700
LAIKA	KREOS	KREOS 3000.			3000	4	D	130	16.99	176	63800
LAIKA	KREOS	KREOS 3001.			2300	4	D	100	14.49	136	62500
LAIKA	KREOS	KREOS 3001.			3000	4	D	130	16.99	176	64700
LAIKA	KREOS	KREOS 3002.			2300	4	D	100	14.49	136	62500
LAIKA	KREOS	KREOS 3002.			3000	4	D	130	16.99	176	64700
LAIKA	KREOS	KREOS 3005.			2300	4	D	100	14.49	136	62200
LAIKA	KREOS	KREOS 3005.			3000	4	D	130	16.99	176	64300
LAIKA	KREOS	KREOS 3008.			2300	4	D	96	14.49	130	63400
LAIKA	KREOS	KREOS 3008.			3000	4	D	116	16.99	157	57600
LAIKA	KREOS	KREOS 3009.			2300	4	D	96	14.49	130	55500
LAIKA	KREOS	KREOS 3009.			3000	4	D	116	16.99	157	57900
LAIKA	KREOS	KREOS 3009 S.			2300	4	D	96	14.49	130	63900
LAIKA	KREOS	KREOS 3009S.			2300	4	D	96	14.49	130	69700
LAIKA	KREOS	KREOS 3010.			2300	4	D	96	14.49	130	56400
LAIKA	KREOS	KREOS 3010.			3000	4	D	116	16.99	157	58700
LAIKA	KREOS	KREOS 3018.			2300	4	D	96	14.49	130	56400
LAIKA	KREOS	KREOS 3018.			3000	4	D	116	16.99	157	58700
LAIKA	KREOS	KREOS 4010.			2300	4	D	96	14.49	130	69700
LAIKA	KREOS	KREOS 4012.			2300	4	D	96	14.49	130	69700
LAIKA	KREOS	KREOS 5009.			2300	4	D	96	14.49	130	71900
LAIKA	KREOS	KREOS 7009.			2300	4	D	96	14.49	130	87200
LAIKA	KREOS	KREOS 7010.			2300	4	D	96	14.49	130	80700
LAIKA	KREOS	KREOS CAPUCHINOS 3001.			2300	4	D	107	14.49	146	72800
LAIKA	KREOS	KREOS CAPUCHINOS 3003.			2300	4	D	107	14.49	146	72800
LAIKA	KREOS	KREOS CAPUCHINOS 5001SL.			2300	4	D	125	14.49	170	102400
LAIKA	KREOS	KREOS INTEGRALES 7009.			2300	4	D	96	14.49	130	83600
LAIKA	KREOS	KREOS INTEGRALES 7009 50º.			2300	4	D	96	14.49	130	85200
LAIKA	KREOS	KREOS INTEGRALES 7010.			2300	4	D	96	14.49	130	83600
LAIKA	KREOS	KREOS INTEGRALES 7010 50º.			2300	4	D	96	14.49	130	85200
LAIKA	KREOS	KREOS INTEGRALES 7012.			2300	4	D	96	14.49	130	80700
LAIKA	KREOS	KREOS INTEGRALES 7019.			2300	4	D	96	14.49	130	83600
LAIKA	KREOS	KREOS PERFILADOS 3008.			2300	4	D	96	14.49	130	69700
LAIKA	KREOS	KREOS PERFILADOS 3010.			2300	4	D	96	14.49	130	64600
LAIKA	KREOS	KREOS PERFILADOS 4009.			2300	4	D	96	14.49	130	65900
LAIKA	KREOS	KREOS PERFILADOS 4009 50º.			2300	4	D	96	14.49	130	69700
LAIKA	KREOS	KREOS PERFILADOS 4010.			2300	4	D	96	14.49	130	65900
LAIKA	KREOS	KREOS PERFILADOS 4010 50º.			2300	4	D	96	14.49	130	67200
LAIKA	KREOS	KREOS PERFILADOS 4012.			2300	4	D	96	14.49	130	65900
LAIKA	KREOS	KREOS PERFILADOS 4012 50.º.			2300	4	D	96	14.49	130	67200
LAIKA	KREOS	KREOS PERFILADOS 4012 50º.			2300	4	D	96	14.49	130	67200
LAIKA	KREOS	KREOS PERFILADOS 5009.			2300	4	D	96	14.49	130	72800
LAIKA	KREOS	KREOS PERFILADOS 5009 50º.			2300	4	D	96	14.49	130	74100
LAIKA	KREOS	KREOS PERFILADOS 5010.			2300	4	D	96	14.49	130	69700
LAIKA	KREOS	KREOS PERFILADOS 5012.			2300	4	D	96	14.49	130	72800
LAIKA	LASERCAR	LASERCAR 68.	1989		2445	4	D	68	15.02	92	49600
LAIKA	LASERCAR	LASERCAR S60.	1989		2445	4	D	68	15.02	92	53600
LAIKA	LH	LH 62/14T.			2500	4	D	70	15.23	95	37900
LAIKA	LH/671/IG.	LH/671/IG.			2850	4	D	96	16.47	130	42600
LAIKA	LS	LS 56/130.	1987		2496	4	D	49	15.20	67	38700
LAIKA	REXOSLINE	REXOSLINE 600.			2300	4	D	96	14.49	130	65600
LAIKA	REXOSLINE	REXOSLINE 600.			3000	4	D	116	16.99	157	68300
LAIKA	REXOSLINE	REXOSLINE 620.			2300	4	D	96	14.49	130	65600
LAIKA	REXOSLINE	REXOSLINE 620.			3000	4	D	116	16.99	157	68300
LAIKA	REXOSLINE	REXOSLINE 650.			2300	4	D	96	14.49	130	67500
LAIKA	REXOSLINE	REXOSLINE 650.			3000	4	D	116	16.99	157	70100
LAIKA	REXOSLINE	REXOSLINE 680.			3000	4	D	116	16.99	157	71300
LAIKA	REXOSLINE	REXOSLINE 720.			2300	4	D	100	14.49	136	74300
LAIKA	REXOSLINE	REXOSLINE 721.			3000	4	D	130	16.99	176	76400
LAIKA	REXOSLINE	REXOSLINE 722.			3000	4	D	130	16.99	176	76400
LAIKA	REXOSLINE	REXOSLINE 9009 HEAVY.			2300	4	D	110	14.49	150	115700
LAIKA	T35.	T35.	2001		2681	4	D	115	15.90	156	50900
LAIKA	X	X 580.			2400	4	D	85	14.86	115	43400
LAIKA	X	X 580.			2400	4	D	103	14.86	140	46700
LAIKA	X	X 675.			2400	4	D	85	14.86	115	45100
LAIKA	X	X 675.			2400	4	D	103	14.86	140	48400
LAIKA	X	X 694.			2400	4	D	85	14.86	115	45800
LAIKA	X	X 694.			2400	4	D	103	14.86	140	49200
LAIKA	X	X 694 R.			2400	4	D	85	14.86	115	44900
LAIKA	X	X 694 R.			2400	4	D	103	14.86	140	48300
LAIKA	X	X 695.			2400	4	D	85	14.86	115	46000
LAIKA	X	X 695.			2400	4	D	103	14.86	140	49400
LAIKA	X	X 695 R.			2400	4	D	85	14.86	115	45100
LAIKA	X	X 695 R.			2400	4	D	103	14.86	140	48400
LAIKA	X	X 700.			2400	4	D	85	14.86	115	46700
LAIKA	X	X 700.			2400	4	D	103	14.86	140	49900
LAIKA	X	X 800 R.	2008		2400	4	D	103	14.86	140	67500
LAIKA	YAMC	YAMC 640 XXL.			3000	4	D	118	16.99	160	52100
LEVOYAGEUR	LV	LV 6,8 Fiat Alko 4,5 T Classic.			2300	4	D	103	14.10	140	72100
LEVOYAGEUR	LV	LV 7,2 Fiat Alko 4,5 T Classic.			2300	4	D	103	14.10	140	72800
LEVOYAGEUR	LV	LV 7,5 Fiat Alko 4,5 T Classic.			2300	4	D	103	14.10	140	76600
LEVOYAGEUR	LV	LV 7,8 Fiat Alko 4,5 T Classic.			2300	4	D	103	14.10	140	79700
LEVOYAGEUR	LV	LV 7000.			3000	4	D	120	16.99	163	106900
LEVOYAGEUR	LV	LV 7000.			3000	4	D	140	16.99	190	110700
LEVOYAGEUR	LV	LV 8,5 Fiat Alko 4,5 T Classic.			2300	4	D	103	14.10	140	90300
LEVOYAGEUR	LV	LV 8000.			3000	4	D	120	16.99	163	110700
LEVOYAGEUR	LV	LV 8000.			3000	4	D	140	16.99	190	114400
LEVOYAGEUR	LV	LV 9000.			3000	4	D	120	16.99	163	113000
LEVOYAGEUR	LV	LV 9000.			3000	4	D	140	16.99	190	117200
LEVOYAGEUR	LV	LV X5.			2200	4	D	120	14.10	163	88800
LEVOYAGEUR	LV	LV X5.			3000	4	D	140	16.99	190	92600
LEVOYAGEUR	LV	LV X6.			2200	4	D	120	14.10	163	92100
LEVOYAGEUR	LV	LV X6.			3000	4	D	140	16.99	190	95800
LEVOYAGEUR	LV	LV X7.			2200	4	D	120	14.10	163	96600
LEVOYAGEUR	LV	LV X7.			3000	4	D	140	16.99	190	100200
LEVOYAGEUR	LV	LV X8.			2200	4	D	120	14.10	163	113400
LEVOYAGEUR	LV	LV X8.			3000	4	D	140	16.99	190	117200
LEVOYAGEUR	LV	LV X8 PL.			2200	4	D	120	14.10	163	108900
LEVOYAGEUR	LV	LV X8 PL.			3000	4	D	140	16.99	190	112400
LEVOYAGEUR	LV	LV X9 PL.			2200	4	D	120	14.10	163	111300
LEVOYAGEUR	LV	LV X9 PL.			3000	4	D	140	16.99	190	115200
LEVOYAGEUR	LV10.	LV10.			2200	4	D	96	14.10	130	113800
LEVOYAGEUR	LV712.	LV712.			2200	4	D	96	14.10	130	93000
LEVOYAGEUR	LV8.	LV8.			2200	4	D	96	14.10	130	100100
LEVOYAGEUR	LV9.	LV9.			2200	4	D	96	14.10	130	109100
LEVOYAGEUR	LVX	LVX 8 SL.			2200	4	D	120	14.10	163	115200
LEVOYAGEUR	LVX	LVX 8 SL.			3000	4	D	140	16.99	190	119000
LEVOYAGEUR	LVX10	LVX10 1.			2200	4	D	120	14.10	163	130500
LEVOYAGEUR	LVX10	LVX10 1.			3000	4	D	140	16.99	190	134300
LEVOYAGEUR	LVX9.	LVX9.			2200	4	D	120	14.10	163	117200
LEVOYAGEUR	LVX9.	LVX9.			3000	4	D	140	16.99	190	121000
LEVOYAGEUR	RX	RX 10 PL.			3000	4	D	120	16.99	163	126200
LEVOYAGEUR	RX	RX 10 PL.			3000	4	D	140	16.99	190	129900
LEVOYAGEUR	RX	RX 1000.			3000	4	D	140	16.99	190	146900
LEVOYAGEUR	RX	RX 11 PL.			3000	4	D	120	16.99	163	128900
LEVOYAGEUR	RX	RX 11 PL.			3000	4	D	140	16.99	190	132600
LEVOYAGEUR	RX	RX 1100.			3000	4	D	140	16.99	190	148800
LEVOYAGEUR	RX	RX 1200.			3000	4	D	140	16.99	190	150600
LEVOYAGEUR	RX	RX 8 PL.			3000	4	D	120	16.99	163	111600
LEVOYAGEUR	RX	RX 8 PL.			3000	4	D	140	16.99	190	115300
LEVOYAGEUR	RX	RX 9 PL.			3000	4	D	120	16.99	163	114400
LEVOYAGEUR	RX	RX 9 PL.			3000	4	D	140	16.99	190	118100
LMC	A	A 694.			2287	4	D	96	14.44	130	63600
LMC	BREEZER	BREEZER A674G.			2287	4	D	96	14.44	130	61700
LMC	CRUISER	CRUISER CONFORT T 692.	2019		2287	4	D	110	14.43	150	77000
LMC	FINISH	FINISH 640 G.			3000	4	D	118	16.99	160	58600
LMC	FINISH	FINISH 700 G.			2300	4	D	96	14.49	130	61300
LMC	FINISH	FINISH 7205 G.			2200	4	D	92	14.10	125	66600
LMC	FINISH	FINISH 7305 G.			2200	4	D	92	14.10	125	67300
LMC	FINISH	FINISH 7405 G.			2200	4	D	110	14.10	150	74300
LMC	FINISH	FINISH TI 6600.			2200	4	D	74	14.10	100	60900
LMC	FINISH	FINISH TI 6850.			2200	4	D	74	14.10	100	61900
LMC	FINISH	FINISH TI 7100.			2200	4	D	74	14.10	100	61900
LMC	FINISH	FINISH TI 7105.			2200	4	D	92	14.10	125	66100
LMC	LIBERTY.	LIBERTY.	2001		2800	4	D	94	16.30	128	54100
LMC	LIBERTY	LIBERTY 290.	1991		2500	4	D	70	15.23	95	47000
LMC	LIBERTY	LIBERTY 6900I (MERCEDES 412).	1996		2974	5	D	90	18.10	122	61500
LMC	LYBERTY	LYBERTY 6400.	1990		2445	4	D	68	15.03	92	46900
LMC	START	START A 531.			2200	4	D	118	14.10	160	47000
LMC	START	START A 561 G.			2200	4	D	74	14.10	100	47600
LMC	START	START A 598.			2400	4	D	85	14.86	115	53500
LMC	START	START A 608.			2400	4	D	85	14.86	115	45600
LMC	START	START A 638.			2400	4	D	85	14.86	115	45500
LMC	START	START A 651 G.			2200	4	D	74	14.10	100	47500
LMC	START	START A 661 G.			2200	4	D	74	14.10	100	49000
LMC	START	START A 671 G.			2200	4	D	74	14.10	100	49200
LMC	START	START A 698 G.			2400	4	D	85	14.86	115	52200
LMC	START	START TI 582.			2200	4	D	74	14.10	100	48900
LMC	START	START TI 618 G.			2400	4	D	85	14.86	115	45100
LMC	START	START TI 642.			2200	4	D	74	14.10	100	50600
LMC	START	START TI 662.			2200	4	D	74	14.10	100	48100
LMC	START	START TI 688 G.			2400	4	D	85	14.86	115	48100
LMC	START	START TI 708 G.			2400	4	D	85	14.86	115	49700
LMC	X	X 700.			2400	4	D	85	14.86	115	47900
MALIBU	540.	540.			2300	4	D	96	14.49	130	42300
MALIBU	600	600 DB CHARMING.			2300	4	D	96	14.49	130	44000
MALIBU	600	600 DB2.			2300	4	D	96	14.49	130	42600
MALIBU	600	600 DB2 LOW BED.			2300	4	D	96	14.49	130	43500
MALIBU	600	600 DSB 4.			2300	4	D	96	14.49	130	44900
MALIBU	600	600 LE.			2300	4	D	96	14.49	130	44800
MALIBU	640	640 LE.			2300	4	D	96	14.49	130	45600
MALIBU	640	640 LE CHARMING.			2300	4	D	96	14.49	130	46900
MALIBU	Van	Van charming 600 DB Fiat Ducato 33 light.			2300	4	D	96	14.49	130	39300
MALIBU	Van	Van charming 640 LE Fiat Ducato 35 light.			2300	4	D	96	14.49	130	41500
MALIBU	Van	Van charming 640 LE RB Fiat Ducato 35 light.			2300	4	D	96	14.49	130	42800
MALIBU	Van	Van charming GT skyview 600 DB Fiat Ducato 33 light.			2300	4	D	96	14.49	130	40500
MALIBU	Van	Van charming GT skyview 640 LE Fiat Ducato 35 light.			2300	4	D	96	14.49	130	43500
MALIBU	Van	Van charming GT skyview 640 LE RB Fiat Ducato 35 light.			2300	4	D	96	14.49	130	44800
MALIBU	Van	Van comfort 600 DB Fiat Ducato 33 light.			2300	4	D	96	14.49	130	36600
MALIBU	Van	Van comfort 640 LE Fiat Ducato 35 light.			2300	4	D	96	14.49	130	38800
MALIBU	Van	Van compact 540 DB Fiat Ducato 33 light.			2300	4	D	96	14.49	130	36300
MALIBU	Van	Van compact 600 LE low bed Fiat Ducato 33 light.			2300	4	D	96	14.49	130	38000
MALIBU	Van	Van family-for-4 600 DB Fiat Ducato 33 light.			2300	4	D	96	14.49	130	39700
MALIBU	Van	Van family-for-4 640 LE Fiat Ducato 35 light.			2300	4	D	96	14.49	130	41800
MALIBU	Van	Van family-for-4 640 LE RB Fiat Ducato 35 light.			2300	4	D	96	14.49	130	43300
MALIBU	Van	Van family-for-4 charming 600 DB Fiat Ducato 33 light.			2300	4	D	96	14.49	130	42300
MALIBU	Van	Van family-for-4 charming 640 LE Fiat Ducato 35 light.			2300	4	D	96	14.49	130	44500
MALIBU	Van	Van family-for-4 charming 640 LE RB Fiat Ducato 35 light.			2300	4	D	96	14.49	130	45800
MALIBU	Van	Van family-for-4 charming GT skyview 600 DB Fiat Ducato 33 light.			2300	4	D	96	14.49	130	43600
MALIBU	Van	Van family-for-4 charming GT skyview 640 LE Fiat Ducato 35 light.			2300	4	D	96	14.49	130	46400
MALIBU	Van	Van family-for-4 charming GT skyview 640 LE RB Fiat Ducato 35 light.			2300	4	D	96	14.49	130	47900
MALIBU	Van	Van first class - two rooms 640 LE RB Fiat Ducato 35 light.			2300	4	D	96	14.49	130	40200
MCLOUIS	363.	363.	2003		2800	4	D	94	16.30	127	47000
MCLOUIS	430.	430.	2000		1905	4	D	66	12.94	90	42000
MCLOUIS	460.	460.	2001		1905	4	D	66	12.94	90	44100
MCLOUIS	690.	690.			2800	4	D	90	16.30	122	45100
MCLOUIS	430	430 (FIAT).	2002		1997	4	D	62	13.31	84	43100
MCLOUIS	GLAMYS	GLAMYS 11.			2000	4	D	85	13.32	115	36300
MCLOUIS	GLAMYS	GLAMYS 11.			2300	4	D	96	14.49	130	37500
MCLOUIS	GLAMYS	GLAMYS 14.			2000	4	D	85	13.32	115	37000
MCLOUIS	GLAMYS	GLAMYS 14.			2300	4	D	96	14.49	130	38300
MCLOUIS	GLAMYS	GLAMYS 22.			2300	4	D	110	14.49	150	41300
MCLOUIS	GLAMYS	GLAMYS 22.			2300	4	D	96	14.49	130	45300
MCLOUIS	GLAMYS	GLAMYS 22 35L MTJ.			2300	4	D	96	14.49	130	43900
MCLOUIS	GLAMYS	GLAMYS 220 FIAT DUCATO JTD.			2300	4	D	88	14.49	120	36800
MCLOUIS	GLAMYS	GLAMYS 222 FIAT DUCATO JTD.			2300	4	D	88	14.49	120	37200
MCLOUIS	GLAMYS	GLAMYS 223 FIAT DUCATO JTD.			2300	4	D	88	14.49	120	37900
MCLOUIS	GLAMYS	GLAMYS 226.	2022		2000	4	D	114	13.32	155	59700
MCLOUIS	GLAMYS	GLAMYS 226 FIAT DUCATO JTD.			2300	4	D	88	14.49	120	37200
MCLOUIS	GLAMYS	GLAMYS 23.			2300	4	D	96	14.49	130	46600
MCLOUIS	GLAMYS	GLAMYS 25 G.			2300	4	D	110	14.49	150	40900
MCLOUIS	GLAMYS	GLAMYS 25 G.			2300	4	D	96	14.49	130	39800
MCLOUIS	GLAMYS	GLAMYS 26 G 35L MTJ.			2300	4	D	96	14.49	130	43700
MCLOUIS	GLAMYS	GLAMYS 265 FIAT DUCATO JTD.			2300	4	D	88	14.49	120	37200
MCLOUIS	GLAMYS	GLAMYS 26G.			2300	4	D	96	14.49	130	45300
MCLOUIS	GLAMYS	GLAMYS 320.	2024		2000	4	D	96	13.32	130	51400
MCLOUIS	GLAMYS	GLAMYS 322.	2024		2000	4	D	96	13.32	130	54600
MCLOUIS	GLAMYS	GLAMYS 40.			2300	4	D	96	14.49	130	45300
MCLOUIS	GLAMYS	GLAMYS 40 35L MTJ.			2300	4	D	96	14.49	130	43700
MCLOUIS	GLAMYS	GLAMYS 54 G.			2300	4	D	110	14.49	150	39300
MCLOUIS	GLAMYS	GLAMYS 54 G.			2000	4	D	85	13.32	115	37900
MCLOUIS	GLAMYS	GLAMYS 63.			2000	4	D	85	13.32	115	39100
MCLOUIS	GLAMYS	GLAMYS 63.			2300	4	D	96	14.49	130	40400
MCLOUIS	GLAMYS	GLAMYS 72.			2000	4	D	85	13.32	115	38800
MCLOUIS	GLAMYS	GLAMYS 72.			2300	4	D	96	14.49	130	40200
MCLOUIS	GLAMYS	GLAMYS 73G.			2300	4	D	96	14.49	130	43900
MCLOUIS	Glamys	Glamys Capuchinas 220 Citroën Jumper.			2200	4	D	103	14.10	140	42100
MCLOUIS	Glamys	Glamys Capuchinas 220 Fiat Ducato JTD.			2200	4	D	103	14.10	140	43200
MCLOUIS	Glamys	Glamys Capuchinas 220 Ford Transit.			2000	4	D	96	14.10	130	40000
MCLOUIS	Glamys	Glamys Capuchinas 222 Citroën Jumper.			2200	4	D	103	14.10	140	42500
MCLOUIS	Glamys	Glamys Capuchinas 222 Fiat Ducato JTD.			2200	4	D	103	14.10	140	43600
MCLOUIS	Glamys	Glamys Capuchinas 222 Ford Transit.			2000	4	D	96	14.10	130	40300
MCLOUIS	Glamys	Glamys Capuchinas 223 Citroën Jumper.			2200	4	D	103	14.10	140	43400
MCLOUIS	Glamys	Glamys Capuchinas 223 Fiat Ducato JTD.			2200	4	D	103	14.10	140	44400
MCLOUIS	Glamys	Glamys Capuchinas 226 Citroën Jumper.			2200	4	D	103	14.10	140	42500
MCLOUIS	Glamys	Glamys Capuchinas 226 Fiat Ducato JTD.			2200	4	D	103	14.10	140	43600
MCLOUIS	Glamys	Glamys Capuchinas 226 Ford Transit.			2000	4	D	96	14.10	130	40300
MCLOUIS	Glamys	Glamys Capuchinas 265 Citroën Jumper.			2200	4	D	103	14.10	140	42500
MCLOUIS	Glamys	Glamys Capuchinas 265 Fiat Ducato JTD.			2200	4	D	103	14.10	140	43600
MCLOUIS	Glamys	Glamys Capuchinas 265 Ford Transit.			2000	4	D	96	14.10	130	40300
MCLOUIS	GLAMYS	GLAMYS CAPUCHINAS 320 Citroën Jumper.			2200	4	D	103	14.10	140	40500
MCLOUIS	GLAMYS	GLAMYS CAPUCHINAS 320 Fiat Ducato JTD.			2200	4	D	103	14.10	140	43700
MCLOUIS	GLAMYS	GLAMYS CAPUCHINAS 322 Citroën Jumper.			2200	4	D	103	14.10	140	40900
MCLOUIS	GLAMYS	GLAMYS CAPUCHINAS 322 Fiat Ducato JTD.			2200	4	D	103	14.10	140	44100
MCLOUIS	GLAMYS	GLAMYS CAPUCHINAS 365 Citroën Jumper.			2200	4	D	103	14.10	140	40900
MCLOUIS	GLAMYS	GLAMYS CAPUCHINAS 365 Fiat Ducato JTD.			2200	4	D	103	14.10	140	44100
MCLOUIS	GLEN	GLEN 264.	2006		2300	4	D	81	14.43	110	47500
MCLOUIS	GLEN	GLEN 363.	2004		2800	4	D	94	16.30	127	46100
MCLOUIS	GLEN	GLEN 364G.	2005		2800	4	D	94	16.30	127	51700
MCLOUIS	GLEN	GLEN 430 VV.	2004		1997	4	D	62	13.30	84	44300
MCLOUIS	GLEN	GLEN 430 VV 2.8.	2004		2800	4	D	94	16.30	127	49800
MCLOUIS	GLEN	GLEN 431.	2002		2000	4	D	62	13.30	84	41800
MCLOUIS	GLEN	GLEN 560 V.V.	2003		2800	4	D	94	16.30	127	49800
MCLOUIS	GLEN	GLEN P210.	2006		2300	4	D	81	14.43	110	44600
MCLOUIS	LAGAN	LAGAN 202.			2200	4	D	74	14.10	100	35200
MCLOUIS	LAGAN	LAGAN 202.			2300	4	D	96	14.49	130	37400
MCLOUIS	LAGAN	LAGAN 211.			2200	4	D	74	14.10	100	33800
MCLOUIS	LAGAN	LAGAN 211.			2300	4	D	96	14.49	130	36100
MCLOUIS	LAGAN	LAGAN 220.			2200	4	D	74	14.10	100	37000
MCLOUIS	LAGAN	LAGAN 220.			2300	4	D	96	14.49	130	39200
MCLOUIS	LAGAN	LAGAN 225 Q.			2200	4	D	74	14.10	100	37000
MCLOUIS	LAGAN	LAGAN 225 Q.			2300	4	D	96	14.49	130	39100
MCLOUIS	LAGAN	LAGAN 251.	2003		2000	4	D	84	13.30	114	47000
MCLOUIS	LAGAN	LAGAN 254 G.			2200	4	D	74	14.10	100	35200
MCLOUIS	LAGAN	LAGAN 254 G.			2300	4	D	96	14.49	130	37300
MCLOUIS	LAGAN	LAGAN 256.			2200	4	D	74	14.10	100	36400
MCLOUIS	LAGAN	LAGAN 263.			2200	4	D	74	14.10	100	37000
MCLOUIS	LAGAN	LAGAN 263.			2300	4	D	96	14.49	130	39100
MCLOUIS	LAGAN	LAGAN 411.	2005		2300	4	D	81	14.49	110	51300
MCLOUIS	LAGAN	LAGAN M110.	2006		2300	4	D	81	14.43	110	49900
MCLOUIS	M110	M110 10.	2005		2800	4	D	107	14.29	146	52900
MCLOUIS	M110	M110 6.	2006		2000	4	D	62	13.32	84	47900
MCLOUIS	MC	MC VAN 1.			2000	4	D	85	13.32	115	38800
MCLOUIS	MC	MC VAN 1.			2300	4	D	96	14.49	130	40200
MCLOUIS	MC	MC VAN 2.			2000	4	D	85	13.32	115	39900
MCLOUIS	MC	MC VAN 2.			2300	4	D	96	14.49	130	41100
MCLOUIS	MC	MC VAN 2 kW.			2287	4	D	96	14.44	130	46500
MCLOUIS	MC	MC VAN 3.			2000	4	D	85	13.32	115	40100
MCLOUIS	MC	MC VAN 3.			2300	4	D	96	14.49	130	41300
MCLOUIS	MC10	MC10 68 GOLD.			2300	4	D	96	14.49	130	47300
MCLOUIS	Mc10	Mc10 860 Fiat Ducato 2,2 L JTD.			2200	4	D	103	14.10	140	47000
MCLOUIS	MC11	MC11 73 G GOLD.			2300	4	D	96	14.49	130	48300
MCLOUIS	Mc11	Mc11 865 Fiat Ducato 2,2 L JTD.			2200	4	D	103	14.10	140	47000
MCLOUIS	MC12	MC12 74 G GOLD.			2300	4	D	96	14.49	130	48300
MCLOUIS	Mc12	Mc12 870 Fiat Ducato 2,2 L JTD.			2200	4	D	103	14.10	140	47000
MCLOUIS	MC13	MC13 75 G GOLD.			2300	4	D	96	14.49	130	48100
MCLOUIS	Mc13	Mc13 873 Fiat Ducato 2,2 L JTD.			2200	4	D	103	14.10	140	47000
MCLOUIS	MC14	MC14 77 G GOLD.			2300	4	D	96	14.49	130	48300
MCLOUIS	Mc14	Mc14 879 Fiat Ducato 2,2 L JTD.			2200	4	D	103	14.10	140	48500
MCLOUIS	MC15	MC15 79 GOLD.			2300	4	D	96	14.49	130	48300
MCLOUIS	Mc15	Mc15 881 Fiat Ducato 2,2 L JTD.			2200	4	D	103	14.10	140	48900
MCLOUIS	Mc16	Mc16 321 Ford Transit 2.0.			2000	4	D	96	13.32	130	42400
MCLOUIS	MC16	MC16 80 GOLD.			2300	4	D	96	14.49	130	48100
MCLOUIS	Mc17	Mc17 360 Ford Transit 2.0.			2000	4	D	96	13.32	130	42400
MCLOUIS	Mc18	Mc18 365 Ford Transit 2.0.			2000	4	D	96	13.32	130	42400
MCLOUIS	Mc19	Mc19 373 Ford Transit 2.0.			2000	4	D	96	13.32	130	42900
MCLOUIS	MC2	MC2 22 35L MTJ.			2300	4	D	96	14.49	130	45000
MCLOUIS	MC2	MC2 60 G 35L MTJ.			2300	4	D	96	14.49	130	44100
MCLOUIS	MC2	MC2 72 35L MTJ.			2300	4	D	96	14.49	130	44200
MCLOUIS	MC2	MC2 73 35L MTJ.			2300	4	D	96	14.49	130	44300
MCLOUIS	Mc20	Mc20 379 Ford Transit 2.0.			2000	4	D	96	13.32	130	43900
MCLOUIS	Mc21	Mc21 381 Ford Transit 2.0.			2000	4	D	96	13.32	130	44400
MCLOUIS	Mc23	Mc23 865 Ford Transit 2.0.			2000	4	D	96	13.32	130	45000
MCLOUIS	Mc24	Mc24 870 Ford Transit 2.0.			2000	4	D	96	13.32	130	45500
MCLOUIS	Mc25	Mc25 873 Ford Transit 2.0.			2000	4	D	96	13.32	130	45500
MCLOUIS	Mc26	Mc26 879 Ford Transit 2.0.			2000	4	D	96	13.32	130	46500
MCLOUIS	Mc27	Mc27 881 Ford Transit 2.0.			2000	4	D	96	13.32	130	47000
MCLOUIS	MC4	MC4 22 GOLD.			2300	4	D	96	14.49	130	48000
MCLOUIS	Mc4	Mc4 221 Citroën Jumper.			2200	4	D	103	14.10	140	43300
MCLOUIS	Mc4	Mc4 221 Fiat Ducato JTD.			2200	4	D	103	14.10	140	44300
MCLOUIS	MC4	MC4 221 Fiat Ducato JTD.			2300	4	D	88	14.49	120	37800
MCLOUIS	Mc4	Mc4 221 Ford Transit.			2000	4	D	96	13.32	130	41100
MCLOUIS	MC4	MC4 230 Fiat Ducato JTD.			2300	4	D	88	14.49	120	37600
MCLOUIS	MC4	MC4 231.	2024		2000	4	D	96	13.32	130	49100
MCLOUIS	Mc4	Mc4 231 Citroën Jumper.			2200	4	D	103	14.10	140	40600
MCLOUIS	Mc4	Mc4 231 Fiat Ducato JTD.			2200	4	D	103	14.10	140	41600
MCLOUIS	MC4	MC4 231 Fiat Ducato JTD.			2300	4	D	88	14.49	120	35500
MCLOUIS	Mc4	Mc4 231 Ford Transit.			2200	4	D	96	14.10	130	38300
MCLOUIS	MC4	MC4 233 Fiat Ducato JTD.			2300	4	D	88	14.49	120	36100
MCLOUIS	Mc4	Mc4 237 Citroën Jumper.			2200	4	D	103	14.10	140	42100
MCLOUIS	Mc4	Mc4 237 Fiat Ducato JTD.			2200	4	D	103	14.10	140	43200
MCLOUIS	MC4	MC4 237 Fiat Ducato JTD.			2300	4	D	88	14.49	120	36800
MCLOUIS	Mc4	Mc4 239 Citroën Jumper.			2200	4	D	103	14.10	140	41300
MCLOUIS	Mc4	Mc4 239 Fiat Ducato JTD.			2200	4	D	103	14.10	140	42300
MCLOUIS	MC4	MC4 239 Fiat Ducato JTD.			2300	4	D	88	14.49	120	36100
MCLOUIS	Mc4	Mc4 260 Citroën Jumper.			2200	4	D	103	14.10	140	42400
MCLOUIS	Mc4	Mc4 260 Fiat Ducato JTD.			2200	4	D	103	14.10	140	43500
MCLOUIS	MC4	MC4 260 Fiat Ducato JTD.			2300	4	D	88	14.49	120	37100
MCLOUIS	Mc4	Mc4 260 Ford Transit.			2000	4	D	96	13.32	130	40200
MCLOUIS	Mc4	Mc4 262 Citroën Jumper.			2200	4	D	103	14.10	140	44400
MCLOUIS	Mc4	Mc4 262 Fiat Ducato JTD.			2200	4	D	103	14.10	140	45400
MCLOUIS	MC4	MC4 262 Fiat Ducato JTD.			2300	4	D	88	14.49	120	38800
MCLOUIS	Mc4	Mc4 265 Citroën Jumper.			2200	4	D	103	14.10	140	42400
MCLOUIS	Mc4	Mc4 265 Fiat Ducato JTD.			2200	4	D	103	14.10	140	43500
MCLOUIS	MC4	MC4 265 Fiat Ducato JTD.			2300	4	D	88	14.49	120	37100
MCLOUIS	MC4	MC4 270 Fiat Ducato JTD.			2300	4	D	88	14.49	120	37900
MCLOUIS	Mc4	Mc4 273 Citroën Jumper.			2200	4	D	103	14.10	140	42900
MCLOUIS	Mc4	Mc4 273 Fiat Ducato JTD.			2200	4	D	103	14.10	140	44000
MCLOUIS	MC4	MC4 273 Fiat Ducato JTD.			2300	4	D	88	14.49	120	37600
MCLOUIS	Mc4	Mc4 273 Ford Transit.			2000	4	D	96	13.32	130	40700
MCLOUIS	MC4	MC4 279.	2022		2000	4	D	125	13.32	170	62200
MCLOUIS	Mc4	Mc4 279 Citroën Jumper.			2200	4	D	103	14.10	140	44000
MCLOUIS	Mc4	Mc4 279 Fiat Ducato JTD.			2200	4	D	103	14.10	140	45000
MCLOUIS	MC4	MC4 279 Fiat Ducato JTD.			2300	4	D	88	14.49	120	38400
MCLOUIS	Mc4	Mc4 279 Ford Transit.			2000	4	D	96	13.32	130	41700
MCLOUIS	MC4	MC4 281.	2022		2200	4	D	121	14.10	165	67800
MCLOUIS	Mc4	Mc4 281 Citroën Jumper.			2200	4	D	103	14.10	140	44400
MCLOUIS	Mc4	Mc4 281 Fiat Ducato JTD.			2200	4	D	103	14.10	140	45400
MCLOUIS	MC4	MC4 281 Fiat Ducato JTD.			2300	4	D	88	14.49	120	38800
MCLOUIS	Mc4	Mc4 281 Ford Transit.			2000	4	D	96	13.32	130	42200
MCLOUIS	MC4	MC4 32 35L MTJ.			2300	4	D	96	14.49	130	44200
MCLOUIS	Mc4	Mc4 321 Citroën Jumper.			2200	4	D	103	14.10	140	41600
MCLOUIS	Mc4	Mc4 321 Fiat Ducato JTD.			2200	4	D	103	14.10	140	44300
MCLOUIS	Mc4	Mc4 321 Ford Transit 2.0.			2000	4	D	96	13.32	130	42400
MCLOUIS	MC4	MC4 33 GOLD.			2300	4	D	96	14.49	130	47500
MCLOUIS	Mc4	Mc4 331 Citroën Jumper.			2200	4	D	103	14.10	140	39700
MCLOUIS	Mc4	Mc4 331 Fiat Ducato JTD.			2200	4	D	103	14.10	140	44400
MCLOUIS	Mc4	Mc4 339 Citroën Jumper.			2200	4	D	103	14.10	140	40400
MCLOUIS	Mc4	Mc4 339 Fiat Ducato JTD.			2200	4	D	103	14.10	140	43100
MCLOUIS	MC4	MC4 34 GOLD.			2300	4	D	96	14.49	130	47500
MCLOUIS	MC4	MC4 36.			2300	4	D	110	14.49	150	44600
MCLOUIS	MC4	MC4 36.			2300	4	D	96	14.49	130	43700
MCLOUIS	MC4	MC4 360.	2024		2000	4	D	96	13.32	130	55100
MCLOUIS	Mc4	Mc4 360 Citroën Jumper.			2200	4	D	103	14.10	140	41500
MCLOUIS	Mc4	Mc4 360 Fiat Ducato JTD.			2200	4	D	103	14.10	140	44200
MCLOUIS	Mc4	Mc4 360 Ford Transit.			2000	4	D	96	13.32	130	40900
MCLOUIS	Mc4	Mc4 365 Citroën Jumper.			2200	4	D	103	14.10	140	41500
MCLOUIS	Mc4	Mc4 365 Fiat Ducato JTD.			2200	4	D	103	14.10	140	44200
MCLOUIS	Mc4	Mc4 365 Ford Transit 2.0.			2000	4	D	96	13.32	130	42400
MCLOUIS	MC4	MC4 37 GOLD.			2300	4	D	96	14.49	130	47500
MCLOUIS	MC4	MC4 373.	2024		2000	4	D	96	13.32	130	55600
MCLOUIS	Mc4	Mc4 373 Citroën Jumper.			2200	4	D	103	14.10	140	42000
MCLOUIS	Mc4	Mc4 373 Fiat Ducato JTD.			2200	4	D	103	14.10	140	44700
MCLOUIS	Mc4	Mc4 373 Ford Transit.			2000	4	D	96	13.32	130	41400
MCLOUIS	MC4	MC4 379.	2024		2000	4	D	96	13.32	130	56800
MCLOUIS	Mc4	Mc4 379 Citroën Jumper.			2200	4	D	103	14.10	140	43100
MCLOUIS	Mc4	Mc4 379 Fiat Ducato JTD.			2200	4	D	103	14.10	140	45700
MCLOUIS	Mc4	Mc4 379 Ford Transit.			2000	4	D	96	13.32	130	42300
MCLOUIS	MC4	MC4 381.	2024		2000	4	D	96	13.32	130	57000
MCLOUIS	Mc4	Mc4 381 Citroën Jumper.			2200	4	D	103	14.10	140	43500
MCLOUIS	Mc4	Mc4 381 Fiat Ducato JTD.			2200	4	D	103	14.10	140	46100
MCLOUIS	Mc4	Mc4 381 Ford Transit.			2000	4	D	96	13.32	130	42800
MCLOUIS	MC4	MC4 60.			2300	4	D	110	14.49	150	44900
MCLOUIS	MC4	MC4 60.			2300	4	D	96	14.49	130	43900
MCLOUIS	MC4	MC4 60 G 35L MTJ.			2300	4	D	96	14.49	130	48000
MCLOUIS	MC4	MC4 62.			2300	4	D	110	14.49	150	43800
MCLOUIS	MC4	MC4 62.			2300	4	D	96	14.49	130	42600
MCLOUIS	MC4	MC4 63.			2300	4	D	110	14.49	150	44300
MCLOUIS	MC4	MC4 63.			2300	4	D	96	14.49	130	43200
MCLOUIS	MC4	MC4 68 GOLD.			2300	4	D	96	14.49	130	48000
MCLOUIS	MC4	MC4 69 35L MTJ.			2300	4	D	96	14.49	130	47200
MCLOUIS	MC4	MC4 71.			2300	4	D	110	14.49	150	44500
MCLOUIS	MC4	MC4 71.			2300	4	D	96	14.49	130	43400
MCLOUIS	MC4	MC4 73G 35L MTJ.			2300	4	D	96	14.49	130	49000
MCLOUIS	MC4	MC4 74 G.			2300	4	D	110	14.49	150	45800
MCLOUIS	MC4	MC4 74 G.			2300	4	D	96	14.49	130	44700
MCLOUIS	MC4	MC4 74G 35L MTJ.			2300	4	D	96	14.49	130	48700
MCLOUIS	MC4	MC4 75.			2300	4	D	110	14.49	150	45200
MCLOUIS	MC4	MC4 75.			2300	4	D	96	14.49	130	44200
MCLOUIS	MC4	MC4 75 35L MTJ.			2300	4	D	96	14.49	130	48800
MCLOUIS	MC4	MC4 78 35L MTJ.			2300	4	D	96	14.49	130	48300
MCLOUIS	MC4	MC4 79 GOLD.			2300	4	D	96	14.49	130	49000
MCLOUIS	MC4	MC4 80 35L MTJ.			2300	4	D	96	14.49	130	49000
MCLOUIS	Mc4	Mc4 860 Citroën Jumper.			2200	4	D	103	14.10	140	46200
MCLOUIS	Mc4	Mc4 860 Fiat Ducato JTD.			2200	4	D	103	14.10	140	47300
MCLOUIS	MC4	MC4 860 Fiat Ducato JTD.			2300	4	D	88	14.49	120	40400
MCLOUIS	Mc4	Mc4 860 Ford Transit 2.0.			2000	4	D	96	13.32	130	45000
MCLOUIS	Mc4	Mc4 862 Citroën Jumper.			2200	4	D	103	14.10	140	48200
MCLOUIS	Mc4	Mc4 862 Fiat Ducato JTD.			2200	4	D	103	14.10	140	49200
MCLOUIS	MC4	MC4 8623 Fiat Ducato JTD.			2300	4	D	88	14.49	120	42100
MCLOUIS	Mc4	Mc4 865 Citroën Jumper.			2200	4	D	103	14.10	140	46200
MCLOUIS	Mc4	Mc4 865 Fiat Ducato JTD.			2200	4	D	103	14.10	140	47300
MCLOUIS	MC4	MC4 865 Fiat Ducato JTD.			2300	4	D	88	14.49	120	40400
MCLOUIS	Mc4	Mc4 865 Ford Transit 2.0.			2000	4	D	96	13.32	130	45000
MCLOUIS	MC4	MC4 870.	2024		2200	4	D	103	14.10	140	63200
MCLOUIS	Mc4	Mc4 870 Citroën Jumper.			2200	4	D	103	14.10	140	47200
MCLOUIS	Mc4	Mc4 870 Fiat Ducato JTD.			2200	4	D	103	14.10	140	48200
MCLOUIS	MC4	MC4 870 Fiat Ducato JTD.			2300	4	D	88	14.49	120	41200
MCLOUIS	Mc4	Mc4 870 Ford Transit 2.0.			2000	4	D	96	13.32	130	45500
MCLOUIS	Mc4	Mc4 873 Citroën Jumper.			2200	4	D	103	14.10	140	46700
MCLOUIS	Mc4	Mc4 873 Fiat Ducato JTD.			2200	4	D	103	14.10	140	47800
MCLOUIS	MC4	MC4 873 Fiat Ducato JTD.			2300	4	D	88	14.49	120	40900
MCLOUIS	Mc4	Mc4 873 Ford Transit 2.0.			2000	4	D	96	13.32	130	45500
MCLOUIS	Mc4	Mc4 875 Citroën Jumper.			2200	4	D	103	14.10	140	47600
MCLOUIS	Mc4	Mc4 875 Fiat Ducato JTD.			2200	4	D	103	14.10	140	48500
MCLOUIS	MC4	MC4 875 Fiat Ducato JTD.			2300	4	D	88	14.49	120	41600
MCLOUIS	MC4	MC4 879.	2022		2200	4	D	103	14.10	140	79700
MCLOUIS	Mc4	Mc4 879 Citroën Jumper.			2200	4	D	103	14.10	140	47700
MCLOUIS	Mc4	Mc4 879 Fiat Ducato JTD.			2200	4	D	103	14.10	140	48700
MCLOUIS	MC4	MC4 879 Fiat Ducato JTD.			2300	4	D	88	14.49	120	41700
MCLOUIS	Mc4	Mc4 879 Ford Transit 2.0.			2000	4	D	96	13.32	130	46500
MCLOUIS	Mc4	Mc4 881 Citroën Jumper.			2200	4	D	103	14.10	140	48200
MCLOUIS	Mc4	Mc4 881 Fiat Ducato JTD.			2200	4	D	103	14.10	140	49200
MCLOUIS	MC4	MC4 881 Fiat Ducato JTD.			2300	4	D	88	14.49	120	42100
MCLOUIS	Mc4	Mc4 881 Ford Transit 2.0.			2000	4	D	96	13.32	130	47000
MCLOUIS	MC5	MC5 33 GOLD.			2300	4	D	96	14.49	130	46800
MCLOUIS	Mc5	Mc5 360 Fiat Ducato 2,2 L JTD.			2200	4	D	103	14.10	140	44400
MCLOUIS	MC6	MC6 34 GOLD.			2300	4	D	96	14.49	130	46800
MCLOUIS	Mc6	Mc6 365 Fiat Ducato 2,2 L JTD.			2200	4	D	103	14.10	140	44400
MCLOUIS	MC7	MC7 37 GOLD.			2300	4	D	96	14.49	130	46800
MCLOUIS	Mc7	Mc7 373 Fiat Ducato 2,2 L JTD.			2200	4	D	103	14.10	140	44800
MCLOUIS	Mc8	Mc8 379 Fiat Ducato 2,2 L JTD.			2200	4	D	103	14.10	140	45900
MCLOUIS	MC8	MC8 60 GOLD.			2300	4	D	96	14.49	130	47300
MCLOUIS	Mc9	Mc9 381 Fiat Ducato 2,2 L JTD.			2200	4	D	103	14.10	140	46300
MCLOUIS	MC9	MC9 65 GOLD.			2300	4	D	96	14.49	130	47300
MCLOUIS	MCLC	MCLC EC AEB.			2800	4	D	94	16.30	127	45400
MCLOUIS	MCLC	MCLC EC/244.			2800	4	D	94	16.30	128	44300
MCLOUIS	MENFYS	MENFYS 3 MAXI.	2024		2200	4	D	103	14.10	140	52300
MCLOUIS	MENFYS	MENFYS 3 MAXI PRESTIGE.	2024		2200	4	D	103	14.10	140	58200
MCLOUIS	MENFYS	MENFYS 3 MAXI S-LINE.	2022		2200	4	D	103	14.10	140	57200
MCLOUIS	MENFYS	MENFYS 3 MAXI S-LINE.	2024		2200	4	D	103	14.10	140	57500
MCLOUIS	MENFYS	MENFYS 4 CS S-LINE.	2024		2200	4	D	103	14.10	140	52100
MCLOUIS	MENFYS	MENFYS 5 S-LINE.	2024		2200	4	D	103	14.10	140	52500
MCLOUIS	Menfys	Menfys Van 1 Citroën Jumper 33 L.			2200	4	D	88	14.10	120	35300
MCLOUIS	MENFYS	MENFYS VAN 1 CS PRESTIGE.			2300	4	D	96	14.49	130	42100
MCLOUIS	MENFYS	MENFYS VAN 1 CS S-LINE.			2300	4	D	96	14.49	130	37600
MCLOUIS	Menfys	Menfys Van 1 Fiat Ducato 33 JTD.			2200	4	D	88	14.10	120	35900
MCLOUIS	MENFYS	MENFYS VAN 1 Fiat Ducato 33 JTD.			2300	4	D	88	14.49	120	30600
MCLOUIS	Menfys	Menfys Van 1 Fiat Ducato 35 LIGHT.			2200	4	D	103	14.10	140	36500
MCLOUIS	MENFYS	MENFYS VAN 1 PRESTIGE.			2300	4	D	96	14.49	130	41500
MCLOUIS	Menfys	Menfys Van 1 Prestige Fiat Ducato 33 JTD.			2200	4	D	88	14.10	120	41100
MCLOUIS	MENFYS	MENFYS VAN 1 Prestige Fiat Ducato 33 JTD.			2300	4	D	88	14.49	120	35300
MCLOUIS	Menfys	Menfys Van 1 Prestige Fiat Ducato 35 LIGHT.			2200	4	D	103	14.10	140	40100
MCLOUIS	MENFYS	MENFYS VAN 1 S-LINE.			2300	4	D	96	14.49	130	37000
MCLOUIS	Menfys	Menfys Van 1 S-LINE Citroën Jumper 33 L.			2200	4	D	88	14.10	120	38400
MCLOUIS	Menfys	Menfys Van 1 S-Line Fiat Ducato 33 JTD.			2200	4	D	88	14.10	120	39200
MCLOUIS	MENFYS	MENFYS VAN 1 S-Line Fiat Ducato 33 JTD.			2300	4	D	88	14.49	120	33500
MCLOUIS	Menfys	Menfys Van 1 S-Line Fiat Ducato 35 LIGHT.			2200	4	D	103	14.10	140	38200
MCLOUIS	Menfys	Menfys Van 3 Citroën Jumper 33 L.			2200	4	D	88	14.10	120	35800
MCLOUIS	Menfys	Menfys Van 3 Fiat Ducato 33 JTD.			2200	4	D	88	14.10	120	36400
MCLOUIS	MENFYS	MENFYS VAN 3 Fiat Ducato 33 JTD.			2300	4	D	88	14.49	120	31100
MCLOUIS	Menfys	Menfys Van 3 Fiat Ducato 35 LIGHT.			2200	4	D	103	14.10	140	37000
MCLOUIS	Menfys	Menfys Van 3 MAXI Citroën Jumper 33 L.			2200	4	D	88	14.10	120	36100
MCLOUIS	Menfys	Menfys Van 3 MAXI Fiat Ducato 33 JTD.			2200	4	D	88	14.10	120	36800
MCLOUIS	MENFYS	MENFYS VAN 3 MAXI Fiat Ducato 33 JTD.			2300	4	D	88	14.49	120	31500
MCLOUIS	Menfys	Menfys Van 3 MAXI Fiat Ducato 35 LIGHT.			2200	4	D	103	14.10	140	37400
MCLOUIS	MENFYS	MENFYS VAN 3 MAXI PRESTIGE.			2300	4	D	96	14.49	130	43500
MCLOUIS	Menfys	Menfys Van 3 MAXI Prestige Fiat Ducato 33 JTD.			2200	4	D	88	14.10	120	41900
MCLOUIS	MENFYS	MENFYS VAN 3 MAXI Prestige Fiat Ducato 33 JTD.			2300	4	D	88	14.49	120	36000
MCLOUIS	Menfys	Menfys Van 3 MAXI Prestige Fiat Ducato 35 LIGHT.			2200	4	D	103	14.10	140	40900
MCLOUIS	MENFYS	MENFYS VAN 3 MAXI S-LINE.			2300	4	D	96	14.49	130	37500
MCLOUIS	Menfys	Menfys Van 3 MAXI S-Line Fiat Ducato 33 JTD.			2200	4	D	88	14.10	120	40000
MCLOUIS	MENFYS	MENFYS VAN 3 MAXI S-Line Fiat Ducato 33 JTD.			2300	4	D	88	14.49	120	34200
MCLOUIS	Menfys	Menfys Van 3 MAXI S-Line Fiat Ducato 35 LIGHT.			2200	4	D	103	14.10	140	39000
MCLOUIS	MENFYS	MENFYS VAN 3 PRESTIGE.			2300	4	D	96	14.49	130	42900
MCLOUIS	Menfys	Menfys Van 3 Prestige Fiat Ducato 33 JTD.			2200	4	D	88	14.10	120	41500
MCLOUIS	MENFYS	MENFYS VAN 3 Prestige Fiat Ducato 33 JTD.			2300	4	D	88	14.49	120	35700
MCLOUIS	Menfys	Menfys Van 3 Prestige Fiat Ducato 35 LIGHT.			2200	4	D	103	14.10	140	40500
MCLOUIS	MENFYS	MENFYS VAN 3 S-LINE.			2300	4	D	96	14.49	130	38300
MCLOUIS	Menfys	Menfys Van 3 S-LINE Citroën Jumper 33 L.			2200	4	D	88	14.10	120	38800
MCLOUIS	Menfys	Menfys Van 3 S-Line Fiat Ducato 33 JTD.			2200	4	D	88	14.10	120	39600
MCLOUIS	MENFYS	MENFYS VAN 3 S-Line Fiat Ducato 33 JTD.			2300	4	D	88	14.49	120	33900
MCLOUIS	Menfys	Menfys Van 3 S-Line Fiat Ducato 35 LIGHT.			2200	4	D	103	14.10	140	38600
MCLOUIS	Menfys	Menfys Van 3 S-LINE MAXI Citroën Jumper 33 L.			2200	4	D	88	14.10	120	39300
MCLOUIS	Menfys	Menfys Van 4 Citroën Jumper 35.			2200	4	D	88	14.10	120	37800
MCLOUIS	MENFYS	MENFYS VAN 4 CS PRESTIGE.			2300	4	D	96	14.49	130	44100
MCLOUIS	Menfys	Menfys Van 4 CS Prestige Fiat Ducato 33 JTD.			2200	4	D	88	14.10	120	42800
MCLOUIS	MENFYS	MENFYS VAN 4 CS Prestige Fiat Ducato 33 JTD.			2300	4	D	88	14.49	120	36800
MCLOUIS	Menfys	Menfys Van 4 CS Prestige Fiat Ducato 35 LIGHT.			2200	4	D	103	14.10	140	40900
MCLOUIS	MENFYS	MENFYS VAN 4 CS S-LINE.			2300	4	D	96	14.49	130	39600
MCLOUIS	Menfys	Menfys Van 4 CS S-Line Fiat Ducato 33 JTD.			2200	4	D	88	14.10	120	40800
MCLOUIS	MENFYS	MENFYS VAN 4 CS S-Line Fiat Ducato 33 JTD.			2300	4	D	88	14.49	120	35000
MCLOUIS	Menfys	Menfys Van 4 CS S-Line Fiat Ducato 35 LIGHT.			2200	4	D	103	14.10	140	39000
MCLOUIS	MENFYS	MENFYS VAN 4 Fiat Ducato 33 JTD.			2300	4	D	88	14.49	120	33000
MCLOUIS	Menfys	Menfys Van 4 Fiat Ducato 35 JTD.			2200	4	D	88	14.10	120	38500
MCLOUIS	Menfys	Menfys Van 4 Fiat Ducato 35 LIGHT.			2200	4	D	103	14.10	140	38500
MCLOUIS	Menfys	Menfys Van 4 Fiat Ducato 35 LIGHT.			2200	4	D	103	14.10	140	40500
MCLOUIS	Menfys	Menfys Van 4 MAXI Fiat Ducato 35 LIGHT.			2200	4	D	103	14.10	140	40700
MCLOUIS	MENFYS	MENFYS VAN 4 MAXI Prestige Fiat Ducato 33 JTD.			2300	4	D	88	14.49	120	37600
MCLOUIS	Menfys	Menfys Van 4 MAXI Prestige Fiat Ducato 35 JTD.			2200	4	D	88	14.10	120	43800
MCLOUIS	Menfys	Menfys Van 4 MAXI Prestige Fiat Ducato 35 LIGHT.			2200	4	D	103	14.10	140	42800
MCLOUIS	MENFYS	MENFYS VAN 4 MAXI S-Line Fiat Ducato 33 JTD.			2300	4	D	88	14.49	120	35800
MCLOUIS	Menfys	Menfys Van 4 MAXI S-Line Fiat Ducato 35 JTD.			2200	4	D	88	14.10	120	41700
MCLOUIS	MENFYS	MENFYS VAN 4 PRESTIGE.			2300	4	D	96	14.49	130	45400
MCLOUIS	MENFYS	MENFYS VAN 4 Prestige Fiat Ducato 33 JTD.			2300	4	D	88	14.49	120	37400
MCLOUIS	Menfys	Menfys Van 4 Prestige Fiat Ducato 35 JTD.			2200	4	D	88	14.10	120	43600
MCLOUIS	Menfys	Menfys Van 4 Prestige Fiat Ducato 35 LIGHT.			2200	4	D	103	14.10	140	42500
MCLOUIS	MENFYS	MENFYS VAN 4 S-LINE.			2300	4	D	96	14.49	130	40900
MCLOUIS	Menfys	Menfys Van 4 S-LINE Citroën Jumper 35.			2200	4	D	88	14.10	120	40700
MCLOUIS	Menfys	Menfys Van 4 S-LINE CS Citroën Jumper 33 L.			2200	4	D	88	14.10	120	40100
MCLOUIS	MENFYS	MENFYS VAN 4 S-Line Fiat Ducato 33 JTD.			2300	4	D	88	14.49	120	35700
MCLOUIS	Menfys	Menfys Van 4 S-Line Fiat Ducato 35 JTD.			2200	4	D	88	14.10	120	41500
MCLOUIS	Menfys	Menfys Van 4 S-LINE MAXI Citroën Jumper 35.			2200	4	D	88	14.10	120	40900
MCLOUIS	MENFYS	MENFYS VAN 5 PRESTIGE.			2300	4	D	96	14.49	130	44100
MCLOUIS	Menfys	Menfys Van 5 Prestige Fiat Ducato 33 JTD.			2200	4	D	88	14.10	120	42300
MCLOUIS	MENFYS	MENFYS VAN 5 Prestige Fiat Ducato 33 JTD.			2300	4	D	88	14.49	120	36400
MCLOUIS	MENFYS	MENFYS VAN 5 S-LINE.			2300	4	D	96	14.49	130	38200
MCLOUIS	Menfys	Menfys Van 5 S-LINE Citroën Jumper 33 L.			2200	4	D	88	14.10	120	39600
MCLOUIS	Menfys	Menfys Van 5 S-Line Fiat Ducato 33 JTD.			2200	4	D	88	14.10	120	40400
MCLOUIS	MENFYS	MENFYS VAN 5 S-Line Fiat Ducato 33 JTD.			2300	4	D	88	14.49	120	34500
MCLOUIS	Menfys	Menfys Van 6 MAXI Fiat Ducato 35 LIGHT.			2200	4	D	103	14.10	140	39900
MCLOUIS	Menfys	Menfys Van 6 MAXI Prestige Fiat Ducato 2.200 cc 35 LIGHT.			2200	4	D		14.10	140	41900
MCLOUIS	Menfys	Menfys Van 7 LIFESTYLE Fiat Ducato 35 LIGHT.			2200	4	D	103	14.10	140	44000
MCLOUIS	MLB	MLB 700.	2002		2685	5	D	115	17.37	156	65300
MCLOUIS	NEVIS	NEVIS 22 GOLD.			2300	4	D	110	14.49	150	57200
MCLOUIS	NEVIS	NEVIS 22 GOLD.			2300	4	D	96	14.49	130	56700
MCLOUIS	Nevis	Nevis 273 Fiat Ducato JTD.			2200	4	D	103	14.10	140	53100
MCLOUIS	NEVIS	NEVIS 273 Fiat Ducato JTD.	2022		2200	4	D	118	14.10	160	66200
MCLOUIS	NEVIS	NEVIS 273 Fiat Ducato JTD.			2300	4	D	88	14.49	120	46400
MCLOUIS	NEVIS	NEVIS 281.	2022		2200	4	D	121	14.10	165	78000
MCLOUIS	Nevis	Nevis 281 Fiat Ducato JTD.			2200	4	D	103	14.10	140	54000
MCLOUIS	NEVIS	NEVIS 281 Fiat Ducato JTD.			2300	4	D	88	14.49	120	47300
MCLOUIS	NEVIS	NEVIS 68 GOLD.			2300	4	D	110	14.49	150	56200
MCLOUIS	NEVIS	NEVIS 68 GOLD.			2300	4	D	96	14.49	130	55600
MCLOUIS	NEVIS	NEVIS 73G GOLD.			2300	4	D	110	14.49	150	57200
MCLOUIS	NEVIS	NEVIS 73G GOLD.			2300	4	D	96	14.49	130	56700
MCLOUIS	NEVIS	NEVIS 75 GOLD.			2300	4	D	110	14.49	150	57200
MCLOUIS	NEVIS	NEVIS 75 GOLD.			2300	4	D	96	14.49	130	56700
MCLOUIS	NEVIS	NEVIS 76 G GOLD.			2300	4	D	110	14.49	150	57200
MCLOUIS	NEVIS	NEVIS 76 G GOLD.			2300	4	D	96	14.49	130	55900
MCLOUIS	NEVIS	NEVIS 79 G GOLD.			2300	4	D	110	14.49	150	57200
MCLOUIS	NEVIS	NEVIS 79 G GOLD.			2300	4	D	96	14.49	130	56700
MCLOUIS	NEVIS	NEVIS 80 G GOLD.			2300	4	D	110	14.49	150	57900
MCLOUIS	NEVIS	NEVIS 80 G GOLD.			2300	4	D	96	14.49	130	57700
MCLOUIS	NEVIS	NEVIS 860 G 35L MTJ.			2300	4	D	96	14.49	130	58500
MCLOUIS	Nevis	Nevis 862 Fiat Ducato JTD.			2200	4	D	103	14.10	140	57800
MCLOUIS	NEVIS	NEVIS 862 Fiat Ducato JTD.			2300	4	D	88	14.49	120	50600
MCLOUIS	NEVIS	NEVIS 862 G 35L MTJ.			2300	4	D	96	14.49	130	58500
MCLOUIS	NEVIS	NEVIS 868 G 35L MTJ.			2300	4	D	96	14.49	130	58700
MCLOUIS	Nevis	Nevis 870 Fiat Ducato JTD.			2200	4	D	103	14.10	140	56800
MCLOUIS	NEVIS	NEVIS 870 Fiat Ducato JTD.			2300	4	D	88	14.49	120	49700
MCLOUIS	NEVIS	NEVIS 872.			2300	4	D	110	14.49	150	55700
MCLOUIS	NEVIS	NEVIS 872.			3000	4	D	132	16.99	180	57900
MCLOUIS	NEVIS	NEVIS 872.			2300	4	D	96	14.49	130	54700
MCLOUIS	NEVIS	NEVIS 873.			2300	4	D	110	14.49	150	55800
MCLOUIS	NEVIS	NEVIS 873.			3000	4	D	132	16.99	180	58000
MCLOUIS	NEVIS	NEVIS 873.			2300	4	D	96	14.49	130	54800
MCLOUIS	Nevis	Nevis 873 Fiat Ducato JTD.			2200	4	D	103	14.10	140	56400
MCLOUIS	NEVIS	NEVIS 873 Fiat Ducato JTD.			2300	4	D	88	14.49	120	49300
MCLOUIS	NEVIS	NEVIS 873 G 35L MTJ.			2300	4	D	96	14.49	130	59000
MCLOUIS	NEVIS	NEVIS 875.			2300	4	D	110	14.49	150	55700
MCLOUIS	NEVIS	NEVIS 875.			3000	4	D	132	16.99	180	57900
MCLOUIS	NEVIS	NEVIS 875.			2300	4	D	96	14.49	130	54700
MCLOUIS	NEVIS	NEVIS 876 G.			2300	4	D	110	14.49	150	55800
MCLOUIS	NEVIS	NEVIS 876 G.			3000	4	D	132	16.99	180	58000
MCLOUIS	NEVIS	NEVIS 876 G.			2300	4	D	96	14.49	130	54800
MCLOUIS	NEVIS	NEVIS 876 G 35L MTJ.			2300	4	D	96	14.49	130	59000
MCLOUIS	NEVIS	NEVIS 878 G 35L MTJ.			2300	4	D	96	14.49	130	59000
MCLOUIS	Nevis	Nevis 879 Fiat Ducato JTD.			2200	4	D	103	14.10	140	57500
MCLOUIS	NEVIS	NEVIS 879 Fiat Ducato JTD.			2300	4	D	88	14.49	120	50300
MCLOUIS	NEVIS	NEVIS 880 G 35L MTJ.			2300	4	D	96	14.49	130	59800
MCLOUIS	Nevis	Nevis 881 Fiat Ducato JTD.			2200	4	D	103	14.10	140	57800
MCLOUIS	NEVIS	NEVIS 881 Fiat Ducato JTD.			2300	4	D	88	14.49	120	50600
MCLOUIS	NEVIS	NEVIS 90 GOLD.			2300	4	D	96	14.49	130	58100
MCLOUIS	P700.	P700.			2198	4	D	96	14.10	130	49300
MCLOUIS	PRESTIGE	PRESTIGE VAN 1 33L MTJ.			2300	4	D	96	14.49	130	41900
MCLOUIS	PRESTIGE	PRESTIGE VAN 1 35L MTJ.			2300	4	D	96	14.49	130	42500
MCLOUIS	PRESTIGE	PRESTIGE VAN 3 33L MTJ.			2300	4	D	96	14.49	130	43200
MCLOUIS	PRESTIGE	PRESTIGE VAN 3 35L MTJ.			2300	4	D	96	14.49	130	44100
MCLOUIS	PRESTIGE	PRESTIGE VAN 3 DS 35L MTJ.			2300	4	D	96	14.49	130	46500
MCLOUIS	PRESTIGE	PRESTIGE VAN 3 DS MAXI 35L MTJ.			2300	4	D	96	14.49	130	47300
MCLOUIS	PRESTIGE	PRESTIGE VAN 3 MAXI 33L MTJ.			2300	4	D	96	14.49	130	44100
MCLOUIS	PRESTIGE	PRESTIGE VAN 3 MAXI 35L MTJ.			2300	4	D	96	14.49	130	44600
MCLOUIS	PRESTIGE	PRESTIGE VAN 4 35L MTJ.			2300	4	D	96	14.49	130	46000
MCLOUIS	SLIM	SLIM (perfiladas) 331 Ford Transit 2.0.			2000	4	D	96	13.32	130	39900
MCLOUIS	SLIM	SLIM (perfiladas) 331 NB Ford Transit 2.0.			2000	4	D	96	13.32	130	44800
MCLOUIS	SLIM	SLIM (perfiladas) 337 Ford Transit 2.0.			2000	4	D	96	13.32	130	42100
MCLOUIS	SLIM	SLIM (perfiladas) 339 Ford Transit 2.0.			2000	4	D	96	13.32	130	41800
MCLOUIS	SLIM	SLIM (perfiladas) 339 NB Ford Transit 2.0.			2000	4	D	96	13.32	130	41500
MCLOUIS	SLIM	SLIM 331.	2024		2000	4	D	96	13.32	130	52400
MCLOUIS	SLIM	SLIM 339.	2024		2000	4	D	96	13.32	130	56100
MCLOUIS	S-LINE	S-LINE VAN 1 33L MTJ.			2000	4	D	85	13.32	115	36100
MCLOUIS	S-LINE	S-LINE VAN 1 33L MTJ.			2300	4	D	96	14.49	130	37400
MCLOUIS	S-LINE	S-LINE VAN 1 35L MTJ.			2300	4	D	96	14.49	130	37900
MCLOUIS	S-LINE	S-LINE VAN 3 33L MTJ.			2300	4	D	96	14.49	130	38800
MCLOUIS	S-LINE	S-LINE VAN 3 35L MTJ.			2300	4	D	96	14.49	130	39400
MCLOUIS	S-LINE	S-LINE VAN 3 MAXI 33L MTJ.			2300	4	D	96	14.49	130	39400
MCLOUIS	S-LINE	S-LINE VAN 3 MAXI 35L MTJ.			2300	4	D	96	14.49	130	40100
MCLOUIS	S-LINE	S-LINE VAN 4 35L MTJ.			2300	4	D	96	14.49	130	41400
MCLOUIS	STEEL	STEEL 462 P700.	2008		2300	4	D	96	14.44	130	50900
MCLOUIS	STEEL	STEEL 526 G.			2300	4	D	110	14.49	150	44000
MCLOUIS	STEEL	STEEL 526 G.			2300	4	D	96	14.49	130	42800
MCLOUIS	STEEL	STEEL 531 G.			2200	4	D	74	14.10	100	40400
MCLOUIS	STEEL	STEEL 531 G.			2300	4	D	96	14.49	130	42700
MCLOUIS	STEEL	STEEL 535.			2300	4	D	110	14.49	150	42100
MCLOUIS	STEEL	STEEL 535.			2000	4	D	85	13.32	115	39900
MCLOUIS	STEEL	STEEL 535.			2300	4	D	96	14.49	130	41100
MCLOUIS	STEEL	STEEL 535 G.			2200	4	D	74	14.10	100	39300
MCLOUIS	STEEL	STEEL 535 G.			2300	4	D	96	14.49	130	41600
MCLOUIS	STEEL	STEEL 537.			2300	4	D	96	14.49	130	45800
MCLOUIS	STEEL	STEEL 538.			2300	4	D	96	14.49	130	44000
MCLOUIS	STEEL	STEEL 540.			2300	4	D	110	14.49	150	44300
MCLOUIS	STEEL	STEEL 540.			2300	4	D	96	14.49	130	43200
MCLOUIS	STEEL	STEEL 545 G.			2300	4	D	110	14.49	150	44500
MCLOUIS	STEEL	STEEL 545 G.			2300	4	D	96	14.49	130	43400
MCLOUIS	STEEL	STEEL 562.			2200	4	D	74	14.10	100	39300
MCLOUIS	STEEL	STEEL 562.			2300	4	D	96	14.49	130	41600
MCLOUIS	STEEL	STEEL 563.			2200	4	D	74	14.10	100	40700
MCLOUIS	STEEL	STEEL 563.			2300	4	D	96	14.49	130	43100
MCLOUIS	STEEL	STEEL 570 G.			2300	4	D	96	14.49	130	43900
MCLOUIS	STEEL	STEEL 572.			2300	4	D	96	14.49	130	44700
MCLOUIS	STEEL	STEEL 575.			2300	4	D	96	14.49	130	45300
MCLOUIS	TANDY	TANDY 620.			3000	4	D	118	16.99	160	50100
MCLOUIS	TANDY	TANDY 620.			2300	4	D	96	14.49	130	47900
MCLOUIS	TANDY	TANDY 621.			2300	4	D	110	14.49	150	49400
MCLOUIS	TANDY	TANDY 621.			3000	4	D	132	16.99	180	51500
MCLOUIS	TANDY	TANDY 621.			2300	4	D	96	14.49	130	48300
MCLOUIS	TANDY	TANDY 635.			3000	4	D	118	16.99	160	50600
MCLOUIS	TANDY	TANDY 635.			2300	4	D	96	14.49	130	48300
MCLOUIS	TANDY	TANDY 636.			3000	4	D	118	16.99	160	51600
MCLOUIS	TANDY	TANDY 636.			2300	4	D	96	14.49	130	49300
MCLOUIS	TANDY	TANDY 636 G.			2300	4	D	110	14.49	150	49900
MCLOUIS	TANDY	TANDY 636 G.			3000	4	D	132	16.99	180	52200
MCLOUIS	TANDY	TANDY 636 G.			2300	4	D	96	14.49	130	48900
MCLOUIS	TANDY	TANDY 638 G.			2300	4	D	110	14.49	150	50300
MCLOUIS	TANDY	TANDY 638 G.			3000	4	D	132	16.99	180	52500
MCLOUIS	TANDY	TANDY 638 G.			2300	4	D	96	14.49	130	49300
MCLOUIS	TANDY	TANDY 638 Q.			3000	4	D	118	16.99	160	52400
MCLOUIS	TANDY	TANDY 638 Q.			2300	4	D	96	14.49	130	50100
MCLOUIS	TANDY	TANDY 640.			3000	4	D	118	16.99	160	50400
MCLOUIS	TANDY	TANDY 640.			2300	4	D	96	14.49	130	48200
MCLOUIS	TANDY	TANDY 642.			2300	4	D	110	14.49	150	50300
MCLOUIS	TANDY	TANDY 642.			3000	4	D	132	16.99	180	52500
MCLOUIS	TANDY	TANDY 642.			2300	4	D	96	14.49	130	49300
MCLOUIS	TANDY	TANDY 650.			2300	4	D	110	14.49	150	50300
MCLOUIS	TANDY	TANDY 650.			3000	4	D	118	16.99	160	51800
MCLOUIS	TANDY	TANDY 650.			3000	4	D	132	16.99	180	52500
MCLOUIS	TANDY	TANDY 650.			2300	4	D	96	14.49	130	49500
MCLOUIS	TANDY	TANDY 672.			3000	4	D	118	16.99	160	52600
MCLOUIS	TANDY	TANDY 672.			2287	4	D	94	14.44	128	50400
MCLOUIS	TANDY	TANDY 672.			2300	4	D	96	14.49	130	50200
MCLOUIS	TANDY	TANDY 673.			2300	4	D	110	14.49	150	50800
MCLOUIS	TANDY	TANDY 673.			3000	4	D	118	16.99	160	52600
MCLOUIS	TANDY	TANDY 673.			3000	4	D	132	16.99	180	52900
MCLOUIS	TANDY	TANDY 673.			2300	4	D	96	14.49	130	49700
MCLOUIS	TANDY	TANDY 674 Q.			3000	4	D	118	16.99	160	52700
MCLOUIS	TANDY	TANDY 674 Q.			2300	4	D	96	14.49	130	50400
MCLOUIS	TANDY	TANDY 675 G.			2300	4	D	110	14.49	150	50300
MCLOUIS	TANDY	TANDY 675 G.			3000	4	D	118	16.99	160	51100
MCLOUIS	TANDY	TANDY 675 G.			3000	4	D	132	16.99	180	52500
MCLOUIS	TANDY	TANDY 675 G.			2300	4	D	96	14.49	130	49300
MCLOUIS	TANDY	TANDY 676 G.			2300	4	D	110	14.49	150	50800
MCLOUIS	TANDY	TANDY 676 G.			3000	4	D	132	16.99	180	52900
MCLOUIS	TANDY	TANDY 676 G.			2300	4	D	96	14.49	130	49700
MCLOUIS	TWID	TWID 22 35L MTJ.			2300	4	D	96	14.49	130	48900
MCLOUIS	TWID	TWID 73 35L MTJ.			2300	4	D	96	14.49	130	48900
MCLOUIS	TWID	TWID 74 35L MTJ.			2300	4	D	96	14.49	130	48900
MCLOUIS	VAN	VAN MC4 62.			2300	4	D	96	14.49	130	43400
MCLOUIS	VAN	VAN MC4 63.			2300	4	D	96	14.49	130	44300
MCLOUIS	VAN	VAN MC4 70.			2300	4	D	96	14.49	130	44600
MCLOUIS	VAN	VAN MCVAN 1.			2200	4	D	74	14.10	100	37800
MCLOUIS	VAN	VAN MCVAN 1.			2300	4	D	96	14.49	130	40100
MCLOUIS	VAN	VAN MCVAN 2.			2200	4	D	74	14.10	100	39300
MCLOUIS	VAN	VAN MCVAN 2.			2300	4	D	96	14.49	130	41500
MCLOUIS	YEARLING	YEARLING 363.	2008		2800	4	D	95	16.30	129	64200
MCLOUIS	YEARLING	YEARLING 73.	2024		2000	4	D	96	13.32	130	58300
MCLOUIS	YEARLING	YEARLING 81.	2024		2000	4	D	96	13.32	130	59000
MCLOUIS	Yearling	Yearling Serie Limitada 83 Renault Master cc Energy dCi.			2300	4	D	107	14.49	145	43300
MCLOUIS	Yearling	Yearling Serie Limitada 89 Renault Master cc Energy dCi.			2300	4	D	107	14.49	145	43300
MERCEDES	James	James Cook Westfalia 309 D.	1985		2983	5	D	65	18.34	88	51300
MERCEDES	James	James Cook Westfalia 312 D.	2000		2874	5	D	85	18.10	116	53000
MERCEDES	Marco	Marco Polo 220 d.	2020		2143	4	D	120	13.88	163	62900
MERCEDES	Marco	Marco Polo 250 d.	2020		2143	4	D	140	13.88	190	65000
MERCEDES	Marco	Marco Polo 300 d.	2020		1950	4	D	176	13.12	239	67400
MERCEDES	Marco	Marco Polo ACTIVITY 170 d TD.	2020		1749	4	D	75	12.29	102	46900
MERCEDES	Marco	Marco Polo ACTIVITY 200 d.	2019		1950	4	D	100	13.12	136	52100
MERCEDES	Marco	Marco Polo ACTIVITY 200 d.	2020		1950	4	D	100	13.12	136	53400
MERCEDES	Marco	Marco Polo ACTIVITY 200 d Sport.	2019		1950	4	D	100	13.12	136	54300
MERCEDES	Marco	Marco Polo ACTIVITY 200 d TD.	2020		1749	4	D	100	12.29	136	49300
MERCEDES	Marco	Marco Polo ACTIVITY 220 d.	2020		1950	4	D	120	13.12	163	55600
MERCEDES	Marco	Marco Polo ACTIVITY 220 d Sport.	2019		1950	4	D	120	13.12	163	56500
MERCEDES	Marco	Marco Polo ACTIVITY 250 d.	2019		1950	4	D	140	13.12	190	57200
MERCEDES	Marco	Marco Polo ACTIVITY 250 d Sport.	2019		1950	4	D	140	13.12	190	57900
MERCEDES	Marco	Marco Polo ACTIVITY 300 d.	2020		1950	4	D	176	13.12	239	59600
MERCEDES	Marco	Marco Polo Clase V 220 d.	2024		1950	4	D	120	13.12	163	75900
MERCEDES	Marco	Marco Polo Clase V 250 d.	2024		1950	4	D	140	13.12	190	78100
MERCEDES	Marco	Marco Polo Clase V 300 d.	2024		1950	4	D	176	13.12	239	81200
MERCEDES	Marco	Marco Polo Horizon 250 d.	2020		2143	4	D	140	13.88	190	61700
MERCEDES	Marco	Marco Polo Horizon 300 d.	2020		1950	4	D	176	13.12	239	64300
MERCEDES	Sprinter	Sprinter 308 TD James Cook.	2000		2150	4	D	60	13.91	82	46800
MERCEDES	SPRINTER	SPRINTER 311 CDI.	2005		2148	4	D	80	13.90	109	50800
MERCEDES	Sprinter	Sprinter 311 TD James Cook.	2000		2150	4	D	80	13.91	109	48700
MERCEDES	SPRINTER	SPRINTER 312 D JAMES COOK.	1997		2800	4	D	90	16.30	122	43100
MERCEDES	Sprinter	Sprinter 313 TD James Cook.	2000		2150	4	D	95	13.91	129	50900
MERCEDES	SPRINTER	SPRINTER 315 CDI LWB.	2007		2148	4	D	110	13.90	150	52800
MERCEDES	SPRINTER	SPRINTER 316 CDI.	2004		2850	4	D	115	16.47	156	54900
MERCEDES	Sprinter	Sprinter 316 TD James Cook.	2000		2686	4	D	115	15.90	156	56400
MERCEDES	SPRINTER	SPRINTER 412 D.	1998		2874	5	D	90	18.10	122	49200
MERCEDES	Sprinter	Sprinter Combi 316 TD James Cook.	2003		2686	4	D	115	15.90	156	62800
MERCEDES	VIANO	VIANO CDI 3.0.	2010		2987	6	D	150	19.93	204	53800
MERCEDES	VITO	VITO CDI Marco Polo 112.	1996	2003	2148	4	D	90	13.91	122	38400
MILLER	ALABAMA.	ALABAMA.	2003		2800	4	D	96	16.30	127	60400
MILLER	LAKES	LAKES ERIE.			2200	4	D	74	14.10	100	36300
MILLER	LAKES	LAKES ERIE.			2300	4	D	96	14.49	130	38700
MILLER	LAKES	LAKES MICHIGAN.			2200	4	D	74	14.10	100	36500
MILLER	LAKES	LAKES MICHIGAN.			2300	4	D	96	14.49	130	39000
MILLER	LAKES	LAKES ONTARIO.			2200	4	D	74	14.10	100	34900
MILLER	LAKES	LAKES ONTARIO.			2300	4	D	96	14.49	130	37900
MILLER	LAKES	LAKES VICTORIA.			2200	4	D	74	14.10	100	37200
MILLER	LAKES	LAKES VICTORIA.			2300	4	D	96	14.49	130	39700
MILLER	LAKES	LAKES WINNIPEG.			2200	4	D	74	14.10	100	33800
MILLER	LAKES	LAKES WINNIPEG.			2300	4	D	96	14.49	130	37100
MILLER	MERYLAND.	MERYLAND.			2287	4	D	96	14.44	130	40700
MILLER	STATES.	STATES.	2002		2000	4	D	62	13.31	84	55400
MILLER	STATES	STATES ALABAMA.			2300	4	D	96	14.49	130	46400
MILLER	STATES	STATES ARIZONA.			2300	4	D	96	14.49	130	46400
MILLER	STATES	STATES DAKOTA.			2300	4	D	96	14.49	130	44900
MILLER	STATES	STATES ILLINOIS.			2200	4	D	74	14.10	100	41900
MILLER	STATES	STATES ILLINOIS.			2300	4	D	96	14.49	130	44000
MILLER	STATES	STATES OKLAHOMA.			2200	4	D	74	14.10	100	43800
MILLER	TORONTO	TORONTO (690QC1 MOTOR FIAT).			2287	4	D	96	14.44	131	49800
MILLER	VAN	VAN MC4 71 S.E.			2300	4	D	96	14.49	130	47200
MILLER	WINNIPEG.	WINNIPEG.	2012		1956	4	D	85	13.14	116	60000
MOBILVETTA	67	67 Fiat Ducato 35 L.			2200	4	D	103	14.10	140	50600
MOBILVETTA	A-600.	A-600.			3000	4	D	132	16.99	180	56200
MOBILVETTA	ADMIRAL	ADMIRAL CAMPERS K 5.1 Fiat Ducato 35 L.			2200	4	D	103	14.10	140	49100
MOBILVETTA	ADMIRAL	ADMIRAL CAMPERS K 6.3 Fiat Ducato 35 L.			2200	4	D	103	14.10	140	50600
MOBILVETTA	ADMIRAL	ADMIRAL CAMPERS K 6.5 Fiat Ducato 35 L.			2200	4	D	103	14.10	140	50600
MOBILVETTA	ADMIRAL	ADMIRAL K 5.1.	2024		2200	4	D	103	14.10	140	60100
MOBILVETTA	ADMIRAL	ADMIRAL K 6.5.	2022		2200	4	D	103	14.10	140	70500
MOBILVETTA	ALABAMA.	ALABAMA.	2003		2800	4	D	94	16.29	127	60400
MOBILVETTA	DESING	DESING MDVI.			2800	4	D	107	16.30	146	53900
MOBILVETTA	DRIVER	DRIVER 52.	1998		1929	4	D	60	13.04	82	42000
MOBILVETTA	DRIVER	DRIVER 61.	1999		2800	4	D	90	16.30	122	53900
MOBILVETTA	ERIE.	ERIE.			2198	4	D	74	14.10	101	37500
MOBILVETTA	EURO	EURO YACHT 190 LX.			2800	4	D	107	16.30	146	53800
MOBILVETTA	FREELINE	FREELINE BUSSOLA / FIAT.			1905	4	D	66	12.94	90	50300
MOBILVETTA	FREELINE	FREELINE LUNA.	2001		2800	4	D	94	16.30	127	53900
MOBILVETTA	ICARO	ICARO 59.			2800	4	D	107	16.30	146	53900
MOBILVETTA	ICARO	ICARO P6.	2004		2800	4	D	94	16.30	127	58400
MOBILVETTA	ICARO	ICARO S5.	1999		2800	4	D	90	16.30	122	49200
MOBILVETTA	KEA	KEA I INTEGRALES 64 Fiat Ducato 35 L.			2200	4	D	103	14.10	140	60700
MOBILVETTA	KEA	KEA I INTEGRALES 67 Fiat Ducato 35 L.			2200	4	D	103	14.10	140	59500
MOBILVETTA	KEA	KEA I INTEGRALES 71 Fiat Ducato 35 L.			2200	4	D	103	14.10	140	61000
MOBILVETTA	Kea	Kea I Integrales 85 Fiat Ducato 35 L.			2200	4	D	103	14.10	140	61000
MOBILVETTA	KEA	KEA I INTEGRALES 86 Fiat Ducato 35 L.			2200	4	D	103	14.10	140	60400
MOBILVETTA	KEA	KEA I INTEGRALES 90 Fiat Ducato 35 L.			2200	4	D	103	14.10	140	60400
MOBILVETTA	KEA	KEA I90.	2024		2200	4	D	103	14.10	140	86400
MOBILVETTA	KEA	KEA I90.	2022		2200	4	D	118	14.10	160	87400
MOBILVETTA	KEA	KEA M70.			2300	4	D	96	14.49	130	53500
MOBILVETTA	KEA	KEA M71.			2300	4	D	110	14.49	150	52700
MOBILVETTA	KEA	KEA M71.			3000	4	D	132	16.99	180	54800
MOBILVETTA	KEA	KEA M71.			2300	4	D	96	14.49	130	52600
MOBILVETTA	KEA	KEA M71 35L MTJ.			2300	4	D	96	14.49	130	55800
MOBILVETTA	KEA	KEA M71D.			2300	4	D	110	14.49	150	52700
MOBILVETTA	KEA	KEA M71D.			3000	4	D	132	16.99	180	54800
MOBILVETTA	KEA	KEA M71D.			2300	4	D	96	14.49	130	51600
MOBILVETTA	KEA	KEA M72.			2300	4	D	110	14.49	150	52100
MOBILVETTA	KEA	KEA M72.			3000	4	D	118	16.99	160	54100
MOBILVETTA	KEA	KEA M72.			2300	4	D	96	14.49	130	50900
MOBILVETTA	KEA	KEA M74.			2300	4	D	110	14.49	150	52700
MOBILVETTA	KEA	KEA M74.			3000	4	D	132	16.99	180	54800
MOBILVETTA	KEA	KEA M74.			2300	4	D	96	14.49	130	52600
MOBILVETTA	KEA	KEA M74 35L MTJ.			2300	4	D	96	14.49	130	55700
MOBILVETTA	KEA	KEA M75.			2300	4	D	110	14.49	150	52700
MOBILVETTA	KEA	KEA M75.			3000	4	D	132	16.99	180	54800
MOBILVETTA	KEA	KEA M75.			2300	4	D	96	14.49	130	51600
MOBILVETTA	KEA	KEA M76.			3500	4	D	96	18.64	130	56700
MOBILVETTA	KEA	KEA M79.			3500	4	D	96	18.64	130	56700
MOBILVETTA	KEA	KEA M79 35L MTJ.			2300	4	D	96	14.49	130	55700
MOBILVETTA	KEA	KEA P 60.			2300	4	D	110	14.49	150	51500
MOBILVETTA	KEA	KEA P 60.			2300	4	D	96	14.49	130	49300
MOBILVETTA	KEA	KEA P 61.			2300	4	D	110	14.49	150	50100
MOBILVETTA	KEA	KEA P 61.			3000	4	D	132	16.99	180	52300
MOBILVETTA	KEA	KEA P 61.			2300	4	D	96	14.49	130	49000
MOBILVETTA	KEA	KEA P 62 35L MTJ.			2300	4	D	96	14.49	130	55900
MOBILVETTA	KEA	KEA P 63 35L MTJ.			2300	4	D	96	14.49	130	55800
MOBILVETTA	KEA	KEA P 64 35L MTJ.			2300	4	D	96	14.49	130	55800
MOBILVETTA	KEA	KEA P 65 35L MTJ.			2300	4	D	96	14.49	130	56700
MOBILVETTA	KEA	KEA P 67 35L MTJ.			2300	4	D	96	14.49	130	55800
MOBILVETTA	KEA	KEA P 68.			2300	4	D	110	14.49	150	56700
MOBILVETTA	KEA	KEA P 68.			2300	4	D	96	14.49	130	55800
MOBILVETTA	KEA	KEA P 69 35L MTJ.			2300	4	D	110	14.49	150	56700
MOBILVETTA	KEA	KEA P 69 35L MTJ.			2300	4	D	96	14.49	130	55800
MOBILVETTA	KEA	KEA P 82.			2300	4	D	110	14.49	150	53500
MOBILVETTA	KEA	KEA P 82.			2300	4	D	96	14.49	130	51100
MOBILVETTA	KEA	KEA P 83.			2300	4	D	110	14.49	150	54400
MOBILVETTA	KEA	KEA P 83.			2300	4	D	96	14.49	130	52300
MOBILVETTA	KEA	KEA P 84.			2300	4	D	110	14.49	150	52700
MOBILVETTA	KEA	KEA P 84.			3000	4	D	132	16.99	180	54800
MOBILVETTA	KEA	KEA P 84.			2300	4	D	96	14.49	130	51600
MOBILVETTA	KEA	KEA P 86.			2300	4	D	110	14.49	150	53900
MOBILVETTA	KEA	KEA P 86.			2300	4	D	96	14.49	130	51600
MOBILVETTA	KEA	KEA P 87.			2300	4	D	110	14.49	150	53900
MOBILVETTA	KEA	KEA P 87.			3000	4	D	132	16.99	180	54800
MOBILVETTA	KEA	KEA P 87.			2300	4	D	96	14.49	130	51600
MOBILVETTA	KEA	KEA P 89.			2300	4	D	110	14.49	150	52700
MOBILVETTA	KEA	KEA P 89.			3000	4	D	132	16.99	180	54800
MOBILVETTA	KEA	KEA P 89.			2300	4	D	96	14.49	130	51600
MOBILVETTA	KEA	KEA P 90.	2024		2200	4	D	103	14.10	140	69500
MOBILVETTA	KEA	KEA P 90 Fiat Ducato 35 L.			2200	4	D	103	14.10	140	48400
MOBILVETTA	KEA	KEA P PERFILADA 64 Fiat Ducato 35 L.			2200	4	D	103	14.10	140	53900
MOBILVETTA	KEA	KEA P PERFILADA 67 Fiat Ducato 35 L.			2200	4	D	103	14.10	140	53200
MOBILVETTA	KEA	KEA P PERFILADA 86 Fiat Ducato 35 L.			2200	4	D	103	14.10	140	54900
MOBILVETTA	Kea	Kea P Perfiladas "Compact" 55 Fiat Ducato 35 L 2,2 L.			2200	4	D	103	14.10	140	52000
MOBILVETTA	Kea	Kea P Perfiladas "Compact" 64 Fiat Ducato 35 L 2,2 L.			2200	4	D	103	14.10	140	52000
MOBILVETTA	Kea	Kea P Perfiladas "Compact" 64 NB Fiat Ducato 35 L 2,2 L.			2200	4	D	103	14.10	140	51700
MOBILVETTA	Kea	Kea P Perfiladas "Compact" 68 Fiat Ducato 35 L 2,2 L.			2200	4	D	103	14.10	140	52000
MOBILVETTA	Kea	Kea P Perfiladas "Compact" 68 NB Fiat Ducato 35 L 2,2 L.			2200	4	D	103	14.10	140	51700
MOBILVETTA	Kea	Kea P Perfiladas 71 Fiat Ducato 35 L.			2200	4	D	103	14.10	140	54700
MOBILVETTA	Kea	Kea P Perfiladas 85 Fiat Ducato 35 L.			2200	4	D	103	14.10	140	54700
MOBILVETTA	Kea	Kea P Perfiladas 86 NB Fiat Ducato 35 L 2,2 L.			2200	4	D	103	14.10	140	54300
MOBILVETTA	Kea	Kea P Perfiladas 90 Fiat Ducato 35 L.			2200	4	D	103	14.10	140	54900
MOBILVETTA	Kea	Kea P Perfiladas 90 NB Fiat Ducato 35 L 2,2 L.			2200	4	D	103	14.10	140	54300
MOBILVETTA	KROSSER	KROSSER P 64 Fiat Ducato 35 L.			2200	4	D	103	14.10	140	57200
MOBILVETTA	KROSSER	KROSSER P 70 Fiat Ducato 35 L.			2200	4	D	103	14.10	140	56400
MOBILVETTA	KROSSER	KROSSER P 86 Fiat Ducato 35 L.			2200	4	D	103	14.10	140	58000
MOBILVETTA	KROSSER	KROSSER P 90 Fiat Ducato 35 L.			2200	4	D	103	14.10	140	58000
MOBILVETTA	Krosser	Krosser Perfiladas 64 NB Fiat Ducato 35 L 2,2 L.			2200	4	D	103	14.10	140	56500
MOBILVETTA	Krosser	Krosser Perfiladas 86 NB Fiat Ducato 35 L 2,2 L.			2200	4	D	103	14.10	140	57300
MOBILVETTA	Krosser	Krosser Perfiladas 90 NB Fiat Ducato 35 L 2,2 L.			2200	4	D	103	14.10	140	57300
MOBILVETTA	K-SILVER	K-SILVER 50.			2300	4	D	96	14.49	130	49600
MOBILVETTA	K-SILVER	K-SILVER 52.			2300	4	D	96	14.49	130	49600
MOBILVETTA	K-SILVER	K-SILVER 54.			2300	4	D	96	14.49	130	50100
MOBILVETTA	K-SILVER	K-SILVER 56.			2300	4	D	96	14.49	130	51300
MOBILVETTA	K-SILVER	K-SILVER 58.			2300	4	D	96	14.49	130	51800
MOBILVETTA	K-SILVER	K-SILVER 59.			2300	4	D	96	14.49	130	51800
MOBILVETTA	K-SILVER-I	K-SILVER-I 56.			3500	4	D	96	18.64	130	59500
MOBILVETTA	K-SILVER-I	K-SILVER-I 58.			3500	4	D	96	18.64	130	59500
MOBILVETTA	K-SILVER-I	K-SILVER-I 59.			3500	4	D	96	18.64	130	59500
MOBILVETTA	K-YACHT.	K-YACHT.			2300	4	D	110	14.49	150	63800
MOBILVETTA	K-YACHT.	K-YACHT.			2300	4	D	96	14.49	130	61400
MOBILVETTA	K-YACHT	K-YACHT 78 35L MTJ.			2300	4	D	96	14.49	130	65100
MOBILVETTA	K-YACHT	K-YACHT 79.			2300	4	D	110	14.49	150	64200
MOBILVETTA	K-YACHT	K-YACHT 80.			2300	4	D	110	14.49	150	63800
MOBILVETTA	K-YACHT	K-YACHT 80 35L MTJ.			2300	4	D	96	14.49	130	65100
MOBILVETTA	K-YACHT	K-YACHT 84.			2300	4	D	110	14.49	150	63800
MOBILVETTA	K-YACHT	K-YACHT 85 35L MTJ.			2300	4	D	110	14.49	150	65100
MOBILVETTA	K-YACHT	K-YACHT 85 35L MTJ.			2300	4	D	96	14.49	130	65100
MOBILVETTA	K-YACHT	K-YACHT 87.			2300	4	D	110	14.49	150	65100
MOBILVETTA	K-YACHT	K-YACHT 87 35L MTJ.			2300	4	D	96	14.49	130	65100
MOBILVETTA	K-YACHT	K-YACHT 89.			2300	4	D	110	14.49	150	64200
MOBILVETTA	K-YACHT	K-YACHT 89 35L MTJ.			2300	4	D	96	14.49	130	65100
MOBILVETTA	K-YACHT	K-YACHT MH61.			2300	4	D	110	14.49	150	58900
MOBILVETTA	K-YACHT	K-YACHT MH61.			3000	4	D	132	16.99	180	61000
MOBILVETTA	K-YACHT	K-YACHT MH61.			2300	4	D	96	14.49	130	58900
MOBILVETTA	K-YACHT	K-YACHT MH84.			2300	4	D	110	14.49	150	60700
MOBILVETTA	K-YACHT	K-YACHT MH84.			3000	4	D	132	16.99	180	62700
MOBILVETTA	K-YACHT	K-YACHT MH84.			2300	4	D	96	14.49	130	59600
MOBILVETTA	K-YACHT	K-YACHT MH86.			2300	4	D	110	14.49	150	60700
MOBILVETTA	K-YACHT	K-YACHT MH86.			3000	4	D	118	16.99	160	62700
MOBILVETTA	K-YACHT	K-YACHT MH86.			2300	4	D	96	14.49	130	59600
MOBILVETTA	K-YACHT	K-YACHT MH87.			2300	4	D	110	14.49	150	60700
MOBILVETTA	K-YACHT	K-YACHT MH87.			3000	4	D	132	16.99	180	62700
MOBILVETTA	K-YACHT	K-YACHT MH87.			2300	4	D	96	14.49	130	59600
MOBILVETTA	K-YACHT	K-YACHT MH89.			2300	4	D	110	14.49	150	60700
MOBILVETTA	K-YACHT	K-YACHT MH89.			3000	4	D	118	16.99	160	62700
MOBILVETTA	K-YACHT	K-YACHT MH89.			2300	4	D	96	14.49	130	59600
MOBILVETTA	K-YACHT	K-YACHT TEKNO 79.			3500	4	D	96	18.64	130	70400
MOBILVETTA	K-YACHT	K-YACHT TEKNO 85.			3500	4	D	96	18.64	130	70400
MOBILVETTA	K-YACHT	K-YACHT TEKNO 89.			3500	4	D	96	18.64	130	70400
MOBILVETTA	K-YACHT	K-YACHT TEKNO LINE 64 Fiat Ducato 35 L.			2200	4	D	103	14.10	140	70600
MOBILVETTA	K-YACHT	K-YACHT TEKNO LINE 79.			3500	4	D	96	18.64	130	67700
MOBILVETTA	K-YACHT	K-YACHT TEKNO LINE 80.			3500	4	D	96	18.64	130	67300
MOBILVETTA	K-YACHT	K-YACHT TEKNO LINE 85.			3500	4	D	96	18.64	130	67700
MOBILVETTA	K-YACHT	K-YACHT TEKNO LINE 86 Fiat Ducato 35 L.			2200	4	D	103	14.10	140	71400
MOBILVETTA	K-YACHT	K-YACHT TEKNO LINE 89.			3500	4	D	96	18.64	130	67700
MOBILVETTA	K-YACHT	K-YACHT TEKNO LINE 90 Fiat Ducato 35 L.			2200	4	D	103	14.10	140	71400
MOBILVETTA	MARYLAND	MARYLAND (MOTOR FIAT).			2800	4	D	93	16.30	127	48600
MOBILVETTA	MS7	MS7 550.	1990		2500	4	D	55	15.23	75	35800
MOBILVETTA	NAXOS	NAXOS M41.			3000	4	D	116	16.99	157	63200
MOBILVETTA	NAXOS	NAXOS M42.			3000	4	D	116	16.99	157	63200
MOBILVETTA	NAXOS	NAXOS M43.			3000	4	D	116	16.99	157	63200
MOBILVETTA	NEW	NEW JERSEY.			2800	4	D	110	16.30	150	53900
MOBILVETTA	NIBIO.	NIBIO.	1985		2445	4	D	53	15.02	72	33100
MOBILVETTA	SKIPPER	SKIPPER 59.	1994		2500	4	D	59	15.22	80	46000
MOBILVETTA	SKIPPER	SKIPPER 60.	1997		2500	4	D	85	15.22	116	48200
MOBILVETTA	STATES	STATES OKLAHOMA.			2300	4	D	96	14.49	130	46100
MOBILVETTA	TEKNO	TEKNO LINE 79.			2300	4	D	110	14.49	150	67500
MOBILVETTA	TEKNO	TEKNO LINE 80.			2300	4	D	110	14.49	150	67200
MOBILVETTA	TEKNO	TEKNO LINE 84.			2300	4	D	110	14.49	150	67200
MOBILVETTA	TEKNO	TEKNO LINE 85.			2300	4	D	110	14.49	150	67500
MOBILVETTA	TEKNO	TEKNO LINE 87.			2300	4	D	110	14.49	150	67200
MOBILVETTA	TEKNO	TEKNO LINE 89.			2300	4	D	110	14.49	150	67500
MOBILVETTA	TEKNO	TEKNO LINE 90.	2022		2200	4	D	132	14.10	180	102900
MOBILVETTA	TEKNO	TEKNO LINE 90.	2024		2200	4	D	132	14.10	180	102000
MOBILVETTA	TOP	TOP DRIVER P81.			2287	4	D	96	14.44	131	51100
MOBILVETTA	TORONTO	TORONTO (690QC1 MOTOR FIAT).			2287	4	D	96	14.44	131	49800
MOBILVETTA	WINNIPEG.	WINNIPEG.	2012		1956	4	D	85	13.14	116	60000
MONCAYO	360	360 SLZ 2.			2800	4	D	110	16.30	150	41600
MONCAYO	421	421 P.	1999		2800	4	D	90	16.30	122	45100
MONCAYO	465.1.	465.1.	2001		2800	4	D	94	16.29	127	49800
MONCAYO	470	470 P.	2001		2800	4	D	94	16.29	127	53100
MONCAYO	ECO	ECO 35.			2300	4	D	96	14.49	130	37300
MONCAYO	ECO	ECO 40.			2300	4	D	96	14.49	130	36400
MONCAYO	ECO	ECO 60.			2300	4	D	96	14.49	130	37400
MONCAYO	HALCON	HALCON 350.	1994		1929	4	D	60	13.03	82	42600
MONCAYO	HALCON	HALCON 421.			2800	4	D	110	16.30	150	45800
MONCAYO	HALCON	HALCON 435.	2004		2800	4	D	94	16.29	127	53700
MONCAYO	HALCON	HALCON 735.			2300	4	D	96	14.49	130	51400
MONCAYO	HALCON	HALCON 772.			2300	4	D	96	14.49	130	52500
MONCAYO	HALCON	HALCON 780.			2300	4	D	96	14.49	130	52200
MONCAYO	M	M 472.	2005		2800	4	D	94	16.29	127	57000
MONCAYO	M	M 735.	2007		2287	4	D	96	14.43	130	60900
MONCAYO	MEDITERRANEO	MEDITERRANEO 360 SL.	2002		1906	4	D	66	12.93	90	45000
MONCAYO	MEDITERRANEO	MEDITERRANEO 421 (MI SA).	2004		2800	4	D	94	16.30	127	47900
MONCAYO	MEDITERRANEO	MEDITERRANEO 765.			2300	4	D	96	14.49	130	45700
MONCAYO	MEDITERRANEO	MEDITERRANEO 772.			2300	4	D	96	14.49	130	45800
MONCAYO	MEDITERRANEO	MEDITERRANEO 773.			2300	4	D	96	14.49	130	47000
MONCAYO	MEDITERRANEO	MEDITERRANEO 790.			2300	4	D	96	14.49	130	46800
MONCAYO	MEDITERRANEO	MEDITERRANEO M 360.	2003		2800	4	D	94	16.29	127	58400
MONCAYO	SILVER	SILVER 765.			2300	4	D	96	14.49	130	41600
MONCAYO	SILVER	SILVER 772.			2300	4	D	96	14.49	130	41000
MONCAYO	SILVER	SILVER 773.			2300	4	D	96	14.49	130	42100
MONCAYO	VAN	VAN 4.			2300	4	D	88	14.49	120	37100
MOOVÈO	1729.	1729.	2010		2287	4	D	96	14.43	130	51000
MOOVÈO	I683.	I683.	2009		2287	4	D	96	14.43	130	68700
MOOVÈO	STANDARD	STANDARD C6AEG.			2300	4	D	85	14.49	115	42500
MOOVÈO	STANDARD	STANDARD C6AEG.			2300	4	D	96	14.49	130	45500
MOOVÈO	STANDARD	STANDARD C7ABG.			2300	4	D	96	14.49	130	46600
MOOVÈO	STANDARD	STANDARD C7AEG.			2300	4	D	85	14.49	115	43500
MOOVÈO	STANDARD	STANDARD C7AG.			2300	4	D	85	14.49	115	43500
MOOVÈO	STANDARD	STANDARD C7AG.			2300	4	D	96	14.49	130	46600
MOOVÈO	STANDARD	STANDARD I7TC.			2300	4	D	96	14.49	130	52200
MOOVÈO	STANDARD	STANDARD P6TP.			2300	4	D	85	14.49	115	39900
MOOVÈO	STANDARD	STANDARD P6TP.			2300	4	D	96	14.49	130	42900
MOOVÈO	STANDARD	STANDARD P6TPC.			2300	4	D	85	14.49	115	41600
MOOVÈO	STANDARD	STANDARD P7LEGL.			2300	4	D	85	14.49	115	44400
MOOVÈO	STANDARD	STANDARD P7LPL.			2300	4	D	85	14.49	115	44400
MOOVÈO	STANDARD	STANDARD P7TC.			2300	4	D	85	14.49	115	42900
MOOVÈO	STANDARD	STANDARD P7TC.			2300	4	D	96	14.49	130	46400
MOOVÈO	STANDARD	STANDARD P7TCL.			2300	4	D	85	14.49	115	44700
MOOVÈO	STANDARD	STANDARD P7TG.			2300	4	D	85	14.49	115	41900
MOOVÈO	STANDARD	STANDARD P7TG.			2300	4	D	96	14.49	130	44800
MOOVÈO	STANDARD	STANDARD P7TGL.			2300	4	D	85	14.49	115	44700
MOOVÈO	STANDARD	STANDARD P7TP.			2300	4	D	85	14.49	115	41900
MOOVÈO	STANDARD	STANDARD P7TP.			2300	4	D	96	14.49	130	44800
MOOVÈO	TEI	TEI 60 FB Citroën.			2200	4	D	103	14.10	140	35100
MOOVÈO	TEI	TEI 70 EBH Citroën.			2200	4	D	103	14.10	140	37800
MOOVÈO	TEI	TEI 71 FBH Citroën.			2200	4	D	103	14.10	140	38700
MOOVÈO	TEI	TEI 74 EBH Citroën.			2200	4	D	103	14.10	140	39800
MOOVÈO	TEI	TEI 74 QBH Citroën.			2200	4	D	103	14.10	140	39600
MOOVÈO	VAN	VAN 5.			2300	4	D	88	14.49	120	37600
NIESMANN	ARTO	ARTO 66L.			2300	4	D	96	14.49	130	69100
NIESMANN	ARTO	ARTO 72L.			2300	4	D	96	14.49	130	73700
NIESMANN	ARTO	ARTO 74E.			2300	4	D	96	14.49	130	75200
NIESMANN	ARTO	ARTO 76L.			2300	4	D	96	14.49	130	76600
NIESMANN	ARTO	ARTO 77E.			2300	4	D	96	14.49	130	76900
NIESMANN	ARTO	ARTO 78F.			2300	4	D	96	14.49	130	79100
NIESMANN	ARTO	ARTO 79E.			2300	4	D	96	14.49	130	81400
NIESMANN	ARTO	ARTO 79R.			2300	4	D	96	14.49	130	81300
NIESMANN	ARTO	ARTO 83B.			2300	4	D	96	14.49	130	83600
NIESMANN	ARTO	ARTO 85E.			2300	4	D	96	14.49	130	84500
NIESMANN	ARTO	ARTO 88E.			2300	4	D	96	14.49	130	86800
NIESMANN	ARTO	ARTO 88EK.			2300	4	D	96	14.49	130	86900
NIESMANN	ARTO	ARTO 88F.			2300	4	D	96	14.49	130	86900
NIESMANN	FLAIR.	FLAIR.	2004		2800	4	D	107	16.30	145	106300
NIESMANN	FLAIR	FLAIR 830 LE.			3000	4	D	132	16.99	180	124400
NIESMANN	FLAIR	FLAIR 840 B.			3000	4	D	132	16.99	180	125100
NIESMANN	FLAIR	FLAIR 840 L.			3000	4	D	132	16.99	180	125100
NIESMANN	FLAIR	FLAIR 880 BE.			3000	4	D	132	16.99	180	127400
NIESMANN	FLAIR	FLAIR 880 LE.			3000	4	D	132	16.99	180	127400
NIESMANN	FLAIR	FLAIR 920 BF.			3000	4	D	132	16.99	180	130300
NIESMANN	FLAIR	FLAIR 920 LE.			3000	4	D	132	16.99	180	130200
NIESMANN	FLAIR	FLAIR 920 LF.			3000	4	D	132	16.99	180	130200
NIESMANN	FLAIR	FLAIR 920 LS.			3000	4	D	132	16.99	180	130300
NOMADE NATION	NEO.	NEO.	2025		2200	4	D	103	14.10	140	52000
NORTH CAPE	ADVENTURE	ADVENTURE 6XH 4X4 (MAN).	2024		2000	4	D	130	13.32	177	94500
NORTH CAPE	ADVENTURE	ADVENTURE 6XR 4X4 (MAN).	2024		2000	4	D	132	13.32	180	88600
PANAMA	ESSENTIAL	ESSENTIAL CAPUCHINO P10 + Ford.			2000	4	D	96	13.32	130	34600
PANAMA	ESSENTIAL	ESSENTIAL CAPUCHINO P10 E Ford.			2000	4	D	77	13.32	105	32400
PANAMA	ESSENTIAL	ESSENTIAL CAPUCHINO P10 Ford.			2000	4	D	96	13.32	130	34300
PANAMA	ESSENTIAL	ESSENTIAL CAPUCHINO P54 + Ford.			2000	4	D	96	13.32	130	35100
PANAMA	ESSENTIAL	ESSENTIAL CAPUCHINO P54 Ford.			2000	4	D	96	13.32	130	34400
PANAMA	P09	P09 Peugeot 2.0 BlueHDi.			2000	4	D	107	13.32	145	34400
PANAMA	P10.	P10.	2022		2000	4	D	96	13.32	130	48600
PANAMA	P10+.	P10+.	2022		2000	4	D	96	13.32	130	52500
PANAMA	P10+	P10+ Peugeot 2.0 BlueHDi.			2000	4	D	107	13.32	145	37600
PANAMA	P10H	P10H Peugeot 2.0 BlueHDi.			2000	4	D	107	13.32	145	45400
PANAMA	P12+.	P12+.	2022		2000	4	D	96	13.32	130	58900
PANAMA	P12+	P12+ Peugeot 2.0 BlueHDi.			2000	4	D	107	13.32	145	38300
PANAMA	P50+	P50+ Peugeot 2.0 BlueHDi.			2000	4	D	107	13.32	145	38300
PANAMA	P54+.	P54+.	2022		2000	4	D	96	13.32	130	53800
PANAMA	P59+	P59+ Peugeot 2.0 BlueHDi.			2000	4	D	107	13.32	145	40900
PANAMA	PEAK	PEAK 10+.	2024		2000	4	D	96	13.32	130	58600
PANAMA	PEAK	PEAK 12+.	2024		2000	4	D	96	13.32	130	57500
PANAMA	U10	U10 Peugeot 2.0 BlueHDi.			2000	4	D	106	13.32	145	32400
PANAMA	U10+	U10+ Peugeot 2.0 BlueHDi.			2000	4	D	106	13.32	145	33000
PANAMA	U11	U11 Peugeot 2.0 BlueHDi.			2000	4	D	106	13.32	145	33200
PANAMA	U11+	U11+ Peugeot 2.0 BlueHDi.			2000	4	D	106	13.32	145	34000
PANAMA	URBAN	URBAN 10+.	2024		2000	4	D	103	13.32	140	49300
PANAMA	URBAN	URBAN 11+.	2024		2000	4	D	103	13.32	140	50200
PEUGEOT	CAPRON	CAPRON LIBERTÉ 690.	2012		2198	4	D	96	0.00	130	104048
P.L.A.	ASSO	ASSO A 370 CITROEN JUMPER 33 L.			2200	4	D	110	14.10	150	32400
P.L.A.	ASSO	ASSO A 370 CITROEN JUMPER 33 L.			2200	4	D	81	14.10	110	29800
P.L.A.	ASSO	ASSO A 370 CITROEN JUMPER 33 L.			2200	4	D	96	14.10	130	31100
P.L.A.	ASSO	ASSO A 370 CITROEN JUMPER 35 L.			2200	4	D	110	14.10	150	31900
P.L.A.	ASSO	ASSO A 370 CITROEN JUMPER 35 L.			2200	4	D	81	14.10	110	30100
P.L.A.	ASSO	ASSO A 370 CITROEN JUMPER 35 L.			2200	4	D	96	14.10	130	31500
P.L.A.	ASSO	ASSO A 380 CITROEN JUMPER 35 L.			2200	4	D	110	14.10	150	35600
P.L.A.	ASSO	ASSO A 380 CITROEN JUMPER 35 L.			2200	4	D	81	14.10	110	32900
P.L.A.	ASSO	ASSO A 380 CITROEN JUMPER 35 L.			2200	4	D	96	14.10	130	34200
P.L.A.	ASSO	ASSO A 380 CITROEN JUMPER 35 L.	2016		2200	4	D	96	14.10	130	68000
P.L.A.	ASSO	ASSO A 390 CITROEN JUMPER 35 L.			2200	4	D	110	14.10	150	35800
P.L.A.	ASSO	ASSO A 390 CITROEN JUMPER 35 L.			3000	4	D	132	16.99	180	37900
P.L.A.	ASSO	ASSO A 390 CITROEN JUMPER 35 L.			2200	4	D	81	14.10	110	33100
P.L.A.	ASSO	ASSO A 390 CITROEN JUMPER 35 L.			2200	4	D	96	14.10	130	34400
P.L.A.	ASSO	ASSO A 415 CITROEN JUMPER 33 L.			2200	4	D	110	14.10	150	31300
P.L.A.	ASSO	ASSO A 415 CITROEN JUMPER 33 L.			2200	4	D	81	14.10	110	28600
P.L.A.	ASSO	ASSO A 415 CITROEN JUMPER 33 L.			2200	4	D	96	14.10	130	29900
P.L.A.	ASSO	ASSO A 415 CITROEN JUMPER 35 L.			2200	4	D	110	14.10	150	31700
P.L.A.	ASSO	ASSO A 415 CITROEN JUMPER 35 L.			2200	4	D	81	14.10	110	28900
P.L.A.	ASSO	ASSO A 415 CITROEN JUMPER 35 L.			2200	4	D	96	14.10	130	30200
P.L.A.	ASSO	ASSO A 425 CITROEN JUMPER 35 L.			2200	4	D	110	14.10	150	36100
P.L.A.	ASSO	ASSO A 425 CITROEN JUMPER 35 L.			2200	4	D	81	14.10	110	33400
P.L.A.	ASSO	ASSO A 425 CITROEN JUMPER 35 L.			2200	4	D	96	14.10	130	34700
P.L.A.	BRUNELLESCHI	BRUNELLESCHI LH74.			2000	4	D	96	13.32	130	68700
P.L.A.	BRUNELLESCHI	BRUNELLESCHI LH75.			2000	4	D	96	13.32	130	68700
P.L.A.	BRUNELLESCHI	BRUNELLESCHI MH44.			2000	4	D	118	13.32	160	82700
P.L.A.	BRUNELLESCHI	BRUNELLESCHI MH74.			2000	4	D	118	13.32	160	82700
P.L.A.	CAPUCHINA	CAPUCHINA M 737.			2300	4	D	110	14.49	150	55700
P.L.A.	CAPUCHINA	CAPUCHINA M 737.			3000	4	D	132	16.99	180	57900
P.L.A.	CAPUCHINA	CAPUCHINA M 737.			2000	4	D	85	13.32	115	53000
P.L.A.	CAPUCHINA	CAPUCHINA M 737.			2300	4	D	96	14.49	130	54300
P.L.A.	CAPUCHINA	CAPUCHINA M 739.			2300	4	D	110	14.49	150	56000
P.L.A.	CAPUCHINA	CAPUCHINA M 739.			3000	4	D	132	16.99	180	58200
P.L.A.	CAPUCHINA	CAPUCHINA M 739.			2000	4	D	85	13.32	115	53400
P.L.A.	CAPUCHINA	CAPUCHINA M 739.			2300	4	D	96	14.49	130	54700
P.L.A.	CAPUCHINA	CAPUCHINA M 744.			2300	4	D	110	14.49	150	56300
P.L.A.	CAPUCHINA	CAPUCHINA M 744.			3000	4	D	132	16.99	180	58400
P.L.A.	CAPUCHINA	CAPUCHINA M 744.			2000	4	D	85	13.32	115	53600
P.L.A.	CAPUCHINA	CAPUCHINA M 744.			2300	4	D	96	14.49	130	54900
P.L.A.	HAPPY	HAPPY 380.			2000	4	D	96	13.32	130	39300
P.L.A.	HAPPY	HAPPY 390.			2000	4	D	96	13.32	130	42000
P.L.A.	HAPPY	HAPPY 395.			2000	4	D	96	13.32	130	42000
P.L.A.	HAPPY	HAPPY 415.			2000	4	D	96	13.32	130	37500
P.L.A.	HAPPY	HAPPY 420.			2000	4	D	96	13.32	130	38200
P.L.A.	HAPPY	HAPPY 430.			2000	4	D	96	13.32	130	38200
P.L.A.	HAPPY	HAPPY 435.			2000	4	D	96	13.32	130	41200
P.L.A.	HAPPY	HAPPY 440.			2000	4	D	96	13.32	130	41200
P.L.A.	MISTER	MISTER 550.			2000	4	D	96	13.32	130	44400
P.L.A.	MISTER	MISTER 560.			2000	4	D	96	13.32	130	44700
P.L.A.	MISTER	MISTER 570.			2000	4	D	96	13.32	130	45700
P.L.A.	MISTER	MISTER 580.			2000	4	D	96	13.32	130	45700
P.L.A.	MISTER	MISTER 590.			2000	4	D	96	13.32	130	45300
P.L.A.	PERFILADO	PERFILADO H S70.			2300	4	D	110	14.49	150	52300
P.L.A.	PERFILADO	PERFILADO H S70.			3000	4	D	132	16.99	180	54400
P.L.A.	PERFILADO	PERFILADO H S70.			2000	4	D	85	13.32	115	49600
P.L.A.	PERFILADO	PERFILADO H S70.			2300	4	D	96	14.49	130	50900
P.L.A.	PERFILADO	PERFILADO H S75.			2300	4	D	110	14.49	150	55200
P.L.A.	PERFILADO	PERFILADO H S75.			3000	4	D	132	16.99	180	57500
P.L.A.	PERFILADO	PERFILADO H S75.			2000	4	D	85	13.32	115	52600
P.L.A.	PERFILADO	PERFILADO H S75.			2300	4	D	96	14.49	130	53900
P.L.A.	PERFILADO	PERFILADO S743.			2300	4	D	110	14.49	150	54700
P.L.A.	PERFILADO	PERFILADO S743.			3000	4	D	132	16.99	180	56900
P.L.A.	PERFILADO	PERFILADO S743.			2000	4	D	85	13.32	115	52100
P.L.A.	PERFILADO	PERFILADO S743.			2300	4	D	96	14.49	130	53400
P.L.A.	PLA	PLA HS69.			2000	4	D	96	13.32	130	57700
P.L.A.	PLA	PLA HS70.			2000	4	D	96	13.32	130	57700
P.L.A.	PLA	PLA HS75.			2000	4	D	96	13.32	130	60100
P.L.A.	PLA	PLA M744.			2000	4	D	96	13.32	130	53500
P.L.A.	PLASY	PLASY H P 58.			2300	4	D	110	14.49	150	43500
P.L.A.	PLASY	PLASY H P 58.			2000	4	D	85	13.32	115	40400
P.L.A.	PLASY	PLASY H P 58.			2300	4	D	96	14.49	130	42100
P.L.A.	PLASY	PLASY H P 63.			2300	4	D	110	14.49	150	44300
P.L.A.	PLASY	PLASY H P 63.			3000	4	D	132	16.99	180	46500
P.L.A.	PLASY	PLASY H P 63.			2000	4	D	85	13.32	115	41500
P.L.A.	PLASY	PLASY H P 63.			2300	4	D	96	14.49	130	42800
P.L.A.	PLASY	PLASY H P 69.			2000	4	D	96	13.32	130	45500
P.L.A.	PLASY	PLASY H P 69.			2300	4	D	96	14.49	130	43900
P.L.A.	PLASY	PLASY H P 69.			2300	4	D	110	14.49	150	44800
P.L.A.	PLASY	PLASY H P 69.			3000	4	D	132	16.99	180	47000
P.L.A.	PLASY	PLASY H P 69.			2000	4	D	85	13.32	115	42100
P.L.A.	PLASY	PLASY H P 71.			2300	4	D	110	14.49	150	45800
P.L.A.	PLASY	PLASY H P 71.			3000	4	D	132	16.99	180	48100
P.L.A.	PLASY	PLASY H P 71.			2000	4	D	85	13.32	115	43100
P.L.A.	PLASY	PLASY H P 71.			2300	4	D	96	14.49	130	44500
P.L.A.	PLASY	PLASY H P 74.			2300	4	D	110	14.49	150	46900
P.L.A.	PLASY	PLASY H P 74.			3000	4	D	132	16.99	180	49200
P.L.A.	PLASY	PLASY H P 74.			2000	4	D	85	13.32	115	44300
P.L.A.	PLASY	PLASY H P 74.			2300	4	D	96	14.49	130	47400
P.L.A.	PLASY	PLASY H P 75.			2300	4	D	110	14.49	150	47400
P.L.A.	PLASY	PLASY H P 75.			3000	4	D	132	16.99	180	49600
P.L.A.	PLASY	PLASY H P 75.			2000	4	D	85	13.32	115	44700
P.L.A.	PLASY	PLASY H P 75.			2300	4	D	96	14.49	130	46000
P.L.A.	PLASY	PLASY H P 76.			2000	4	D	96	13.32	130	47400
P.L.A.	PLASY	PLASY P 59.			2300	4	D	110	14.49	150	42800
P.L.A.	PLASY	PLASY P 59.			3000	4	D	132	16.99	180	45100
P.L.A.	PLASY	PLASY P 59.			2000	4	D	85	13.32	115	40200
P.L.A.	PLASY	PLASY P 59.			2300	4	D	96	14.49	130	41500
P.L.A.	PLASY	PLASY P 60.			2300	4	D	110	14.49	150	41000
P.L.A.	PLASY	PLASY P 60.			3000	4	D	132	16.99	180	42300
P.L.A.	PLASY	PLASY P 60.			2000	4	D	85	13.32	115	39200
P.L.A.	PLASY	PLASY P 60.			2300	4	D	96	14.49	130	39700
P.L.A.	PLASY	PLASY P 70.			2000	4	D	96	13.32	130	45700
P.L.A.	PLASY	PLASY P 70.			2300	4	D	110	14.49	150	44500
P.L.A.	PLASY	PLASY P 70.			3000	4	D	132	16.99	180	46700
P.L.A.	PLASY	PLASY P 70.			2000	4	D	85	13.32	115	41800
P.L.A.	PLASY	PLASY P 70.			2000	4	D	96	13.32	130	45700
P.L.A.	PLASY	PLASY P 70 G.			2000	4	D	96	13.32	130	45500
P.L.A.	PLASY	PLASY P 70 G.			2300	4	D	110	14.49	150	44700
P.L.A.	PLASY	PLASY P 70 G.			3000	4	D	132	16.99	180	46900
P.L.A.	PLASY	PLASY P 70 G.			2000	4	D	85	13.32	115	42000
P.L.A.	PLASY	PLASY P 70 G.			2000	4	D	96	13.32	130	45500
P.L.A.	PLASY	PLASY P 72.			2300	4	D	110	14.49	150	44800
P.L.A.	PLASY	PLASY P 72.			3000	4	D	132	16.99	180	47000
P.L.A.	PLASY	PLASY P 72.			2000	4	D	85	13.32	115	42000
P.L.A.	PLASY	PLASY P 72.			2300	4	D	96	14.49	130	43500
P.L.A.	SANDY	SANDY S74.			2000	4	D	96	13.32	130	55200
P.L.A.	SANDY	SANDY S75.			2000	4	D	96	13.32	130	55200
P.L.A.	TERRY	TERRY GL 937.			2200	4	D	96	14.10	130	62300
P.L.A.	TERRY	TERRY GL 938.			2200	4	D	96	14.10	130	62300
P.L.A.	TERRY	TERRY T32.			2200	4	D	96	14.10	130	45700
P.L.A.	TERRY	TERRY T36.			2200	4	D	96	14.10	130	47700
P.L.A.	TERRY	TERRY T37.			2200	4	D	96	14.10	130	49300
P.L.A.	TERRY	TERRY T38.			2200	4	D	96	14.10	130	49500
P.L.A.	TERRY	TERRY W45.			2200	4	D	96	14.10	130	45300
PILOTE	ATLANTIS.	ATLANTIS.	1992		2500	4	D	70	15.23	95	43600
PILOTE	ATLANTIS	ATLANTIS 39CX.	1993		2500	4	D	54	15.23	73	41500
PILOTE	ATLANTIS	ATLANTIS 580.	1999		2800	4	D	90	16.30	122	51000
PILOTE	ATLANTIS	ATLANTIS 59CX.	1992		2500	4	D	70	15.23	95	43600
PILOTE	Atlas	Atlas Perfilado A 656 Ford (cambio automático).			2000	4	D	125	13.32	170	47300
PILOTE	Atlas	Atlas Perfilado A 696 Ford (cambio automático).			2000	4	D	125	13.32	170	53900
PILOTE	AVENTURA	AVENTURA A 650 AEGA.			2300	4	D	96	14.49	130	48300
PILOTE	AVENTURA	AVENTURA A 656 UA.			2300	4	D	96	14.49	130	51100
PILOTE	AVENTURA	AVENTURA A 705.	2013		2300	4	D	109	14.43	148	66400
PILOTE	AVENTURA	AVENTURA A 705 AGA.			2000	4	D	85	13.32	115	45800
PILOTE	AVENTURA	AVENTURA A 705 AGA.			2300	4	D	96	14.49	130	48500
PILOTE	AVENTURA	AVENTURA A 707 ABGA.			2300	4	D	96	14.49	130	48500
PILOTE	AVENTURA	AVENTURA A 710 AEGA.			2000	4	D	85	13.32	115	46600
PILOTE	AVENTURA	AVENTURA G 600 LPA.			2300	4	D	96	14.49	130	48500
PILOTE	AVENTURA	AVENTURA G 600 TGA.			2300	4	D	96	14.49	130	48500
PILOTE	AVENTURA	AVENTURA G 680 LPA.			2300	4	D	96	14.49	130	53000
PILOTE	AVENTURA	AVENTURA G 690 LGA.			2300	4	D	96	14.49	130	53000
PILOTE	AVENTURA	AVENTURA G 740 LCA.			2300	4	D	96	14.49	130	54000
PILOTE	AVENTURA	AVENTURA G 740 LGJA.			2300	4	D	96	14.49	130	54000
PILOTE	AVENTURA	AVENTURA P 600 LPA.			2000	4	D	85	13.32	115	43900
PILOTE	AVENTURA	AVENTURA P 626 UA.			2300	4	D	96	14.49	130	49800
PILOTE	AVENTURA	AVENTURA P 670 LPA.			2000	4	D	85	13.32	115	46600
PILOTE	AVENTURA	AVENTURA P 670 LPA.			2300	4	D	96	14.49	130	49300
PILOTE	AVENTURA	AVENTURA P 676 LPA.			2300	4	D	96	14.49	130	50200
PILOTE	AVENTURA	AVENTURA P 680 LGA.			2000	4	D	85	13.32	115	46600
PILOTE	AVENTURA	AVENTURA P 680 LGA.			2300	4	D	96	14.49	130	50200
PILOTE	AVENTURA	AVENTURA P 710 LCA.			2300	4	D	96	14.49	130	50800
PILOTE	AVENTURA	AVENTURA P 716 LGA.			2000	4	D	85	13.32	115	48400
PILOTE	AVENTURA	AVENTURA P 716 LPA.			2000	4	D	85	13.32	115	48400
PILOTE	AVENTURA	AVENTURA P 716 LPA.			2300	4	D	96	14.49	130	51100
PILOTE	AVENTURA	AVENTURA P 730 LCA.			2000	4	D	85	13.32	115	47500
PILOTE	AVENTURA	AVENTURA P 736 LCA.			2000	4	D	85	13.32	115	49300
PILOTE	DIAMOND	DIAMOND G 712 CF 4.5T ALKO.			2300	4	D	110	14.49	150	79700
PILOTE	DIAMOND	DIAMOND G 742 C 4.5T ALKO.			2300	4	D	110	14.49	150	81300
PILOTE	DIAMOND	DIAMOND G 742 GJ 4.5T ALKO.			2300	4	D	110	14.49	150	81300
PILOTE	DIAMOND	DIAMOND G 742 JF 4.5T ALKO.			2300	4	D	110	14.49	150	81300
PILOTE	DIAMOND	DIAMOND G 782 C 4.5T ALKO.			2300	4	D	110	14.49	150	89200
PILOTE	DIAMOND	DIAMOND G 782 GJ F 4.5T ALKO.			2300	4	D	110	14.49	150	89200
PILOTE	DIAMOND	DIAMOND G 832 C 4.5T ALKO.			2300	4	D	110	14.49	150	93600
PILOTE	DIAMOND	DIAMOND G 832 GJ F 4.5T ALKO.			2300	4	D	110	14.49	150	93600
PILOTE	ESSENTIAL	ESSENTIAL G 690 GJ/D Fiat L.			2200	4	D	103	14.10	140	49600
PILOTE	ESSENTIAL	ESSENTIAL G 720 FC Fiat L.			2200	4	D	103	14.10	140	50300
PILOTE	ESSENTIAL	ESSENTIAL G 740 C/FC/GJ/FGJ Fiat L.			2200	4	D	103	14.10	140	50600
PILOTE	ESSENTIAL	ESSENTIAL G 741 FC/FGJ Fiat L.			2200	4	D	103	14.10	140	53200
PILOTE	ESSENTIAL	ESSENTIAL G 781 FC/FGJ Fiat L.			2200	4	D	103	14.10	140	57300
PILOTE	Essential	Essential Integral G 690 GJ/D Fiat L Integral.			2200	4	D	103	14.10	140	57900
PILOTE	Essential	Essential Integral G 720 FC Fiat L Integral.			2200	4	D	103	14.10	140	58600
PILOTE	Essential	Essential Integral G 740 C/FC/GJ/FGJ Fiat L Integral.			2200	4	D	103	14.10	140	59000
PILOTE	Essential	Essential Integral G 741 FC/FGJ Fiat L Integral.			2200	4	D	103	14.10	140	61300
PILOTE	Essential	Essential Integral G 781 FC/FGJ Fiat L Integral.			2200	4	D	103	14.10	140	68600
PILOTE	ESSENTIAL	ESSENTIAL P 600 P Fiat L.			2200	4	D	103	14.10	140	39600
PILOTE	ESSENTIAL	ESSENTIAL P 626 D Fiat L.			2200	4	D	103	14.10	140	41600
PILOTE	ESSENTIAL	ESSENTIAL P 650 GJ/C Fiat L.			2200	4	D	103	14.10	140	40300
PILOTE	ESSENTIAL	ESSENTIAL P 690 GJ Fiat L.			2200	4	D	103	14.10	140	41000
PILOTE	ESSENTIAL	ESSENTIAL P 696 GJ/S/D Fiat L.			2200	4	D	103	14.10	140	42300
PILOTE	ESSENTIAL	ESSENTIAL P 720 FC/FGJ Fiat L.			2200	4	D	103	14.10	140	41600
PILOTE	ESSENTIAL	ESSENTIAL P 726 P/FC/FGJ Fiat L.			2200	4	D	103	14.10	140	42900
PILOTE	ESSENTIAL	ESSENTIAL P 740 C/GJ/FC/FGJ Fiat L.			2200	4	D	103	14.10	140	42300
PILOTE	ESSENTIAL	ESSENTIAL P 746 C/GJ Exclusive Edition Fiat L.			2200	4	D	103	14.10	140	43700
PILOTE	ESSENTIAL	ESSENTIAL P 746 C/GJ/FC/FGJ Fiat L.			2200	4	D	103	14.10	140	43700
PILOTE	ESSENTIEL	ESSENTIEL C700.			2300	4	D	96	14.49	130	47600
PILOTE	Evidence	Evidence + Perfilado P 690D Fiat 2,2 L.			2200	4	D	103	14.10	140	49800
PILOTE	Evidence	Evidence + Perfilado P 690GJ Fiat 2,2 L.			2200	4	D	103	14.10	140	50400
PILOTE	Evidence	Evidence + Perfilado P 720FC Fiat 2,2 L.			2200	4	D	103	14.10	140	50600
PILOTE	Evidence	Evidence + Perfilado P 740C Fiat 2,2 L.			2200	4	D	103	14.10	140	51700
PILOTE	Evidence	Evidence + Perfilado P 740FC Fiat 2,2 L.			2200	4	D	103	14.10	140	51300
PILOTE	Evidence	Evidence + Perfilado P 740FGJ Fiat 2,2 L.			2200	4	D	103	14.10	140	51300
PILOTE	Evidence	Evidence + Perfilado P 740GJ Fiat 2,2 L.			2200	4	D	103	14.10	140	51700
PILOTE	Evidence	Evidence Fit P 626 D Citroën.			2200	4	D	103	14.10	140	48600
PILOTE	Evidence	Evidence Fit P 696 D/u Citroën.			2200	4	D	103	14.10	140	48800
PILOTE	Evidence	Evidence Fit P 726 fc Citroën.			2200	4	D	103	14.10	140	49600
PILOTE	Evidence	Evidence Fit P 746 FC/FGJ Citroën.			2200	4	D	103	14.10	140	50300
PILOTE	Evidence	Evidence G 720 FC Fiat L Perfilado.			2200	4	D	103	14.10	140	60000
PILOTE	Evidence	Evidence G 740 FC/FGJ Fiat L Perfilado.			2200	4	D	103	14.10	140	60600
PILOTE	Evidence	Evidence G 741 Fiat L Perfilado.			2200	4	D	103	14.10	140	63200
PILOTE	Evidence	Evidence P 626 D Fiat L Perfilado.			2200	4	D	103	14.10	140	52600
PILOTE	Evidence	Evidence P 726 FC Fiat L Perfilado.			2200	4	D	103	14.10	140	50600
PILOTE	Evidence	Evidence P 746 FC/FGJ Fiat L Perfilado.			2200	4	D	103	14.10	140	51300
PILOTE	EXPDIAMOND	EXPDIAMOND G 742 LCE.			2300	4	D	110	14.49	150	77700
PILOTE	EXPDIAMOND	EXPDIAMOND G 742 LCGE.			2300	4	D	110	14.49	150	77700
PILOTE	EXPDIAMOND	EXPDIAMOND G 742 LGE.			2300	4	D	110	14.49	150	77700
PILOTE	EXPDIAMOND	EXPDIAMOND G 742 LGJE.			2300	4	D	110	14.49	150	77700
PILOTE	EXPDIAMOND	EXPDIAMOND G 742 LJE.			2300	4	D	110	14.49	150	77700
PILOTE	EXPDIAMOND	EXPDIAMOND G 743 LCE.			2200	4	D	120	14.10	163	80400
PILOTE	EXPDIAMOND	EXPDIAMOND G 743 LGE.			2200	4	D	120	14.10	163	80400
PILOTE	EXPDIAMOND	EXPDIAMOND G 743 LGJE.			2200	4	D	120	14.10	163	77700
PILOTE	EXPDIAMOND	EXPDIAMOND G 782 LCE.			2300	4	D	110	14.49	150	89700
PILOTE	EXPDIAMOND	EXPDIAMOND G 782 LGE.			2300	4	D	110	14.49	150	89700
PILOTE	EXPDIAMOND	EXPDIAMOND G 782 LGJE.			2300	4	D	110	14.49	150	89700
PILOTE	EXPDIAMOND	EXPDIAMOND G 783 LCE.			2300	4	D	140	14.49	190	97000
PILOTE	EXPDIAMOND	EXPDIAMOND G 783 LGE.			2300	4	D	140	14.49	190	97000
PILOTE	EXPDIAMOND	EXPDIAMOND G 783 LGJE.			2300	4	D	140	14.49	190	97000
PILOTE	EXPDIAMOND	EXPDIAMOND G 832 LCE.			2300	4	D	110	14.49	150	91400
PILOTE	EXPDIAMOND	EXPDIAMOND G 832 LGE.			2300	4	D	110	14.49	150	91400
PILOTE	EXPDIAMOND	EXPDIAMOND G 832 LGJE.			2300	4	D	110	14.49	150	91400
PILOTE	EXPLORATEUR	EXPLORATEUR G 691 LGE.			2300	4	D	96	14.49	130	63100
PILOTE	EXPLORATEUR	EXPLORATEUR G 691 LPE.			2300	4	D	96	14.49	130	63100
PILOTE	EXPLORATEUR	EXPLORATEUR G 692 LG.			2300	4	D	96	14.49	130	72600
PILOTE	EXPLORATEUR	EXPLORATEUR G 692 LP.			2300	4	D	96	14.49	130	72600
PILOTE	EXPLORATEUR	EXPLORATEUR G 703 LG.			2200	4	D	118	14.10	160	77500
PILOTE	EXPLORATEUR	EXPLORATEUR G 741 LCE.			2300	4	D	110	14.49	150	65000
PILOTE	EXPLORATEUR	EXPLORATEUR G 741 LGE.			2300	4	D	110	14.49	150	65000
PILOTE	EXPLORATEUR	EXPLORATEUR G 741 LGJE.			2300	4	D	110	14.49	150	65000
PILOTE	EXPLORATEUR	EXPLORATEUR G 741 LJE.			2300	4	D	110	14.49	150	65000
PILOTE	EXPLORATEUR	EXPLORATEUR G 742 LC.			2300	4	D	96	14.49	130	73600
PILOTE	EXPLORATEUR	EXPLORATEUR G 742 LCG.			2300	4	D	96	14.49	130	73600
PILOTE	EXPLORATEUR	EXPLORATEUR G 742 LG.			2300	4	D	96	14.49	130	73600
PILOTE	EXPLORATEUR	EXPLORATEUR G 742 LGJ.			2300	4	D	96	14.49	130	73600
PILOTE	EXPLORATEUR	EXPLORATEUR G 742 LJ.			2300	4	D	96	14.49	130	73600
PILOTE	EXPLORATEUR	EXPLORATEUR G 743 LC.			2200	4	D	118	14.10	160	78500
PILOTE	EXPLORATEUR	EXPLORATEUR G 743 LG.			2200	4	D	118	14.10	160	78500
PILOTE	EXPLORATEUR	EXPLORATEUR G 743 LJ.			2200	4	D	118	14.10	160	78500
PILOTE	EXPLORATEUR	EXPLORATEUR G 781 LCE.			2300	4	D	110	14.49	150	70400
PILOTE	EXPLORATEUR	EXPLORATEUR G 782 LC.			3000	4	D	118	16.99	160	88400
PILOTE	EXPLORATEUR	EXPLORATEUR G 782 LG.			3000	4	D	118	16.99	160	88400
PILOTE	EXPLORATEUR	EXPLORATEUR G 832 LC.			3000	4	D	118	16.99	160	91400
PILOTE	EXPLORATEUR	EXPLORATEUR G 832 LG.			3000	4	D	118	16.99	160	91200
PILOTE	EXPLORATEUR	EXPLORATEUR G 832 LGJ.			3000	4	D	118	16.99	160	91200
PILOTE	EXPLORATEUR	EXPLORATEUR P 681 LGE.			2300	4	D	96	14.49	130	56600
PILOTE	EXPLORATEUR	EXPLORATEUR P 681 LPE.			2300	4	D	96	14.49	130	56600
PILOTE	EXPLORATEUR	EXPLORATEUR P 715 (715 FD).			2464	4	D	107	15.09	146	68700
PILOTE	EXPLORATEUR	EXPLORATEUR P 731 LGE.			2300	4	D	96	14.49	130	57500
PILOTE	EXPLORATEUR	EXPLORATEUR P 731 LGJE.			2300	4	D	96	14.49	130	57500
PILOTE	EXPLORATEUR	EXPLORATEUR P 731 LJE.			2300	4	D	96	14.49	130	57500
PILOTE	EXPLORATEUR	EXPLORATEUR P 731 LPE.			2300	4	D	96	14.49	130	57500
PILOTE	EXPLORATEUR	EXPLORATEUR P 732 LC.			2300	4	D	96	14.49	130	65800
PILOTE	EXPLORATEUR	EXPLORATEUR P 732 LCG.			2300	4	D	96	14.49	130	65800
PILOTE	EXPLORATEUR	EXPLORATEUR P 732 LG.			2300	4	D	96	14.49	130	65800
PILOTE	EXPLORATEUR	EXPLORATEUR P 732 LGJ.			2300	4	D	96	14.49	130	65800
PILOTE	EXPLORATEUR	EXPLORATEUR P 732 LJ.			2300	4	D	96	14.49	130	65800
PILOTE	Expression	Expression Perfilado P 600 P Fiat L Perfilado.			2200	4	D	103	14.10	140	47300
PILOTE	Expression	Expression Perfilado P 626 D Fiat L Perfilado.			2200	4	D	103	14.10	140	49300
PILOTE	Expression	Expression Perfilado P 650 GJ/C Fiat L Perfilado.			2200	4	D	103	14.10	140	48000
PILOTE	Expression	Expression Perfilado P 690 GJ Fiat L Perfilado.			2200	4	D	103	14.10	140	48600
PILOTE	Expression	Expression Perfilado P 696 D/GJ/S/U Fiat L Perfilado.			2200	4	D	103	14.10	140	49900
PILOTE	Expression	Expression Perfilado P 720 FC/FGJ Fiat L Perfilado.			2200	4	D	103	14.10	140	49300
PILOTE	Expression	Expression Perfilado P 726 P/FC/FGJ Fiat L Perfilado.			2200	4	D	103	14.10	140	50600
PILOTE	Expression	Expression Perfilado P 740 C/GJ/FC/FGJ Fiat L Perfilado.			2200	4	D	103	14.10	140	49900
PILOTE	FIRST	FIRST 20.	2000		2496	4	D	74	15.21	101	45000
PILOTE	FIRST	FIRST 80.			2496	4	D	96	15.21	130	50800
PILOTE	FOXY	FOXY V 600 G FIAT 33L.			2300	4	D	96	14.49	130	39900
PILOTE	FOXY	FOXY V 600 P FIAT 33L.			2300	4	D	96	14.49	130	39900
PILOTE	FOXY	FOXY V 630 J FIAT 33L.			2300	4	D	96	14.49	130	41500
PILOTE	G	G 673 XFP.			2148	4	D	110	13.90	150	62500
PILOTE	G901XDP.	G901XDP.			2685	4	D	115	15.90	156	79700
PILOTE	GALAXY	GALAXY EMOTION G 600 G.			2300	4	D	96	14.49	130	64000
PILOTE	GALAXY	GALAXY EMOTION G 600 L.			2300	4	D	96	14.49	130	64000
PILOTE	GALAXY	GALAXY EMOTION G 600 P.			2300	4	D	96	14.49	130	64000
PILOTE	GALAXY	GALAXY EMOTION G 650 C.			2300	4	D	96	14.49	130	65000
PILOTE	GALAXY	GALAXY EMOTION G 650 GJ.			2300	4	D	96	14.49	130	65000
PILOTE	GALAXY	GALAXY EMOTION G 650 L.			2300	4	D	96	14.49	130	65000
PILOTE	GALAXY	GALAXY EMOTION G 650 U.			2300	4	D	96	14.49	130	65000
PILOTE	GALAXY	GALAXY EMOTION G 700 C.			2300	4	D	96	14.49	130	66700
PILOTE	GALAXY	GALAXY EMOTION G 700 GJ.			2300	4	D	96	14.49	130	66700
PILOTE	GALAXY	GALAXY EMOTION G 701 C.			2300	4	D	96	14.49	130	70400
PILOTE	GALAXY	GALAXY EMOTION G 701 GJ.			2300	4	D	96	14.49	130	70400
PILOTE	GALAXY	GALAXY EMOTION G 740 C FIAT 35L.			2300	4	D	110	14.49	150	66600
PILOTE	GALAXY	GALAXY EMOTION G 740 C FIAT 35L.			2300	4	D	96	14.49	130	67700
PILOTE	GALAXY	GALAXY EMOTION G 740 G FIAT 35L.			2300	4	D	110	14.49	150	66600
PILOTE	GALAXY	GALAXY EMOTION G 740 GJ FIAT 35L.			2300	4	D	110	14.49	150	66600
PILOTE	GALAXY	GALAXY EMOTION G 740 GJ FIAT 35L.			2300	4	D	96	14.49	130	67700
PILOTE	GALAXY	GALAXY EMOTION G 741 C FIAT 35L ALKO.			2300	4	D	110	14.49	150	70600
PILOTE	GALAXY	GALAXY EMOTION G 741 C FIAT 35L ALKO.			2300	4	D	96	14.49	130	71400
PILOTE	GALAXY	GALAXY EMOTION G 741 G FIAT 35L ALKO.			2300	4	D	110	14.49	150	70600
PILOTE	GALAXY	GALAXY EMOTION G 741 GJ FIAT 35L ALKO.			2300	4	D	110	14.49	150	70600
PILOTE	GALAXY	GALAXY EMOTION G 741 GJ FIAT 35L ALKO.			2300	4	D	96	14.49	130	71400
PILOTE	GALAXY	GALAXY EMOTION G 741 J ALKO.			2300	4	D	96	14.49	130	71400
PILOTE	GALAXY	GALAXY EMOTION G 781 C 42H ALKO.			2300	4	D	110	14.49	150	74500
PILOTE	GALAXY	GALAXY EMOTION G 781 C ALKO.			2300	4	D	96	14.49	130	75300
PILOTE	GALAXY	GALAXY EMOTION G 781 GJ ALKO.			2300	4	D	96	14.49	130	75300
PILOTE	GALAXY	GALAXY EMOTION G 781 GJF42H ALKO.			2300	4	D	110	14.49	150	74500
PILOTE	GALAXY	GALAXY ESSENTIEL C 700.			2300	4	D	96	14.49	130	47200
PILOTE	GALAXY	GALAXY ESSENTIEL G 600 G.			2300	4	D	96	14.49	130	56600
PILOTE	GALAXY	GALAXY ESSENTIEL G 600 G FIAT 35L.			2300	4	D	110	14.49	150	56300
PILOTE	GALAXY	GALAXY ESSENTIEL G 600 L.			2300	4	D	96	14.49	130	56700
PILOTE	GALAXY	GALAXY ESSENTIEL G 600 L FIAT 35L.			2300	4	D	110	14.49	150	56600
PILOTE	GALAXY	GALAXY ESSENTIEL G 600 P.			2300	4	D	96	14.49	130	56700
PILOTE	GALAXY	GALAXY ESSENTIEL G 600 P FIAT 35L.			2300	4	D	110	14.49	150	56300
PILOTE	GALAXY	GALAXY ESSENTIEL G 650 C.			2300	4	D	96	14.49	130	58200
PILOTE	GALAXY	GALAXY ESSENTIEL G 650 GJ.			2300	4	D	96	14.49	130	58200
PILOTE	GALAXY	GALAXY ESSENTIEL G 650 L.			2300	4	D	96	14.49	130	58200
PILOTE	GALAXY	GALAXY ESSENTIEL G 650 U.			2300	4	D	96	14.49	130	58200
PILOTE	GALAXY	GALAXY ESSENTIEL G 690 G FIAT 35L.			2300	4	D	110	14.49	150	57700
PILOTE	GALAXY	GALAXY ESSENTIEL G 700 C.			2300	4	D	96	14.49	130	59500
PILOTE	GALAXY	GALAXY ESSENTIEL G 700 C FIAT 35L.			2300	4	D	110	14.49	150	57700
PILOTE	GALAXY	GALAXY ESSENTIEL G 700 GJ.			2300	4	D	96	14.49	130	59500
PILOTE	GALAXY	GALAXY ESSENTIEL G 701 C ALKO.			2300	4	D	96	14.49	130	64000
PILOTE	GALAXY	GALAXY ESSENTIEL G 701 GJ ALKO.			2300	4	D	96	14.49	130	64000
PILOTE	GALAXY	GALAXY ESSENTIEL G 740 C.			2300	4	D	96	14.49	130	59900
PILOTE	GALAXY	GALAXY ESSENTIEL G 740 C FIAT 35L.			2300	4	D	110	14.49	150	58500
PILOTE	GALAXY	GALAXY ESSENTIEL G 740 GJ.			2300	4	D	96	14.49	130	59900
PILOTE	GALAXY	GALAXY ESSENTIEL G 740 GJ-7 G FIAT 35L.			2300	4	D	110	14.49	150	58500
PILOTE	GALAXY	GALAXY ESSENTIEL G 741 C 35L ALKO.			2300	4	D	110	14.49	150	63700
PILOTE	GALAXY	GALAXY ESSENTIEL G 741 C 35L ALKO.			2300	4	D	96	14.49	130	64900
PILOTE	GALAXY	GALAXY ESSENTIEL G 741 G 35L ALKO.			2300	4	D	110	14.49	150	63700
PILOTE	GALAXY	GALAXY ESSENTIEL G 741 GJ 35L ALKO.			2300	4	D	110	14.49	150	63700
PILOTE	GALAXY	GALAXY ESSENTIEL G 741 GJ 35L ALKO.			2300	4	D	96	14.49	130	64900
PILOTE	GALAXY	GALAXY ESSENTIEL G 741 J ALKO.			2300	4	D	96	14.49	130	64900
PILOTE	GALAXY	GALAXY ESSENTIEL G 741 JF 35L ALKO.			2300	4	D	110	14.49	150	63700
PILOTE	GALAXY	GALAXY ESSENTIEL G 781 C 42H ALKO.			2300	4	D	110	14.49	150	66600
PILOTE	GALAXY	GALAXY ESSENTIEL G 781 C ALKO.			2300	4	D	96	14.49	130	68200
PILOTE	GALAXY	GALAXY ESSENTIEL G 781 GJ F 42H ALKO.			2300	4	D	110	14.49	150	66600
PILOTE	GALAXY	GALAXY ESSENTIEL G781 GJ ALKO.			2300	4	D	96	14.49	130	68200
PILOTE	GALAXY	GALAXY G 27.	1998		2500	4	D	62	15.22	84	52600
PILOTE	GALAXY	GALAXY SENSATION G 600 G.			2300	4	D	96	14.49	130	60800
PILOTE	GALAXY	GALAXY SENSATION G 600 L.			2300	4	D	96	14.49	130	60800
PILOTE	GALAXY	GALAXY SENSATION G 600 P.			2300	4	D	96	14.49	130	60800
PILOTE	GALAXY	GALAXY SENSATION G 650 C.			2300	4	D	96	14.49	130	61700
PILOTE	GALAXY	GALAXY SENSATION G 650 GJ.			2300	4	D	96	14.49	130	61700
PILOTE	GALAXY	GALAXY SENSATION G 650 L.			2300	4	D	96	14.49	130	61700
PILOTE	GALAXY	GALAXY SENSATION G 650 U.			2300	4	D	96	14.49	130	61700
PILOTE	GALAXY	GALAXY SENSATION G 690 L FIAT 35L.			2300	4	D	110	14.49	150	61400
PILOTE	GALAXY	GALAXY SENSATION G 700 C FIAT 35L.			2300	4	D	110	14.49	150	61400
PILOTE	GALAXY	GALAXY SENSATION G 700 C FIAT 35L.			2300	4	D	96	14.49	130	63100
PILOTE	GALAXY	GALAXY SENSATION G 700 GJ.			2300	4	D	96	14.49	130	63100
PILOTE	GALAXY	GALAXY SENSATION G 701 C.			2300	4	D	96	14.49	130	66900
PILOTE	GALAXY	GALAXY SENSATION G 701 GJ.			2300	4	D	96	14.49	130	66900
PILOTE	GALAXY	GALAXY SENSATION G 740 C.			2300	4	D	96	14.49	130	64100
PILOTE	GALAXY	GALAXY SENSATION G 740 C FIAT 35L.			2300	4	D	110	14.49	150	62200
PILOTE	GALAXY	GALAXY SENSATION G 740 G FIAT 35L.			2300	4	D	110	14.49	150	62200
PILOTE	GALAXY	GALAXY SENSATION G 740 GJ.			2300	4	D	96	14.49	130	64100
PILOTE	GALAXY	GALAXY SENSATION G 740 GJ FIAT 35L.			2300	4	D	110	14.49	150	62200
PILOTE	GALAXY	GALAXY SENSATION G 741 C.			2300	4	D	96	14.49	130	67900
PILOTE	GALAXY	GALAXY SENSATION G 741 C FIAT 35L ALKO.			2300	4	D	110	14.49	150	66600
PILOTE	GALAXY	GALAXY SENSATION G 741 GJ ALKO.			2300	4	D	96	14.49	130	67900
PILOTE	GALAXY	GALAXY SENSATION G 741 GJ FIAT 35L ALKO.			2300	4	D	110	14.49	150	66600
PILOTE	GALAXY	GALAXY SENSATION G 741 J FIAT 35L ALKO.			2300	4	D	110	14.49	150	66600
PILOTE	GALAXY	GALAXY SENSATION G 741 J FIAT 35L ALKO.			2300	4	D	96	14.49	130	67900
PILOTE	GALAXY	GALAXY SENSATION G 781 C 42H ALKO.			2300	4	D	110	14.49	150	69300
PILOTE	GALAXY	GALAXY SENSATION G 781 C ALKO.			2300	4	D	96	14.49	130	71400
PILOTE	GALAXY	GALAXY SENSATION G 781 GJ 42H ALKO.			2300	4	D	110	14.49	150	69300
PILOTE	GALAXY	GALAXY SENSATION G 781 GJ ALKO.			2300	4	D	96	14.49	130	71400
PILOTE	PACIFIC	PACIFIC EMOTION P 710 P FIAT 35L.			2300	4	D	96	14.49	130	56700
PILOTE	PACIFIC	PACIFIC EMOTION P 716 P FIAT 35L.			2300	4	D	96	14.49	130	58900
PILOTE	PACIFIC	PACIFIC EMOTION P 740 C FIAT 35L.			2300	4	D	96	14.49	130	56700
PILOTE	PACIFIC	PACIFIC EMOTION P 746 C FIAT 35L.			2300	4	D	96	14.49	130	58900
PILOTE	PACIFIC	PACIFIC EMOTION P 746 G FIAT 35L.			2300	4	D	96	14.49	130	58900
PILOTE	PACIFIC	PACIFIC EMOTION P 746 GJ FIAT 35L.			2300	4	D	96	14.49	130	58900
PILOTE	PACIFIC	PACIFIC EMOTION P 746 P FIAT 35L.			2300	4	D	96	14.49	130	58900
PILOTE	PACIFIC	PACIFIC ESSENTIEL P 600 P FIAT 35L.			2300	4	D	96	14.49	130	45300
PILOTE	PACIFIC	PACIFIC ESSENTIEL P 606 L FIAT 35L.			2300	4	D	96	14.49	130	47500
PILOTE	PACIFIC	PACIFIC ESSENTIEL P 690 L FIAT 35L.			2300	4	D	96	14.49	130	50100
PILOTE	PACIFIC	PACIFIC ESSENTIEL P 700 C FIAT 35L.			2300	4	D	96	14.49	130	48100
PILOTE	PACIFIC	PACIFIC ESSENTIEL P 710 P FIAT 35L.			2300	4	D	96	14.49	130	48900
PILOTE	PACIFIC	PACIFIC ESSENTIEL P 716 L FIAT 35L.			2300	4	D	96	14.49	130	48900
PILOTE	PACIFIC	PACIFIC ESSENTIEL P 740 C FIAT 35L.			2300	4	D	96	14.49	130	48900
PILOTE	PACIFIC	PACIFIC ESSENTIEL P 740 GJ FIAT 35L.			2300	4	D	96	14.49	130	48900
PILOTE	PACIFIC	PACIFIC ESSENTIEL P 746 C FIAT 35L.			2300	4	D	96	14.49	130	50200
PILOTE	PACIFIC	PACIFIC ESSENTIEL P 746 G FIAT 35L.			2300	4	D	96	14.49	130	49400
PILOTE	PACIFIC	PACIFIC ESSENTIEL P 746 GJ FIAT 35L.			2300	4	D	96	14.49	130	50200
PILOTE	PACIFIC	PACIFIC ESSENTIEL P 746 P FIAT 35L.			2300	4	D	96	14.49	130	49400
PILOTE	PACIFIC	PACIFIC ESSENTIEL P650 GJ ESSENTIEL.			2300	4	D	96	14.49	130	46600
PILOTE	PACIFIC	PACIFIC P 656 C ESSENTIEL.			2300	4	D	96	14.49	130	48500
PILOTE	PACIFIC	PACIFIC P 656 GJ ESSENTIEL.			2300	4	D	96	14.49	130	48500
PILOTE	PACIFIC	PACIFIC P 700 GJ ESSENTIEL.			2300	4	D	96	14.49	130	48100
PILOTE	PACIFIC	PACIFIC P 706 C ESSENTIEL.			2300	4	D	96	14.49	130	49800
PILOTE	PACIFIC	PACIFIC P 706 C SENSATION.			2300	4	D	96	14.49	130	54000
PILOTE	PACIFIC	PACIFIC P 706 GJ ESSENTIEL.			2300	4	D	96	14.49	130	49800
PILOTE	PACIFIC	PACIFIC P 706 GJ SENSATION.			2300	4	D	96	14.49	130	54000
PILOTE	PACIFIC	PACIFIC P600 P SENSATION.			2300	4	D	96	14.49	130	49400
PILOTE	PACIFIC	PACIFIC P650 C ESSENTIEL.			2300	4	D	96	14.49	130	46600
PILOTE	PACIFIC	PACIFIC P650 C SENSATION.			2300	4	D	96	14.49	130	50200
PILOTE	PACIFIC	PACIFIC P650 GJ SENSATION.			2300	4	D	96	14.49	130	50200
PILOTE	PACIFIC	PACIFIC P650 U ESSENTIEL.			2300	4	D	96	14.49	130	46600
PILOTE	PACIFIC	PACIFIC P650 U SENSATION.			2300	4	D	96	14.49	130	50200
PILOTE	PACIFIC	PACIFIC P656 C SENSATION.			2300	4	D	96	14.49	130	52200
PILOTE	PACIFIC	PACIFIC P656 GJ SENSATION.			2300	4	D	96	14.49	130	52200
PILOTE	PACIFIC	PACIFIC P700 GJ SENSATION.			2300	4	D	96	14.49	130	52200
PILOTE	PACIFIC	PACIFIC P710 P SENSATION.			2300	4	D	96	14.49	130	53000
PILOTE	PACIFIC	PACIFIC P716 P ESSENTIEL.			2300	4	D	96	14.49	130	50800
PILOTE	PACIFIC	PACIFIC P716 P ESSENTIEL.			2300	4	D	96	14.49	130	50200
PILOTE	PACIFIC	PACIFIC SENSATION P 700 C FIAT 35L.			2300	4	D	96	14.49	130	52200
PILOTE	PACIFIC	PACIFIC SENSATION P 700 P FIAT 35L.			2300	4	D	96	14.49	130	52000
PILOTE	PACIFIC	PACIFIC SENSATION P 716 P FIAT 35L.			2300	4	D	96	14.49	130	54900
PILOTE	PACIFIC	PACIFIC SENSATION P 740 C FIAT 35L.			2300	4	D	96	14.49	130	53000
PILOTE	PACIFIC	PACIFIC SENSATION P 740 GJ FIAT 35L.			2300	4	D	96	14.49	130	53000
PILOTE	PACIFIC	PACIFIC SENSATION P 746 C FIAT 35L.			2300	4	D	96	14.49	130	54900
PILOTE	PACIFIC	PACIFIC SENSATION P 746 G FIAT 35L.			2300	4	D	96	14.49	130	53600
PILOTE	PACIFIC	PACIFIC SENSATION P 746 GJ FIAT 35L.			2300	4	D	96	14.49	130	54900
PILOTE	PACIFIC	PACIFIC SENSATION P 746 P FIAT 35L.			2300	4	D	96	14.49	130	53600
PILOTE	REFERENCE	REFERENCE G 630 LR.			2300	4	D	96	14.49	130	60100
PILOTE	REFERENCE	REFERENCE G 640 LR.			2300	4	D	96	14.49	130	57200
PILOTE	REFERENCE	REFERENCE G 653 XTP (MECEDES BENZ).	2006		2685	5	D	115	17.38	156	75000
PILOTE	REFERENCE	REFERENCE G 690 LGR.			2300	4	D	96	14.49	130	59100
PILOTE	REFERENCE	REFERENCE G 690 LPR.			2300	4	D	96	14.49	130	59100
PILOTE	REFERENCE	REFERENCE G 691 LGR.			2300	4	D	96	14.49	130	64900
PILOTE	REFERENCE	REFERENCE G 691 LPR.			2300	4	D	96	14.49	130	64900
PILOTE	REFERENCE	REFERENCE G 740 LCR.			2300	4	D	96	14.49	130	60000
PILOTE	REFERENCE	REFERENCE G 740 LGJR.			2300	4	D	96	14.49	130	60000
PILOTE	REFERENCE	REFERENCE G 740 LGR.			2300	4	D	96	14.49	130	60000
PILOTE	REFERENCE	REFERENCE G 740 LJR.			2300	4	D	96	14.49	130	60000
PILOTE	REFERENCE	REFERENCE G 741 LCR.			2300	4	D	96	14.49	130	65800
PILOTE	REFERENCE	REFERENCE G 741 LGJR.			2300	4	D	96	14.49	130	65800
PILOTE	REFERENCE	REFERENCE G 741 LGR.			2300	4	D	96	14.49	130	65800
PILOTE	REFERENCE	REFERENCE P 680 LGR.			2300	4	D	96	14.49	130	52500
PILOTE	REFERENCE	REFERENCE P 680 LPR.			2300	4	D	96	14.49	130	52500
PILOTE	REFERENCE	REFERENCE P 681 LGR.			2300	4	D	96	14.49	130	58500
PILOTE	REFERENCE	REFERENCE P 681 LPR.			2300	4	D	96	14.49	130	58500
PILOTE	REFERENCE	REFERENCE P 730 LCR.			2300	4	D	96	14.49	130	53500
PILOTE	REFERENCE	REFERENCE P 730 LGJR.			2300	4	D	96	14.49	130	53500
PILOTE	REFERENCE	REFERENCE P 730 LGR.			2300	4	D	96	14.49	130	53500
PILOTE	REFERENCE	REFERENCE P 730 LJR.			2300	4	D	96	14.49	130	53500
PILOTE	REFERENCE	REFERENCE P 731 LCR.			2300	4	D	96	14.49	130	59800
PILOTE	REFERENCE	REFERENCE P 731 LGR.			2300	4	D	96	14.49	130	59800
PILOTE	REFERENCE	REFERENCE P 734 LCR.			2300	4	D	96	14.49	130	60800
PILOTE	STANDARD	STANDARD I7TG.			2300	4	D	96	14.49	130	52200
PILOTE	V	V 540 G.			2300	4	D	96	14.49	130	41000
PILOTE	V	V 540 G PREMIUM.			2300	4	D	96	14.49	130	42000
PILOTE	V	V 600 G.			2300	4	D	96	14.49	130	41400
PILOTE	V	V 600 G PREMIUM.			2300	4	D	96	14.49	130	42700
PILOTE	V	V 600 S.			2300	4	D	96	14.49	130	41800
PILOTE	V	V 600 S PREMIUM.			2300	4	D	96	14.49	130	42900
PILOTE	V	V 630 F.			2300	4	D	96	14.49	130	43300
PILOTE	V	V 630 F PREMIUM.			2300	4	D	96	14.49	130	44500
PILOTE	V	V 630 G.			2300	4	D	96	14.49	130	43300
PILOTE	V	V 630 G PREMIUM.			2300	4	D	96	14.49	130	44500
PILOTE	V	V 630 J.			2300	4	D	96	14.49	130	43300
PILOTE	V	V 630 J PREMIUM.			2300	4	D	96	14.49	130	44500
PILOTE	Van	Van Atlas Camper A 603 G Ford.			2000	4	D	125	13.32	170	46600
PILOTE	VAN	VAN Camper CV 400 BC Renault 2.0 dCi.			2000	4	D	88	14.10	120	33800
PILOTE	VAN	VAN Camper CV 400 BF Renault 2.0 dCi.			2000	4	D	88	14.10	120	31900
PILOTE	Van	Van Camper CV 500 BC Renault 2.0 dCi.			2000	4	D	88	13.32	120	39100
PILOTE	Van	Van Camper CV 500 BF Renault 2.0 dCi.			2000	4	D	88	13.32	120	37100
PILOTE	Van	Van Camper CV 540 BC Renault 2.0 dCi.			2000	4	D	88	13.32	120	40600
PILOTE	Van	Van Camper Evide 505 BC Renault 2.0 dCi.			2000	4	D	96	13.32	130	38300
PILOTE	Van	Van Camper Evide 545 BC Renault 2.0 dCi.			2000	4	D	96	13.32	130	39600
PILOTE	Van	Van Camper Express 504 BF Renault 2.0 dCi.			2000	4	D	96	13.32	130	34400
PILOTE	Van	Van Camper Express 505 BC Renault 2.0 dCi.			2000	4	D	96	13.32	130	35700
PILOTE	Van	Van Camper Express 505 BF Renault 2.0 dCi.			2000	4	D	96	13.32	130	34700
PILOTE	Van	Van Camper Express 545 BC Renault 2.0 dCi.			2000	4	D	96	13.32	130	37000
PILOTE	VAN	VAN Camper V 600 G/J Fiat 3,5 T.			2200	4	D	103	14.10	140	44600
PILOTE	VAN	VAN Camper V 600 S Exclusive Edition Fiat.			2300	4	D	103	14.10	140	45300
PILOTE	VAN	VAN Camper V 600 S Fiat 3,5 T 2300.			2200	4	D	103	14.10	140	45300
PILOTE	VAN	VAN Camper V 630 G/J/U Fiat 3,5 T.			2200	4	D	103	14.10	140	45900
PILOTE	VAN	VAN Camper V 633 M Fiat 3,5 T (H3).			2200	4	D	103	14.10	140	48000
PILOTE	VAN	VAN Premium V 540 G Fiat 3,5 T.			2200	4	D	103	14.10	140	45200
PILOTE	VAN	VAN Premium V 600 G/J Fiat 3,5 T.			2200	4	D	103	14.10	140	45900
PILOTE	VAN	VAN Premium V 630 G/J/U Fiat 3,5 T.			2200	4	D	103	14.10	140	47300
PILOTE	VAN	VAN Premium V 633 M Fiat 3,5 T (H3).			2200	4	D	103	14.10	140	49000
PILOTE	Van	Van X-EDITION Camper V 540 G/GD Citroën.			2200	4	D	103	14.10	140	47300
PILOTE	VAN	VAN X-EDITION Camper V 540 G/GD Fiat 3,5 T.			2200	4	D	103	14.10	140	39000
PILOTE	Van	Van X-EDITION Camper V 600 G Citroën.			2200	4	D	103	14.10	140	48000
PILOTE	VAN	VAN X-EDITION Camper V 600 G Fiat 3,5 T.			2200	4	D	103	14.10	140	39700
PILOTE	Van	Van X-EDITION Camper V 630 J Citroën.			2200	4	D	103	14.10	140	49300
PILOTE	VAN	VAN X-EDITION Camper V 630 J Fiat 3,5 T.			2200	4	D	103	14.10	140	41000
PILOTE	VAN	VAN X-EDITION PLUS Camper V 633 M Citroën.			2200	4	D	103	14.10	140	45600
PILOTE	Atlas	Atlas Perfilado A 650D Fiat (cambio automático).			2200	4	D	103	14.10	140	48400
PILOTE	Atlas	Atlas Perfilado A 690G Fiat (cambio automático).			2200	4	D	103	14.10	140	51700
PILOTE	Expression	Expression Integral G 690 GJ/D Fiat 2,2 L Integral.			2200	4	D	103	14.10	140	56200
PILOTE	Expression	Expression Integral G 720 FC Fiat 2,2 L Integral.			2200	4	D	103	14.10	140	56500
PILOTE	Expression	Expression Integral G 740 C/FC/GJ/FGJ Fiat 2,2 L Integral.			2200	4	D	103	14.10	140	56900
PILOTE	Expression	Expression Integral G 741 FC/FGJ Fiat 2,2 L Integral.			2200	4	D	103	14.10	140	62100
PILOTE	Expression	Expression Integral G 781 FC/FGJ Fiat 2,2 L Integral.			2200	4	D	103	14.10	140	66900
PÖSSL	2	2 WIN PLUS IRON.	2022		2200	4	D	121	14.10	165	55100
PÖSSL	2	2 WIN R PLUS.	2023		2200	4	D	103	14.10	140	66400
PÖSSL	2	2 WIN S PLUS.	2023		2200	4	D	103	14.10	140	58600
PÖSSL	2	2 WIN VARIO.	2015		2300	4	D	109	14.44	148	64200
PÖSSL	2	2 WIN VARIO.	2023		2200	4	D	121	14.10	165	73600
PÖSSL	ROADCAMP	ROADCAMP R.	2023		2300	4	D	103	14.44	140	54800
PÖSSL	ROADCRUISER.	ROADCRUISER.	2023		2200	4	D	103	14.10	140	66400
PÖSSL	ROADCRUISER	ROADCRUISER XL.	2023		2200	4	D	103	14.10	140	76400
PÖSSL	SUMMIT	SUMMIT 540.	2023		2200	4	D	103	14.10	140	63100
PÖSSL	SUMMIT	SUMMIT 540 PRIME.	2023		2200	4	D	103	14.10	140	64200
PÖSSL	SUMMIT	SUMMIT 540 PRIME (2025).	2025		2200	4	D	103	14.10	140	64500
PÖSSL	SUMMIT	SUMMIT 540 SHINE.	2023		2200	4	D	88	14.10	120	63100
PÖSSL	SUMMIT	SUMMIT 600 L SHINE.	2023		2200	4	D	103	14.10	140	64000
PÖSSL	SUMMIT	SUMMIT 600 PLUS.	2022		2200	4	D	121	14.10	165	65800
PÖSSL	SUMMIT	SUMMIT 640.	2023		2300	4	D	103	14.44	140	69500
PÖSSL	SUMMIT	SUMMIT 640 PRIME.	2023		2200	4	D	103	14.10	140	71400
PÖSSL	SUMMIT	SUMMIT SHINE 540.	2023		2200	4	D	103	14.10	140	64900
PÖSSL	SUMMIT	SUMMIT SHINE 600.	2023		2200	4	D	103	14.10	140	66400
PÖSSL	SUMMIT	SUMMIT SHINE 600L.	2023		2200	4	D	103	14.10	140	67500
PÖSSL	TRENTA	TRENTA 540 R.	2023		2200	4	D	103	14.10	140	63600
PÖSSL	TRENTA	TRENTA 600.	2023		2200	4	D	121	14.10	165	66400
PÖSSL	TRENTA	TRENTA 600 R.	2023		2200	4	D	103	14.10	140	70000
PÖSSL	TRENTA	TRENTA 640.	2023		2200	4	D	103	14.10	140	71300
RANDGER	R559	R559	2023		2300	4	D	110	14.49	150	65600
RAPIDO	666	666 F ULTIMATE Peugeot 35L.			2200	4	D	103	14.10	140	48100
RAPIDO	686	686 F Peugeot 35L.	2023		2200	4	D	103	14.10	140	50500
RAPIDO	686	686 F Peugeot 35L.			2200	4	D	103	14.10	140	46300
RAPIDO	696	696 F 60 ANIVERSARIO.	2023		2200	4	D	103	14.10	140	71800
RAPIDO	696	696 F Peugeot 35L.	2023		2200	4	D	103	14.10	140	51700
RAPIDO	70F	70F 7066.			2300	4	D	96	14.49	130	52900
RAPIDO	70F	70F 7086.			2300	4	D	96	14.49	130	51000
RAPIDO	70F	70F 7087.			2300	4	D	96	14.49	130	51500
RAPIDO	70F	70F 7093.			2300	4	D	96	14.49	130	52900
RAPIDO	70F	70F 7097.			2300	4	D	96	14.49	130	52900
RAPIDO	70F	70F 7098.			2300	4	D	96	14.49	130	52900
RAPIDO	70F	70F 7099.			2300	4	D	96	14.49	130	53100
RAPIDO	786	786 F.			2800	4	D	107	16.30	145	48800
RAPIDO	7F	7F 707.			2300	4	D	96	14.49	130	42900
RAPIDO	7F	7F 743.			2300	4	D	96	14.49	130	46100
RAPIDO	7F	7F 746.			2300	4	D	96	14.49	130	46600
RAPIDO	7F	7F 783.			2300	4	D	96	14.49	130	48400
RAPIDO	7F	7F 787.			2300	4	D	96	14.49	130	48800
RAPIDO	886F.	886F.	2023		2200	4	D	103	14.10	140	78900
RAPIDO	906	906 MERCEDES BENZ.	2008		2148	4	D	110	13.90	150	84100
RAPIDO	90DF	90DF 9048.			2300	4	D	96	14.49	130	59700
RAPIDO	90DF	90DF 9083.			2300	4	D	96	14.49	130	60600
RAPIDO	90DF	90DF 9087.			2300	4	D	96	14.49	130	61000
RAPIDO	90F	90F 9090.			2300	4	D	96	14.49	130	63100
RAPIDO	90F	90F 9096.			2300	4	D	96	14.49	130	61400
RAPIDO	90F	90F 9097.			2300	4	D	96	14.49	130	61900
RAPIDO	987F.	987F.			2800	4	D	107	16.30	145	63900
RAPIDO	991M.	991M.			2148	4	D	110	13.90	150	69400
RAPIDO	997M	997M (906) MERCEDES BENZ.	2007		3000	6	D	135	19.92	184	87000
RAPIDO	9F	9F 944.			2300	4	D	96	14.49	130	56400
RAPIDO	9F	9F 983.			2300	4	D	96	14.49	130	56700
RAPIDO	9F	9F 987.			2300	4	D	96	14.49	130	57200
RAPIDO	9M	9M 966.			2200	4	D	110	14.10	150	67800
RAPIDO	9M	9M 983.			2200	4	D	110	14.10	150	65100
RAPIDO	9M	9M 987.			2200	4	D	110	14.10	150	65500
RAPIDO	9M	9M 990.			2200	4	D	110	14.10	150	69400
RAPIDO	9M	9M 996.			2200	4	D	110	14.10	150	67800
RAPIDO	9M	9M 997.			2200	4	D	110	14.10	150	68300
RAPIDO	9M	9M 999.			2200	4	D	110	14.10	150	68600
RAPIDO	B03	B03 MERCEDES.			2685	4	D	115	15.90	156	65100
RAPIDO	C50.	C50.	2023		2200	4	D	103	14.10	140	73300
RAPIDO	Compact	Compact C03 Fiat 35L.			2200	4	D	103	14.10	140	47100
RAPIDO	Compact	Compact C03 Peugeot 35L.			2200	4	D	103	14.10	140	46700
RAPIDO	COMPACT	COMPACT C50 Fiat 35 L JTD.			2300	4	D	103	14.49	140	49000
RAPIDO	Compact	Compact C50 Peugeot 35L.			2200	4	D	103	14.10	140	45300
RAPIDO	COMPACT	COMPACT C55 Fiat 35 L JTD.			2300	4	D	103	14.49	140	48900
RAPIDO	Compact	Compact C55 Peugeot 35L.			2200	4	D	103	14.10	140	45000
RAPIDO	COMPACT	COMPACT C56 Fiat 35 L JTD.			2300	4	D	103	14.49	140	41300
RAPIDO	Compact	Compact C56 Peugeot 35L.			2200	4	D	103	14.10	140	43500
RAPIDO	COMPACT	COMPACT C86 Fiat 35 L JTD.			2300	4	D	103	14.49	140	49500
RAPIDO	Compact	Compact C86 Peugeot 35L.			2200	4	D	103	14.10	140	45900
RAPIDO	Compact	Compact i C55i Fiat 35 L 2.3 JTD.			2300	4	D	103	14.49	140	56200
RAPIDO	Compact	Compact i C86i Fiat 35 L 2.3 JTD.			2300	4	D	103	14.49	140	56800
RAPIDO	DESIGN	DESIGN EDITION 10001 DFH ALDE FIAT ALKO 5T.			2300	4	D	110	14.49	150	96400
RAPIDO	DESIGN	DESIGN EDITION 7065 FF ALDE FIAT ALKO 35L.			2300	4	D	96	14.49	130	63000
RAPIDO	DESIGN	DESIGN EDITION 7090 FF FIAT ALKO 35L.			2300	4	D	96	14.49	130	60900
RAPIDO	DESIGN	DESIGN EDITION 9000 DFH ALDE FIAT ALKO 35L HEAVY.			2300	4	D	110	14.49	150	82700
RAPIDO	DESIGN	DESIGN EDITION 9005 DFH ALDE FIAT ALKO 35L HEAVY.			2300	4	D	110	14.49	150	84600
RAPIDO	DESIGN	DESIGN EDITION 9060 DF MOBILY FIAT ALKO 35L.			2300	4	D	96	14.49	130	72600
RAPIDO	DESIGN	DESIGN EDITION 9066 DF FIAT ALKO 35L.			2300	4	D	96	14.49	130	71800
RAPIDO	DESIGN	DESIGN EDITION 9083 DF FIAT ALKO 35L.			2300	4	D	96	14.49	130	70400
RAPIDO	DESIGN	DESIGN EDITION 9090 DF FIAT ALKO 35L.			2300	4	D	96	14.49	130	71800
RAPIDO	DESIGN	DESIGN EDITION 9094 DF FIAT ALKO 35L.			2300	4	D	96	14.49	130	71800
RAPIDO	LE	LE RANDONNDEUR.	2008		2200	4	D	96	14.01	130	82000
RAPIDO	LE	LE RANDONNDEUR 942M MERCEDES BENZ.	2004		2685	5	D	115	17.37	156	73800
RAPIDO	LE	LE RANDONNDEUR 972M MERCEDES BENZ.	2004		2150	4	D	95	13.91	129	74000
RAPIDO	REFERENCE	REFERENCE G 741 LJR.			2300	4	D	96	14.49	130	65800
RAPIDO	SERIE	SERIE 10 DFH ALKO 10000 DFH ALDE FIAT ALKO 5T.			2300	4	D	110	14.49	150	99300
RAPIDO	SERIE	SERIE 6 600 FF FIAT 35L.			2000	4	D	85	13.32	115	48200
RAPIDO	SERIE	SERIE 6 604 FF.			2300	4	D	96	14.49	130	50900
RAPIDO	Serie	Serie 6 606 F Fiat 35L.			2200	4	D	103	14.10	140	49200
RAPIDO	Serie	Serie 6 606 F Peugeot 35L.	2023		2200	4	D	103	14.10	140	49200
RAPIDO	SERIE	SERIE 6 640 FIAT 35L.			2000	4	D	85	13.32	115	46600
RAPIDO	SERIE	SERIE 6 650 F.			2300	4	D	96	14.49	130	50200
RAPIDO	SERIE	SERIE 6 650 FF.			2300	4	D	96	14.49	130	52300
RAPIDO	SERIE	SERIE 6 650 FF FIAT 35L.			2000	4	D	85	13.32	115	48900
RAPIDO	SERIE	SERIE 6 655.			2300	4	D	96	14.49	130	50800
RAPIDO	SERIE	SERIE 6 655 ALDE.			2300	4	D	96	14.49	130	55100
RAPIDO	SERIE	SERIE 6 656 F Fiat 35 L JTD.			2300	4	D	103	14.49	140	42000
RAPIDO	SERIE	SERIE 6 665 F.			2300	4	D	96	14.49	130	52900
RAPIDO	SERIE	SERIE 6 665 F ALDE Fiat 35 L JTD.			2300	4	D	103	14.49	140	47000
RAPIDO	SERIE	SERIE 6 666 F 60 EDITION Fiat 35 L JTD.			2300	4	D	103	14.49	140	45400
RAPIDO	SERIE	SERIE 6 666 FIAT 35L.			2300	4	D	96	14.49	130	52000
RAPIDO	SERIE	SERIE 6 676 FF FIAT 35L.			2000	4	D	85	13.32	115	50300
RAPIDO	SERIE	SERIE 6 680 FIAT 35L.			2300	4	D	96	14.49	130	53200
RAPIDO	SERIE	SERIE 6 681 FIAT 35L.			2300	4	D	96	14.49	130	49900
RAPIDO	SERIE	SERIE 6 686 F Fiat 35 L JTD.			2300	4	D	103	14.49	140	44200
RAPIDO	SERIE	SERIE 6 686 FF.			2300	4	D	96	14.49	130	52400
RAPIDO	SERIE	SERIE 6 690 F.			2300	4	D	96	14.49	130	52500
RAPIDO	SERIE	SERIE 6 690 FF.			2300	4	D	96	14.49	130	54200
RAPIDO	SERIE	SERIE 6 691 FF FIAT 35L.			2000	4	D	85	13.32	115	51600
RAPIDO	SERIE	SERIE 6 691 FIAT 35L.			2300	4	D	96	14.49	130	49900
RAPIDO	SERIE	SERIE 6 696 F 60 EDITION Fiat 35 L JTD.			2300	4	D	103	14.49	140	46000
RAPIDO	SERIE	SERIE 6 696 FF 50Y.			2300	4	D	96	14.49	130	57100
RAPIDO	SERIE	SERIE 6 696 PREMIUM EDITION.			2300	4	D	96	14.49	130	55600
RAPIDO	Serie	Serie 666 F Peugeot 35L.	2023		2200	4	D	103	14.10	140	51000
RAPIDO	Serie	Serie 7 666 F Fiat 35L.			2200	4	D	103	14.10	140	51000
RAPIDO	SERIE	SERIE 70DF 7066DF FIAT ALKO 35L.			2300	4	D	96	14.49	130	59300
RAPIDO	SERIE	SERIE 70DF 7090DF FIAT ALKO 35L.			2300	4	D	96	14.49	130	59300
RAPIDO	SERIE	SERIE 70Ff ALKO 7065FF ALDE.			2300	4	D	96	14.49	130	65900
RAPIDO	SERIE	SERIE 70Ff ALKO 7090FF.			2300	4	D	96	14.49	130	64000
RAPIDO	SERIE	SERIE 70Ff ALKO 7096.			2300	4	D	96	14.49	130	64500
RAPIDO	Serie	Serie 8 686 F Fiat 35L.			2200	4	D	103	14.10	140	50500
RAPIDO	Serie	Serie 80 DF ALKO 8066 DF ULTIMATE Fiat 35 L JTD.			2300	4	D	103	14.49	140	65600
RAPIDO	Serie	Serie 80 DF ALKO 8086 DF Fiat 35 L JTD.			2300	4	D	103	14.49	140	63900
RAPIDO	Serie	Serie 80 DF ALKO 8096 DF ULTIMATE Fiat 35 L JTD.			2300	4	D	103	14.49	140	66200
RAPIDO	SERIE	SERIE 80Df ALKO 8065 DF.			2300	4	D	96	14.49	130	69300
RAPIDO	SERIE	SERIE 80Df ALKO 8065 DF Alde Fiat 35 L JTD.			2300	4	D	103	14.49	140	58000
RAPIDO	SERIE	SERIE 80Df ALKO 8066 DF.			2300	4	D	96	14.49	130	67400
RAPIDO	SERIE	SERIE 80Df ALKO 8066 DF 60 EDITION Fiat 35 L JTD.			2300	4	D	103	14.49	140	57300
RAPIDO	SERIE	SERIE 80Df ALKO 8080 DF.			2300	4	D	96	14.49	130	66200
RAPIDO	SERIE	SERIE 80Df ALKO 8086 DF Fiat 35 L JTD.			2300	4	D	103	14.49	140	55500
RAPIDO	SERIE	SERIE 80Df ALKO 8090 DF.			2300	4	D	96	14.49	130	68000
RAPIDO	SERIE	SERIE 80Df ALKO 8094 DF.			2300	4	D	96	14.49	130	69000
RAPIDO	SERIE	SERIE 80Df ALKO 8096 DF 50 Y.			2300	4	D	96	14.49	130	70500
RAPIDO	SERIE	SERIE 80Df ALKO 8096 DF 60 EDITION LINE Fiat 35 L JTD.			2300	4	D	103	14.49	140	57900
RAPIDO	SERIE	SERIE 80Df ALKO 8096 DF PREMIUM.			2300	4	D	96	14.49	130	70800
RAPIDO	SERIE	SERIE 8F 803 F FIAT 35L.			2000	4	D	85	13.32	115	55000
RAPIDO	SERIE	SERIE 8F 840 F FIAT 35L.			2000	4	D	85	13.32	115	56500
RAPIDO	SERIE	SERIE 8F 854 F Fiat 35 L JTD.			2300	4	D	103	14.49	140	56200
RAPIDO	SERIE	SERIE 8F 855 F Fiat 35 L JTD.			2300	4	D	103	14.49	140	49500
RAPIDO	SERIE	SERIE 8F 866 F Fiat 35 L JTD.			2300	4	D	103	14.49	140	56900
RAPIDO	SERIE	SERIE 8F 880 F FIAT 35L.			2300	4	D	96	14.49	130	61400
RAPIDO	SERIE	SERIE 8F 881 F FIAT 35L.			2300	4	D	96	14.49	130	58700
RAPIDO	SERIE	SERIE 8F 883 F FIAT 35L.			2300	4	D	96	14.49	130	60900
RAPIDO	SERIE	SERIE 8F 886 F Fiat 35 L JTD.			2300	4	D	103	14.49	140	50200
RAPIDO	SERIE	SERIE 8F 886 F FIAT 35L.			2300	4	D	96	14.49	130	58700
RAPIDO	SERIE	SERIE 8F 890 F DISEGN EDITION FIAT 35L.			2300	4	D	96	14.49	130	61100
RAPIDO	SERIE	SERIE 8F 890 F FIAT 35L.			2300	4	D	96	14.49	130	62400
RAPIDO	SERIE	SERIE 8F 896 F Fiat 35 L JTD.			2300	4	D	103	14.49	140	57500
RAPIDO	Serie	Serie 9 696 F Fiat 35L.			2200	4	D	103	14.10	140	51500
RAPIDO	SERIE	SERIE 90Df ALKO 9000 DFH ALDE.			2300	4	D	110	14.49	150	86100
RAPIDO	SERIE	SERIE 90Df ALKO 9005 DFH ALDE.			2300	4	D	110	14.49	150	88400
RAPIDO	SERIE	SERIE 90Df ALKO 9090 DF.			2300	4	D	96	14.49	130	75200
RAPIDO	SERIE	SERIE 90Df ALKO 9094 DF.			2300	4	D	96	14.49	130	76100
RAPIDO	SERIE	SERIE 9DF 980 DF FIAT 35 L.			2300	4	D	96	14.49	130	64200
RAPIDO	SERIE	SERIE 9DF 990 DF FIAT 35 L.			2300	4	D	96	14.49	130	65100
RAPIDO	SERIE	SERIE 9DF ALKO 9048 DF FIAT ALKO 35 L.			2300	4	D	96	14.49	130	69300
RAPIDO	SERIE	SERIE DISTINCTION ALKO i1066 ALDE Fiat ALKO 5T.			2300	4	D	118	14.49	160	87400
RAPIDO	SERIE	SERIE DISTINCTION ALKO i1090 ALDE Fiat ALKO 5T.			2300	4	D	118	14.49	160	87400
RAPIDO	SERIE	SERIE DISTINCTION ALKO i190 ALDE Fiat ALKO 2300.			2300	4	D	118	14.49	160	73000
RAPIDO	Serie	Serie Distinction ALKO i190 ALDE ULTIMATE Fiat ALKO 2300.			2300	4	D	118	14.49	160	82300
RAPIDO	SERIE	SERIE DISTINCTION ALKO i66 ALDE.			2300	4	D	96	14.49	130	80000
RAPIDO	SERIE	SERIE DISTINCTION ALKO i66 ALDE.			2300	4	D	96	14.49	130	80000
RAPIDO	SERIE	SERIE DISTINCTION ALKO i66 ALDE 60 EDITION JTD.			2300	4	D	103	14.49	140	67100
RAPIDO	Serie	Serie Distinction ALKO i66 ALDE ULTIMATE Fiat Alko 35 L JTD.			2300	4	D	103	14.49	140	72300
RAPIDO	SERIE	SERIE DISTINCTION ALKO i80.			2300	4	D	96	14.49	130	76300
RAPIDO	SERIE	SERIE DISTINCTION ALKO i80.			2300	4	D	96	14.49	130	76300
RAPIDO	SERIE	SERIE DISTINCTION ALKO i96 60 EDITION JTD.			2300	4	D	103	14.49	140	70300
RAPIDO	SERIE	SERIE DISTINCTION i165 ALDE.			2300	4	D	110	14.49	150	89600
RAPIDO	SERIE	SERIE DISTINCTION i190 ALDE.			2300	4	D	110	14.49	150	87700
RAPIDO	SERIE	SERIE DISTINCTION i81 FIAT ALKO 5T.			2300	4	D	110	14.49	150	76400
RAPIDO	SERIE	SERIE DISTINCTION i90 FIAT ALKO 35L.			2300	4	D	96	14.49	130	77700
RAPIDO	SERIE	SERIE DISTINCTION i96 PREMIUM EDITION.			2300	4	D	96	14.49	130	79000
RAPIDO	Serie	Serie Distinction Mercedes I66 ALDE M-ALKO 414 3,5 T.			2200	4	D	110	14.10	150	88000
RAPIDO	Serie	Serie Distinction Mercedes I66 ALDE M-ALKO 414 3,5 T AUTOMÁTICO.			2200	4	D	125	14.10	170	101700
RAPIDO	Serie	Serie Distinction Mercedes I96 ALDE M-ALKO 414 3,5 T.			2200	4	D	110	14.10	150	88000
RAPIDO	Serie	Serie Distinction Mercedes I96 ALDE M-ALKO 414 3,5 T AUTOMÁTICO.			2200	4	D	125	14.10	170	101700
RAPIDO	Serie	Serie Distinction Mercedes I96 M-ALKO 414 3,5 T.			2200	4	D	110	14.10	150	85300
RAPIDO	SERIE	SERIE MERCEDES M66 M-ALKO 414 3,5 T.			2200	4	D	105	14.10	143	79400
RAPIDO	Serie	Serie Mercedes M66 M-ALKO 414 3,5 T.			2200	4	D	110	14.10	150	73800
RAPIDO	SERIE	SERIE MERCEDES M96 M-ALKO 414 3,5 T.			2200	4	D	105	14.10	143	82200
RAPIDO	Serie	Serie Mercedes M96 M-ALKO 414 3,5 T.			2200	4	D	110	14.10	150	71900
RAPIDO	VAN	VAN V43.			2300	4	D	96	14.49	130	41000
RAPIDO	VAN	VAN V55.			2300	4	D	96	14.49	130	42400
RAPIDO	VAN	VAN V55 Fiat 35 L JTD 3,5 T.			2300	4	D	88	14.49	120	44200
RAPIDO	VAN	VAN V55 FIAT ALKO 33L.			2300	4	D	85	14.49	115	40600
RAPIDO	Van	Van V55 Peugeot 3,5 T.	2023		2200	4	D	103	14.10	140	68500
RAPIDO	VAN	VAN V56 FIAT ALKO 33L.			2300	4	D	85	14.49	115	40600
RAPIDO	VAN	VAN V62 Fiat 35 L JTD 3,5 T.			2300	4	D	103	14.49	140	41100
RAPIDO	VAN	VAN V65 XL Fiat 35 L JTD 3,5 T.			2300	4	D	103	14.49	140	45200
RAPIDO	VAN	VAN V65 XL Peugeot 3,5 T.			2200	4	D	121	14.10	165	46000
RAPIDO	VAN	VAN V66 FIAT ALKO 33L.			2300	4	D	96	14.49	130	46600
RAPIDO	VAN	VAN V68.			2300	4	D	96	14.49	130	44300
RAPIDO	VAN	VAN V68 Fiat 35 L JTD 3,5 T.			2300	4	D	103	14.49	140	44800
RAPIDO	Van	Van V68 Peugeot 3,5 T.	2023		2200	4	D	103	14.10	140	70200
RAPIDO	Van	Van V68 Peugeot 3,5 T666 F ULTIMATE Peugeot 35L.	2023		2200	4	D	103	14.10	140	73000
RIMOR	59P3.	59P3.			2402	4	D	92	14.87	125	49500
RIMOR	748/NG/40/35/B.	748/NG/40/35/B.			2874	4	D	90	16.56	122	46800
RIMOR	ABF	ABF 61S3.	2007		2198	4	D	96	14.10	131	56000
RIMOR	ABF	ABF 77S3 VERSIÓN C.	2009		2198	4	D	103	14.10	140	54800
RIMOR	ARF	ARF 33P3.			2402	4	D	66	14.87	90	47400
RIMOR	ARF	ARF 50P3.			2402	4	D	92	14.87	125	45200
RIMOR	ARF39P3.	ARF39P3.			2402	4	D	92	14.87	125	49200
RIMOR	ARJ	ARJ 37P3.	2003		2402	4	D	66	14.87	90	48200
RIMOR	ARM	ARM 33M3 / MB313.			2148	4	D	96	13.90	130	47000
RIMOR	ARM	ARM 38M3.			2658	4	D	115	15.80	156	51700
RIMOR	BLUCAMP	BLUCAMP SKY 400 (ARF/50P3).	2006		2402	4	D	101	14.87	137	48500
RIMOR	CBS	CBS 2095.	1993		2496	4	D	59	15.21	80	47600
RIMOR	DOFA39-P3	DOFA39-P3 NA.			2402	4	D	92	14.87	125	49200
RIMOR	ERA	ERA 54 Renault.			2300	4	D	107	14.49	145	36400
RIMOR	ERA	ERA 95 Renault.			2300	4	D	107	14.49	145	37600
RIMOR	EUROPEO	EUROPEO 12 P.	2004		2000	4	D	92	13.31	125	43100
RIMOR	EUROPEO	EUROPEO 16 P.			2300	4	D	96	14.49	130	44100
RIMOR	EUROPEO	EUROPEO 4.			2300	4	D	96	14.49	130	46000
RIMOR	EUROPEO	EUROPEO 5.			2300	4	D	96	14.49	130	46000
RIMOR	EUROPEO	EUROPEO 50 P.	2007		2402	4	D	101	14.87	137	51300
RIMOR	EUROPEO	EUROPEO 6.			2300	4	D	96	14.49	130	42500
RIMOR	EUROPEO	EUROPEO 69.			2300	4	D	96	14.49	130	49400
RIMOR	EUROPEO	EUROPEO 69 P.			2300	4	D	96	14.49	130	45600
RIMOR	EUROPEO	EUROPEO 69 PLUS.			2300	4	D	96	14.49	130	53900
RIMOR	EUROPEO	EUROPEO 7.			2300	4	D	96	14.49	130	42800
RIMOR	EUROPEO	EUROPEO 8.			2300	4	D	96	14.49	130	46000
RIMOR	EUROPEO	EUROPEO 85.			2300	4	D	96	14.49	130	49000
RIMOR	EUROPEO	EUROPEO 85 PLUS.			2300	4	D	96	14.49	130	49900
RIMOR	EUROPEO	EUROPEO 87.			2300	4	D	96	14.49	130	49400
RIMOR	EUROPEO	EUROPEO 87 P.			2300	4	D	96	14.49	130	45600
RIMOR	EUROPEO	EUROPEO 87 PLUS.			2300	4	D	96	14.49	130	53900
RIMOR	EUROPEO	EUROPEO 87P PLUS.			2300	4	D	96	14.49	130	50200
RIMOR	EUROPEO	EUROPEO 9.			2300	4	D	96	14.49	130	46000
RIMOR	EUROPEO	EUROPEO 91.			2300	4	D	96	14.49	130	48100
RIMOR	EUROPEO	EUROPEO 91 PLUS.			2300	4	D	96	14.49	130	48900
RIMOR	EUROPEO	EUROPEO 91P.			2300	4	D	96	14.49	130	44400
RIMOR	EUROPEO	EUROPEO 91P PLUS.			2300	4	D	96	14.49	130	45300
RIMOR	EUROPEO	EUROPEO 95.			2300	4	D	96	14.49	130	49400
RIMOR	EUROPEO	EUROPEO 95 PLUS.			2300	4	D	96	14.49	130	53900
RIMOR	EUROPEO	EUROPEO 95P.			2300	4	D	96	14.49	130	45600
RIMOR	EUROPEO	EUROPEO 95P PLUS.			2300	4	D	96	14.49	130	46500
RIMOR	EUROPEO	EUROPEO 98 PLUS.			2300	4	D	96	14.49	130	53400
RIMOR	EUROPEO	EUROPEO ATA63E3 95P PLUS.	2011		2300	4	D	95	14.49	130	55400
RIMOR	EUROPEO	EUROPEO NG.	2001		2402	4	D	88	14.87	120	42000
RIMOR	Evo	Evo Sound Ford.			2000	4	D	114	13.32	155	43900
RIMOR	HORUS	HORUS 145 Fiat Ducato.			2300	4	D	103	14.49	140	40600
RIMOR	HORUS	HORUS 30.			2200	4	D	85	14.10	115	35800
RIMOR	HORUS	HORUS 30.			2200	4	D	103	14.10	140	36800
RIMOR	HORUS	HORUS 35.			2200	4	D	96	14.10	130	39900
RIMOR	HYGGE	HYGGE 12 Plus Renault.			2300	4	D	107	14.49	145	39500
RIMOR	HYGGE	HYGGE 14 Plus Renault.			2300	4	D	107	14.49	145	40800
RIMOR	HYGGE	HYGGE 5 Renault.			2300	4	D	107	14.49	145	41000
RIMOR	HYGGE	HYGGE 69 Plus Renault.			2300	4	D	107	14.49	145	40900
RIMOR	HYGGE	HYGGE 7 Renault.			2300	4	D	107	14.49	145	40400
RIMOR	HYGGE	HYGGE 95 Plus Renault.			2300	4	D	107	14.49	145	40900
RIMOR	KATAMARANO	KATAMARANO 1.			2000	4	D	85	13.32	115	35800
RIMOR	KATAMARANO	KATAMARANO 1.			2200	4	D	81	14.10	110	31800
RIMOR	KATAMARANO	KATAMARANO 1.			2300	4	D	96	14.49	130	37200
RIMOR	KATAMARANO	KATAMARANO 109 PLUS.			2300	4	D	92	14.49	125	41500
RIMOR	KATAMARANO	KATAMARANO 109 PLUS.			2300	4	D	96	14.49	130	43100
RIMOR	KATAMARANO	KATAMARANO 109 PLUS.			2300	4	D	107	14.49	145	44500
RIMOR	KATAMARANO	KATAMARANO 12.			2200	4	D	81	14.10	110	32000
RIMOR	KATAMARANO	KATAMARANO 12 PLUS.			2300	4	D	92	14.49	125	40600
RIMOR	KATAMARANO	KATAMARANO 12 PLUS.			2300	4	D	96	14.49	130	42500
RIMOR	KATAMARANO	KATAMARANO 12 PLUS.			2300	4	D	107	14.49	145	44600
RIMOR	KATAMARANO	KATAMARANO 12P.			2000	4	D	85	13.32	115	35800
RIMOR	KATAMARANO	KATAMARANO 12P.			2300	4	D	96	14.49	130	37200
RIMOR	KATAMARANO	KATAMARANO 14 PLUS.			2300	4	D	92	14.49	125	41500
RIMOR	KATAMARANO	KATAMARANO 14 PLUS.			2300	4	D	96	14.49	130	43100
RIMOR	KATAMARANO	KATAMARANO 14 PLUS.			2300	4	D	107	14.49	145	45500
RIMOR	KATAMARANO	KATAMARANO 209.			2300	4	D	107	14.49	145	45100
RIMOR	KATAMARANO	KATAMARANO 3.			2200	4	D	81	14.10	110	31800
RIMOR	KATAMARANO	KATAMARANO 3.			2200	4	D	96	14.10	130	32400
RIMOR	KATAMARANO	KATAMARANO 3.			2300	4	D	92	14.49	125	40600
RIMOR	KATAMARANO	KATAMARANO 3.			2300	4	D	96	14.49	130	42500
RIMOR	KATAMARANO	KATAMARANO 3.			2300	4	D	107	14.49	145	44600
RIMOR	KATAMARANO	KATAMARANO 5/6.			2400	4	D	103	14.86	140	36300
RIMOR	KATAMARANO	KATAMARANO 50.			2300	4	D	92	14.49	125	40600
RIMOR	KATAMARANO	KATAMARANO 50.			2300	4	D	96	14.49	130	42500
RIMOR	KATAMARANO	KATAMARANO 50.			2300	4	D	107	14.49	145	44400
RIMOR	KATAMARANO	KATAMARANO 7.			2200	4	D	103	14.10	140	36800
RIMOR	KATAMARANO	KATAMARANO 8.			2200	4	D	81	14.10	110	32000
RIMOR	KATAMARANO	KATAMARANO 8.			2200	4	D	96	14.10	130	33100
RIMOR	KATAMARANO	KATAMARANO 8.			2300	4	D	96	14.49	130	42500
RIMOR	KATAMARANO	KATAMARANO 8.			2300	4	D	107	14.49	145	44900
RIMOR	KATAMARANO	KATAMARANO 9.			2300	4	D	92	14.49	125	41500
RIMOR	KATAMARANO	KATAMARANO 9.			2300	4	D	96	14.49	130	43100
RIMOR	KATAMARANO	KATAMARANO 9.			2300	4	D	107	14.49	145	45200
RIMOR	KATAMARANO	KATAMARANO 95 PLUS.			2300	4	D	92	14.49	125	41500
RIMOR	KATAMARANO	KATAMARANO 95 PLUS.			2300	4	D	96	14.49	130	43100
RIMOR	KATAMARANO	KATAMARANO 95 PLUS.			2300	4	D	107	14.49	145	45100
RIMOR	KATAMARANO	KATAMARANO LIGHT.			2200	4	D	85	14.10	115	32200
RIMOR	KATAMARANO	KATAMARANO LIGHT.			2200	4	D	103	14.10	140	33200
RIMOR	KATAMARANO	KATAMARANO LIGHT E.			2200	4	D	103	14.10	140	34400
RIMOR	KATAMARANO	KATAMARANO SOUND.			2200	4	D	103	14.10	140	36900
RIMOR	KATAMARANO	KATAMARANO SOUND.			2300	4	D	92	14.49	125	41500
RIMOR	KATAMARANO	KATAMARANO SOUND.			2300	4	D	96	14.49	130	43100
RIMOR	KATAMARANO	KATAMARANO SOUND.			2300	4	D	107	14.49	145	45200
RIMOR	KENTUCKY	KENTUCKY CAMP.	2011		2402	4	D	103	14.87	140	62500
RIMOR	Kilig	Kilig 18 Plus Ford.			2000	4	D	125	13.32	170	39800
RIMOR	KILIG	KILIG 4 Ford.			2000	4	D	114	13.32	155	39900
RIMOR	Kilig	Kilig 4 Ford.			2000	4	D	125	13.32	170	39600
RIMOR	KILIG	KILIG 5 Ford.			2000	4	D	114	13.32	155	40600
RIMOR	Kilig	Kilig 5 Ford.			2000	4	D	125	13.32	170	41200
RIMOR	KILIG	KILIG 50 Ford.			2000	4	D	114	13.32	155	41500
RIMOR	Kilig	Kilig 50 Ford.			2000	4	D	125	13.32	170	41500
RIMOR	Kilig	Kilig 67 Plus Ford.			2000	4	D	125	13.32	170	41500
RIMOR	Kilig	Kilig 69 Plus Ford.			2000	4	D	125	13.32	170	42700
RIMOR	KILIG	KILIG 695 Ford.			2000	4	D	114	13.32	155	42700
RIMOR	Kilig	Kilig 695 Ford.			2000	4	D	125	13.32	170	42700
RIMOR	Kilig	Kilig 9 Ford.			2000	4	D	125	13.32	170	41900
RIMOR	Kilig	Kilig 95 Plus Ford.			2000	4	D	125	13.32	170	42700
RIMOR	KIVI.	KIVI.			2496	4	D	59	15.21	80	31800
RIMOR	KOALA	KOALA 45.			2400	4	D	103	14.86	140	42100
RIMOR	KOALA	KOALA 48.			2400	4	D	103	14.86	140	42100
RIMOR	KOALA	KOALA 49.			2400	4	D	103	14.86	140	42500
RIMOR	KOALA	KOALA 50 TWINS.			2400	4	D	103	14.86	140	42100
RIMOR	KOALA	KOALA 51P.			2340	4	D	92	14.64	125	44300
RIMOR	KOALA	KOALA ELITE 655.			2300	4	D	96	14.49	130	45700
RIMOR	KOALA	KOALA ELITE 698.			2300	4	D	96	14.49	130	45700
RIMOR	KOALA	KOALA ELITE 722.			2300	4	D	96	14.49	130	45700
RIMOR	KONTIKI.	KONTIKI.			2496	4	D	59	15.21	80	39300
RIMOR	L´EUROPEO.	L´EUROPEO.	1996		1929	4	D	60	13.04	82	45900
RIMOR	L´UNICO.	L´UNICO.	1996		2496	4	D	56	15.21	76	41800
RIMOR	MB316/ARM/CDIT35/38	MB316/ARM/CDIT35/38 MERCEDES 316CDI.			2850	5	D	115	18.01	156	60300
RIMOR	MB340	MB340 / VOLKSWAGEN.			2461	4	D	80	15.09	109	48500
RIMOR	NEMHO	NEMHO 55.			2400	4	D	103	14.86	140	51500
RIMOR	NEMHO	NEMHO 58.			2400	4	D	103	14.86	140	51300
RIMOR	NEMHO	NEMHO 59.			2400	4	D	103	14.86	140	51700
RIMOR	SAFARIWAYS.	SAFARIWAYS.	1994		1929	4	D	60	13.03	82	42700
RIMOR	SAILER	SAILER 58P.			2300	4	D	96	14.49	130	52700
RIMOR	SAILER	SAILER 58P PLUS.			2300	4	D	96	14.49	130	53500
RIMOR	SAILER	SAILER 645 TC.			2400	4	D	103	14.86	140	46700
RIMOR	SAILER	SAILER 647.			2500	4	D	110	15.23	150	46800
RIMOR	SAILER	SAILER 667 TC.			2400	4	D	103	14.86	140	46700
RIMOR	SAILER	SAILER 670 / MERCEDES 312D.			2874	4	D	90	16.56	122	60400
RIMOR	SAILER	SAILER 69 PLUS.			2300	4	D	96	14.49	130	53500
RIMOR	SAILER	SAILER 697.	2003		2402	4	D	92	14.87	125	65000
RIMOR	SAILER	SAILER 69P.			2300	4	D	96	14.49	130	52700
RIMOR	SAILER	SAILER 700 TC.			3000	4	D	135	16.99	184	51500
RIMOR	SAILER	SAILER 95P.			2300	4	D	96	14.49	130	52700
RIMOR	SAILER	SAILER 95P PLUS.			2300	4	D	96	14.49	130	53500
RIMOR	SEAL	SEAL 12P.			2300	4	D	85	14.49	115	38800
RIMOR	SEAL	SEAL 12P.			2300	4	D	96	14.49	130	42700
RIMOR	SEAL	SEAL 12PLUS.			2300	4	D	96	14.49	130	43500
RIMOR	SEAL	SEAL 3.			2300	4	D	96	14.49	130	43500
RIMOR	SEAL	SEAL 3 Fiat 2300 FP.			2300	4	D	103	14.49	140	40700
RIMOR	SEAL	SEAL 5.			2300	4	D	85	14.49	115	39800
RIMOR	SEAL	SEAL 5.			2300	4	D	96	14.49	130	44100
RIMOR	SEAL	SEAL 5 /AWA63A3.			2287	4	D	96	14.44	130	56000
RIMOR	SEAL	SEAL 5 Fiat 2300 FP.			2300	4	D	103	14.49	140	40700
RIMOR	SEAL	SEAL 67 PLUS Fiat 2300 FP.			2300	4	D	103	14.49	140	44600
RIMOR	SEAL	SEAL 68 P.			2300	4	D	96	14.49	130	44300
RIMOR	SEAL	SEAL 68 PLUS.			2300	4	D	96	14.49	130	45200
RIMOR	SEAL	SEAL 69 P.			2300	4	D	96	14.49	130	44300
RIMOR	SEAL	SEAL 69 PLUS.			2300	4	D	96	14.49	130	45200
RIMOR	SEAL	SEAL 695 Fiat 2300 FP.			2300	4	D	103	14.49	140	41800
RIMOR	SEAL	SEAL 7.			2300	4	D	85	14.49	115	39800
RIMOR	SEAL	SEAL 7.			2300	4	D	96	14.49	130	44100
RIMOR	SEAL	SEAL 9.			2300	4	D	96	14.49	130	44400
RIMOR	SEAL	SEAL 9 Fiat 2300 FP.			2300	4	D	103	14.49	140	45300
RIMOR	SEAL	SEAL 95 P.			2300	4	D	96	14.49	130	44300
RIMOR	SEAL	SEAL 95 PLUS.			2300	4	D	96	14.49	130	45200
RIMOR	SEAL	SEAL 98 P.			2300	4	D	96	14.49	130	44000
RIMOR	SEAL	SEAL 98 PLUS.			2300	4	D	96	14.49	130	44800
RIMOR	SUPER	SUPER BRIG 129 (Mercedes Benz 312 DT).	1998		2874	4	D	90	16.56	122	52300
RIMOR	SUPER	SUPER BRIG 635 TC.			2400	4	D	103	14.86	140	46800
RIMOR	SUPER	SUPER BRIG 667 TC.			2300	4	D	96	14.49	130	53900
RIMOR	SUPER	SUPER BRIG 677 TC.			2300	4	D	96	14.49	130	51900
RIMOR	SUPER	SUPER BRIG 677 TC.	2003		2400	4	D	92	14.86	125	51300
RIMOR	SUPER	SUPER BRIG 677 TC.			2400	4	D	103	14.86	140	53800
RIMOR	SUPER	SUPER BRIG 678.			2500	4	D	110	15.23	150	49300
RIMOR	SUPER	SUPER BRIG 678.			2400	4	D	103	14.86	140	47900
RIMOR	SUPER	SUPER BRIG 687 TC.			2300	4	D	96	14.49	130	54900
RIMOR	SUPER	SUPER BRIG 687 TC.			2400	4	D	103	14.86	140	47600
RIMOR	SUPER	SUPER BRIG 688 TC.			2400	4	D	103	14.86	140	47700
RIMOR	SUPER	SUPER BRIG 689 TC.			2300	4	D	96	14.49	130	54900
RIMOR	SUPER	SUPER BRIG 689 TC.			2400	4	D	103	14.86	140	47900
RIMOR	SUPER	SUPER BRIG 695 TC.			2300	4	D	96	14.49	130	56000
RIMOR	SUPER	SUPER BRIG 700 TC.			3000	4	D	135	16.99	184	52600
RIMOR	SUPER	SUPER BRIG 747 TC.			3000	4	D	110	16.99	150	52700
RIMOR	SUPER	SUPER BRIG 747 TC.			3000	4	D	135	16.99	184	55400
RIMOR	SUPER	SUPER BRIG 747 TC (MERCEDES BENZ).	2004		2685	4	D	115	17.37	156	72000
RIMOR	SUPER	SUPER BRIG 749.			3000	4	D	135	16.99	184	55000
RIMOR	SUPER	SUPER BRIG SUITE FIAT.			2300	4	D	96	14.49	130	54900
RIMOR	SUPERBRIG	SUPERBRIG 687.	2006		2400	4	D	101	14.86	137	56700
RIMOR	TRIMARANO	TRIMARANO 3.			2000	4	D	85	13.32	115	39700
RIMOR	TRIMARANO	TRIMARANO 3.			2300	4	D	96	14.49	130	41100
RIMOR	TRIMARANO	TRIMARANO 5.			2000	4	D	85	13.32	115	40700
RIMOR	TRIMARANO	TRIMARANO 5.			2300	4	D	96	14.49	130	42100
RIMOR	TRIMARANO	TRIMARANO 69P.			2300	4	D	96	14.49	130	42800
RIMOR	TRIMARANO	TRIMARANO 8.			2000	4	D	85	13.32	115	39900
RIMOR	TRIMARANO	TRIMARANO 8.			2300	4	D	96	14.49	130	41400
RIMOR	TRIMARANO	TRIMARANO 8P.			2300	4	D	96	14.49	130	41400
RIMOR	TRIMARANO	TRIMARANO 9.			2300	4	D	96	14.49	130	43200
RIMOR	UNICO.	UNICO.	1998		2496	4	D	74	15.21	101	42000
ROADCAR	R	R 540.			2000	4	D	130	13.32	177	38800
ROADCAR	R	R 540.			2000	4	D	96	13.32	130	36000
ROADCAR	R	R 540.			2000	4	D	109	13.32	148	37300
ROADCAR	R	R 540.			2300	4	D	85	14.49	115	36200
ROADCAR	R	R 540.			2300	4	D	96	14.49	130	37100
ROADCAR	R	R 540.			2300	4	D	109	14.49	148	38400
ROADCAR	R	R 600.			2000	4	D	130	13.32	177	42000
ROADCAR	R	R 600.			2000	4	D	96	13.32	130	39200
ROADCAR	R	R 600.			2000	4	D	109	13.32	148	40400
ROADCAR	R	R 600.			2300	4	D	85	14.49	115	39200
ROADCAR	R	R 600.			2300	4	D	96	14.49	130	40100
ROADCAR	R	R 600.			2300	4	D	109	14.49	148	41400
ROADCAR	R	R 601.	2024		2200	4	D	103	14.10	140	51800
ROADCAR	R	R 640.			2000	4	D	130	13.32	177	43500
ROADCAR	R	R 640.			2000	4	D	96	13.32	130	40600
ROADCAR	R	R 640.			2000	4	D	109	13.32	148	41900
ROADCAR	R	R 640.			2300	4	D	85	14.49	115	40600
ROADCAR	R	R 640.			2300	4	D	96	14.49	130	41600
ROADCAR	R	R 640.			2300	4	D	109	14.49	148	42800
ROADCAR	R	R 640 CHASIS MAXI.			2300	4	D	96	14.49	130	41900
ROADCAR	R	R 640 CHASIS MAXI.			2300	4	D	109	14.49	148	43200
ROLLER TEAM	AUTO	AUTO ROLLER 230 P.			2200	4	D	74	14.10	100	31800
ROLLER TEAM	AUTO	AUTO ROLLER 255 P.			2200	4	D	74	14.10	100	35700
ROLLER TEAM	AUTO	AUTO ROLLER GARAGE.			2400	4	D	103	14.86	140	38800
ROLLER TEAM	AUTO	AUTO ROLLER GARAGE P.			2200	4	D	74	14.10	100	35200
ROLLER TEAM	AUTOROLLER	AUTOROLLER 10.	2003		2000	4	D	62	13.30	84	61400
ROLLER TEAM	AUTOROLLER	AUTOROLLER 10 OLIMPIA.	2003		2000	4	D	62	13.31	84	46700
ROLLER TEAM	AUTOROLLER	AUTOROLLER 15P.	2003		2000	4	D	62	13.30	84	66400
ROLLER TEAM	AUTOROLLER	AUTOROLLER 2.			2200	4	D	74	14.10	100	34600
ROLLER TEAM	AUTOROLLER	AUTOROLLER 2.	2004		2286	4	D	81	14.43	110	57400
ROLLER TEAM	AUTOROLLER	AUTOROLLER 2.	2008		2287	4	D	96	14.44	130	69500
ROLLER TEAM	AUTOROLLER	AUTOROLLER 230 P.			2200	4	D	74	14.10	100	34300
ROLLER TEAM	AUTOROLLER	AUTOROLLER 236.			2000	4	D	125	13.32	170	44700
ROLLER TEAM	AUTOROLLER	AUTOROLLER 255 P.			2200	4	D	74	14.10	100	35700
ROLLER TEAM	AUTOROLLER	AUTOROLLER 263 TL.			2000	4	D	96	13.32	130	43400
ROLLER TEAM	AUTOROLLER	AUTOROLLER 265.			2000	4	D	125	13.32	170	46400
ROLLER TEAM	AUTOROLLER	AUTOROLLER 265 TL.			2000	4	D	96	13.32	130	44500
ROLLER TEAM	AUTOROLLER	AUTOROLLER 266.			2000	4	D	125	13.32	170	47700
ROLLER TEAM	AUTOROLLER	AUTOROLLER 275 M.			2000	4	D	125	13.32	170	44700
ROLLER TEAM	AUTOROLLER	AUTOROLLER 277 M.			2000	4	D	125	13.32	170	45300
ROLLER TEAM	AUTOROLLER	AUTOROLLER 284.			2000	4	D	125	13.32	170	46700
ROLLER TEAM	AUTOROLLER	AUTOROLLER 284 TL.			2000	4	D	96	13.32	130	44800
ROLLER TEAM	AUTOROLLER	AUTOROLLER 285.			2000	4	D	125	13.32	170	44200
ROLLER TEAM	AUTOROLLER	AUTOROLLER 286.			2000	4	D	125	13.32	170	46700
ROLLER TEAM	AUTOROLLER	AUTOROLLER 298.			2000	4	D	125	13.32	170	45300
ROLLER TEAM	AUTOROLLER	AUTOROLLER 298 M.			2000	4	D	125	13.32	170	45400
ROLLER TEAM	AUTOROLLER	AUTOROLLER 3.			2200	4	D	74	14.10	100	33700
ROLLER TEAM	AUTOROLLER	AUTOROLLER 4 LIVING.	2005		2286	4	D	81	14.43	110	61500
ROLLER TEAM	AUTOROLLER	AUTOROLLER 7.			2200	4	D	74	14.10	100	37100
ROLLER TEAM	AUTOROLLER	AUTOROLLER 7 - CAMPER TWO.	2005		2800	4	D	94	16.30	127	57900
ROLLER TEAM	AUTOROLLER	AUTOROLLER 7 MAXI.			2400	4	D	103	14.86	140	38800
ROLLER TEAM	AUTOROLLER	AUTOROLLER 8.			2400	4	D	103	14.86	140	38500
ROLLER TEAM	CORFU	CORFU 215.	2001		1905	4	D	66	12.94	90	46900
ROLLER TEAM	CORFU	CORFU 235.	2005		2800	4	D	94	16.30	127	51500
ROLLER TEAM	GRANDUCA	GRANDUCA 10.			2300	4	D	96	14.49	130	41100
ROLLER TEAM	GRANDUCA	GRANDUCA 255 P.			2300	4	D	96	14.49	130	41100
ROLLER TEAM	GRANDUCA	GRANDUCA 265.			2300	4	D	96	14.49	130	57600
ROLLER TEAM	GRANDUCA	GRANDUCA 265 P.			2300	4	D	96	14.49	130	41600
ROLLER TEAM	GRANDUCA	GRANDUCA 266.			2300	4	D	96	14.49	130	57900
ROLLER TEAM	GRANDUCA	GRANDUCA 282.			2300	4	D	96	14.49	130	57000
ROLLER TEAM	GRANDUCA	GRANDUCA 284.			2300	4	D	96	14.49	130	57600
ROLLER TEAM	GRANDUCA	GRANDUCA 284 M.			2300	4	D	96	14.49	130	57600
ROLLER TEAM	GRANDUCA	GRANDUCA 285.			2300	4	D	96	14.49	130	57000
ROLLER TEAM	GRANDUCA	GRANDUCA 285 P.			2500	4	D	88	15.23	120	42500
ROLLER TEAM	GRANDUCA	GRANDUCA 295.			2300	4	D	96	14.49	130	56600
ROLLER TEAM	GRANDUCA	GRANDUCA 295 M.			2300	4	D	96	14.49	130	56500
ROLLER TEAM	GRANDUCA	GRANDUCA 295 P.			2500	4	D	88	15.23	120	55400
ROLLER TEAM	GRANDUCA	GRANDUCA 298.			2300	4	D	96	14.49	130	56200
ROLLER TEAM	GRANDUCA	GRANDUCA 65 LIVING.	2003		2402	4	D	92	14.86	125	53300
ROLLER TEAM	GRANDUCA	GRANDUCA GARAGE.			2300	4	D	96	14.49	130	57600
ROLLER TEAM	GRANDUCA	GRANDUCA GARAGE.	2007		3000	4	D	116	16.97	157	61500
ROLLER TEAM	GRANDUCA	GRANDUCA GARAGE P.			2300	4	D	96	14.49	130	50900
ROLLER TEAM	GRANDUCA	GRANDUCA GT.			2300	4	D	96	14.49	130	53100
ROLLER TEAM	Granduca	Granduca Perfilados 267 TL Fiat.			2300	4	D	88	14.49	120	52000
ROLLER TEAM	Granduca	Granduca Perfilados 287 TL Fiat.			2300	4	D	88	14.49	120	52000
ROLLER TEAM	Granduca	Granduca Perfilados 298 TL Fiat.			2300	4	D	88	14.49	120	50400
ROLLER TEAM	KRONOS	KRONOS 265.	2019		2000	4	D	125	13.30	170	49900
ROLLER TEAM	KRONOS	KRONOS 265 TL.	2025		2000	4	D	121	13.30	165	54000
ROLLER TEAM	KRONOS	KRONOS 267 TL.	2024		2000	4	D	96	13.32	130	54700
ROLLER TEAM	KRONOS	KRONOS 274 TL.	2024		2000	4	D	96	13.32	130	54900
ROLLER TEAM	KRONOS	KRONOS 274 TL.	2022		2000	4	D	125	13.32	170	63600
ROLLER TEAM	KRONOS	KRONOS 277.	2022		2000	4	D	96	13.32	130	56300
ROLLER TEAM	KRONOS	KRONOS 279 M.	2022		2000	4	D	114	13.32	155	58700
ROLLER TEAM	KRONOS	KRONOS 284 TL.	2024		2000	4	D	96	13.32	130	54000
ROLLER TEAM	KRONOS	KRONOS 290 M.	2024		2000	4	D	96	13.32	130	58200
ROLLER TEAM	KRONOS	KRONOS 291 TL.	2022		2000	4	D	125	13.32	170	56800
ROLLER TEAM	KRONOS	KRONOS 295 M.	2022		2000	4	D	96	13.32	130	58900
ROLLER TEAM	KRONOS	KRONOS 295 M.	2022		2000	4	D	114	13.32	155	59500
ROLLER TEAM	KRONOS	KRONOS 298 TL.	2022		2000	4	D	125	13.32	170	60800
ROLLER TEAM	KRONOS	KRONOS 298 TL (96 Kw).	2024		2000	4	D	96	13.32	130	54200
ROLLER TEAM	KRONOS	KRONOS ADVANCE 267 TL-24.	2024		2000	4	D	96	13.32	130	54700
ROLLER TEAM	KRONOS	KRONOS ADVANCE 295 TL.	2024		2000	4	D	96	13.32	130	55500
ROLLER TEAM	KRONOS	KRONOS ADVANCE 298 TL.	2024		2000	4	D	96	13.32	130	56400
ROLLER TEAM	Kronos	Kronos Advance Capuchinas 277 M Ford Heavy Duty.			2000	4	D	110	14.10	150	44800
ROLLER TEAM	Kronos	Kronos Advance Capuchinas 279 M Ford Heavy Duty.			2000	4	D	110	14.10	150	44200
ROLLER TEAM	Kronos	Kronos Advance Capuchinas 284 M Ford Heavy Duty.			2000	4	D	110	14.10	150	45900
ROLLER TEAM	Kronos	Kronos Advance Capuchinas 290 M Ford Heavy Duty.			2000	4	D	110	14.10	150	45800
ROLLER TEAM	Kronos	Kronos Advance Perfilados 234 TL Ford Light Duty.			2000	4	D	125	13.32	170	45400
ROLLER TEAM	Kronos	Kronos Advance Perfilados 265 TL Ford Light Duty.			2000	4	D	125	13.32	170	45400
ROLLER TEAM	Kronos	Kronos Advance Perfilados 266 TL Ford Light Duty.			2000	4	D	125	13.32	170	46700
ROLLER TEAM	Kronos	Kronos Advance Perfilados 267 P Ford Light Duty.			2000	4	D	125	13.32	170	45400
ROLLER TEAM	Kronos	Kronos Advance Perfilados 267 TL Ford Light Duty.			2000	4	D	125	13.32	170	46100
ROLLER TEAM	Kronos	Kronos Advance Perfilados 274 TL Ford Light Duty.			2000	4	D	125	13.32	170	45300
ROLLER TEAM	Kronos	Kronos Advance Perfilados 284 TL Ford Light Duty.			2000	4	D	125	13.32	170	45300
ROLLER TEAM	Kronos	Kronos Advance Perfilados 285 P Ford Light Duty.			2000	4	D	125	13.32	170	44200
ROLLER TEAM	Kronos	Kronos Advance Perfilados 285 TL Ford Light Duty.			2000	4	D	125	13.32	170	44900
ROLLER TEAM	Kronos	Kronos Advance Perfilados 287 P Ford Light Duty.			2000	4	D	125	13.32	170	45400
ROLLER TEAM	Kronos	Kronos Advance Perfilados 287 TL Ford Light Duty.			2000	4	D	125	13.32	170	46100
ROLLER TEAM	Kronos	Kronos Advance Perfilados 291 TL Ford Light Duty.			2000	4	D	125	13.32	170	41800
ROLLER TEAM	Kronos	Kronos Advance Perfilados 294 TL Ford Light Duty.			2000	4	D	125	13.32	170	42100
ROLLER TEAM	Kronos	Kronos Advance Perfilados 295 TL Ford Light Duty.			2000	4	D	125	13.32	170	44200
ROLLER TEAM	Kronos	Kronos Advance Perfilados 298 TL Ford Light Duty.			2000	4	D	125	13.32	170	44900
ROLLER TEAM	Kronos	Kronos Capuchinas 277 M Citroën Jumper / Peugeot Boxer EURO 6D.			2200	4	D	103	14.10	140	44800
ROLLER TEAM	Kronos	Kronos Capuchinas 277 M Fiat Ducato EURO 6D.			2200	4	D	103	14.10	140	44800
ROLLER TEAM	Kronos	Kronos Capuchinas 279 M Citroën Jumper / Peugeot Boxer EURO 6D.			2200	4	D	103	14.10	140	44200
ROLLER TEAM	Kronos	Kronos Capuchinas 279 M Fiat Ducato EURO 6D.			2200	4	D	103	14.10	140	44200
ROLLER TEAM	Kronos	Kronos Capuchinas 284 M Citroën Jumper / Peugeot Boxer EURO 6D.			2200	4	D	103	14.10	140	45900
ROLLER TEAM	Kronos	Kronos Capuchinas 284 M Fiat Ducato EURO 6D.			2200	4	D	103	14.10	140	45900
ROLLER TEAM	Kronos	Kronos Capuchinas 290 M Citroën Jumper / Peugeot Boxer EURO 6D.			2200	4	D	103	14.10	140	45800
ROLLER TEAM	Kronos	Kronos Capuchinas 290 M Fiat Ducato EURO 6D.			2200	4	D	103	14.10	140	45800
ROLLER TEAM	KRONOS	KRONOS CAPUCHINO 271 M Fiat.			2300	4	D	88	14.49	120	37400
ROLLER TEAM	KRONOS	KRONOS CAPUCHINO 271 M Ford.			2000	4	D	96	13.32	130	35900
ROLLER TEAM	KRONOS	KRONOS CAPUCHINO 277 M Fiat.			2300	4	D	88	14.49	120	38100
ROLLER TEAM	KRONOS	KRONOS CAPUCHINO 277 M Ford.			2000	4	D	96	13.32	130	42700
ROLLER TEAM	KRONOS	KRONOS CAPUCHINO 279 M Fiat.			2300	4	D	88	14.49	120	37500
ROLLER TEAM	KRONOS	KRONOS CAPUCHINO 279 M Ford.			2000	4	D	96	13.32	130	42200
ROLLER TEAM	KRONOS	KRONOS CAPUCHINO 284 M Fiat.			2300	4	D	88	14.49	120	41000
ROLLER TEAM	KRONOS	KRONOS CAPUCHINO 284 M Ford.			2000	4	D	96	13.32	130	43900
ROLLER TEAM	KRONOS	KRONOS CAPUCHINO 290 M Fiat.			2300	4	D	88	14.49	120	42000
ROLLER TEAM	KRONOS	KRONOS CAPUCHINO 290 M Ford.			2000	4	D	96	13.32	130	43800
ROLLER TEAM	KRONOS	KRONOS CAPUCHINO 295 M Fiat.			2300	4	D	88	14.49	120	37700
ROLLER TEAM	KRONOS	KRONOS CAPUCHINO 295 M Ford.			2000	4	D	96	13.32	130	42400
ROLLER TEAM	KRONOS	KRONOS FIT 230.	2025		2000	4	D	121	13.30	165	52800
ROLLER TEAM	KRONOS	KRONOS FIT 281 TL.	2024		2000	4	D	96	13.32	130	56400
ROLLER TEAM	KRONOS	KRONOS FIT 291 TL.	2025		2000	4	D	121	13.30	165	48700
ROLLER TEAM	KRONOS	KRONOS FIT 291 TL SELEKT.	2024		2000	4	D	96	13.32	130	53700
ROLLER TEAM	KRONOS	KRONOS PERFILADO 230 TL Ford.			2000	4	D	96	13.32	130	41800
ROLLER TEAM	KRONOS	KRONOS PERFILADO 234 TL Ford.			2000	4	D	96	13.32	130	36100
ROLLER TEAM	KRONOS	KRONOS PERFILADO 262 TL Ford.			2000	4	D	96	13.32	130	44100
ROLLER TEAM	KRONOS	KRONOS PERFILADO 265 TL Ford.			2000	4	D	96	13.32	130	43400
ROLLER TEAM	KRONOS	KRONOS PERFILADO 266 TL Ford.			2000	4	D	96	13.32	130	44700
ROLLER TEAM	KRONOS	KRONOS PERFILADO 267 TL Ford.			2000	4	D	96	13.32	130	44100
ROLLER TEAM	KRONOS	KRONOS PERFILADO 274 TL Ford.			2000	4	D	96	13.32	130	43400
ROLLER TEAM	KRONOS	KRONOS PERFILADO 283 TL Ford.			2000	4	D	96	13.32	130	43400
ROLLER TEAM	KRONOS	KRONOS PERFILADO 284 TL Ford.			2000	4	D	96	13.32	130	43400
ROLLER TEAM	KRONOS	KRONOS PERFILADO 285 TL Ford.			2000	4	D	96	13.32	130	42900
ROLLER TEAM	KRONOS	KRONOS PERFILADO 287 TL Ford.			2000	4	D	96	13.32	130	44100
ROLLER TEAM	KRONOS	KRONOS PERFILADO 291 TL Ford.			2000	4	D	96	13.32	130	39800
ROLLER TEAM	KRONOS	KRONOS PERFILADO 294 TL Ford.			2000	4	D	96	13.32	130	40100
ROLLER TEAM	KRONOS	KRONOS PERFILADO 295 TL Ford.			2000	4	D	96	13.32	130	42200
ROLLER TEAM	KRONOS	KRONOS PERFILADO 298 TL Ford.			2000	4	D	96	13.32	130	42900
ROLLER TEAM	Kronos	Kronos Perfilados 234 TL Citroën Jumper / Peugeot Boxer EURO 6D.			2200	4	D	103	14.10	140	45400
ROLLER TEAM	Kronos	Kronos Perfilados 234 TL Fiat Ducato EURO 6D.			2200	4	D	103	14.10	140	45400
ROLLER TEAM	Kronos	Kronos Perfilados 265 TL Citroën Jumper / Peugeot Boxer EURO 6D.			2200	4	D	103	14.10	140	45400
ROLLER TEAM	Kronos	Kronos Perfilados 265 TL Fiat Ducato EURO 6D.			2200	4	D	103	14.10	140	45400
ROLLER TEAM	Kronos	Kronos Perfilados 266 TL Citroën Jumper / Peugeot Boxer EURO 6D.			2200	4	D	103	14.10	140	46700
ROLLER TEAM	Kronos	Kronos Perfilados 266 TL Fiat Ducato EURO 6D.			2200	4	D	103	14.10	140	46700
ROLLER TEAM	Kronos	Kronos Perfilados 267 P Citroën Jumper / Peugeot Boxer EURO 6D.			2200	4	D	103	14.10	140	45400
ROLLER TEAM	Kronos	Kronos Perfilados 267 P Fiat Ducato EURO 6D.			2200	4	D	103	14.10	140	45400
ROLLER TEAM	Kronos	Kronos Perfilados 267 TL Citroën Jumper / Peugeot Boxer EURO 6D.			2200	4	D	103	14.10	140	46100
ROLLER TEAM	Kronos	Kronos Perfilados 267 TL Fiat Ducato EURO 6D.			2200	4	D	103	14.10	140	46100
ROLLER TEAM	Kronos	Kronos Perfilados 274 TL Citroën Jumper / Peugeot Boxer EURO 6D.			2200	4	D	103	14.10	140	45300
ROLLER TEAM	Kronos	Kronos Perfilados 274 TL Fiat Ducato EURO 6D.			2200	4	D	103	14.10	140	45300
ROLLER TEAM	Kronos	Kronos Perfilados 284 TL Citroën Jumper / Peugeot Boxer EURO 6D.			2200	4	D	103	14.10	140	45300
ROLLER TEAM	Kronos	Kronos Perfilados 284 TL Fiat Ducato EURO 6D.			2200	4	D	103	14.10	140	45300
ROLLER TEAM	Kronos	Kronos Perfilados 285 P Citroën Jumper / Peugeot Boxer EURO 6D.			2200	4	D	103	14.10	140	44200
ROLLER TEAM	Kronos	Kronos Perfilados 285 P Fiat Ducato EURO 6D.			2200	4	D	103	14.10	140	44200
ROLLER TEAM	Kronos	Kronos Perfilados 285 TL Citroën Jumper / Peugeot Boxer EURO 6D.			2200	4	D	103	14.10	140	44900
ROLLER TEAM	Kronos	Kronos Perfilados 285 TL Fiat Ducato EURO 6D.			2200	4	D	103	14.10	140	44900
ROLLER TEAM	Kronos	Kronos Perfilados 287 P Citroën Jumper / Peugeot Boxer EURO 6D.			2200	4	D	103	14.10	140	45400
ROLLER TEAM	Kronos	Kronos Perfilados 287 P Fiat Ducato EURO 6D.			2200	4	D	103	14.10	140	45400
ROLLER TEAM	Kronos	Kronos Perfilados 287 TL Citroën Jumper / Peugeot Boxer EURO 6D.			2200	4	D	103	14.10	140	46100
ROLLER TEAM	Kronos	Kronos Perfilados 287 TL Fiat Ducato EURO 6D.			2200	4	D	103	14.10	140	46100
ROLLER TEAM	Kronos	Kronos Perfilados 291 TL Citroën Jumper / Peugeot Boxer EURO 6D.			2200	4	D	103	14.10	140	41800
ROLLER TEAM	Kronos	Kronos Perfilados 291 TL Fiat Ducato EURO 6D.			2200	4	D	103	14.10	140	41800
ROLLER TEAM	Kronos	Kronos Perfilados 294 TL Citroën Jumper / Peugeot Boxer EURO 6D.			2200	4	D	103	14.10	140	42100
ROLLER TEAM	Kronos	Kronos Perfilados 294 TL Fiat Ducato EURO 6D.			2200	4	D	103	14.10	140	42100
ROLLER TEAM	Kronos	Kronos Perfilados 295 TL Citroën Jumper / Peugeot Boxer EURO 6D.			2200	4	D	103	14.10	140	44200
ROLLER TEAM	Kronos	Kronos Perfilados 295 TL Fiat Ducato EURO 6D.			2200	4	D	103	14.10	140	44200
ROLLER TEAM	Kronos	Kronos Perfilados 298 TL Citroën Jumper / Peugeot Boxer EURO 6D.			2200	4	D	103	14.10	140	44900
ROLLER TEAM	Kronos	Kronos Perfilados 298 TL Fiat Ducato EURO 6D.			2200	4	D	103	14.10	140	44900
ROLLER TEAM	KRONOS	KRONOS SPRING 284 TL.	2024		2000	4	D	96	13.32	130	54400
ROLLER TEAM	LIVINGSTONE	LIVINGSTONE 5-L.	2024		2200	4	D	103	14.10	140	47100
ROLLER TEAM	Livingstone	Livingstone ADVANCE 2 Fiat Ducato 33 L.			2200	4	D	88	14.10	120	41500
ROLLER TEAM	Livingstone	Livingstone ADVANCE 2 Fiat EURO 6D 33 LIGHT.			2200	4	D	103	14.10	140	41500
ROLLER TEAM	Livingstone	Livingstone ADVANCE 4 Fiat Ducato 33 L.			2200	4	D	88	14.10	120	42300
ROLLER TEAM	Livingstone	Livingstone ADVANCE 5 Fiat Ducato 33 L.			2200	4	D	88	14.10	120	41900
ROLLER TEAM	Livingstone	Livingstone ADVANCE 5 Fiat Ducato EURO 6D 33 LIGHT.			2200	4	D	103	14.10	140	42000
ROLLER TEAM	LIVINGSTONE	LIVINGSTONE ADVANCE 5-L.	2024		2200	4	D	103	14.10	140	53600
ROLLER TEAM	Livingstone	Livingstone ADVANCE 6 Fiat Ducato 33 L.			2200	4	D	88	14.10	120	42800
ROLLER TEAM	Livingstone	Livingstone ADVANCE 6 Fiat Ducato EURO 6D 33 LIGHT.			2200	4	D	103	14.10	140	42000
ROLLER TEAM	Livingstone	Livingstone ADVANCE DUO Fiat Ducato 33 L.			2200	4	D	88	14.10	120	43600
ROLLER TEAM	Livingstone	Livingstone ADVANCE DUO Fiat Ducato EURO 6D 35 LIGHT.			2200	4	D	103	14.10	140	43600
ROLLER TEAM	Livingstone	Livingstone ADVANCE DUO XL Fiat Ducato 33 L.			2200	4	D	88	14.10	120	43800
ROLLER TEAM	Livingstone	Livingstone ADVANCE DUO XL Fiat Ducato EURO 6D 35 LIGHT.			2200	4	D	103	14.10	140	43800
ROLLER TEAM	Livingstone	Livingstone ADVANCE K2 Fiat Ducato 33 L.			2200	4	D	88	14.10	120	41100
ROLLER TEAM	Livingstone	Livingstone ADVANCE K2 Fiat EURO 6D 33 LIGHT.			2200	4	D	103	14.10	140	41100
ROLLER TEAM	LIVINGSTONE	LIVINGSTONE K2-L.	2024		2200	4	D	103	14.10	140	46200
ROLLER TEAM	LIVINGSTONE	LIVINGSTONE PRESTIGE 2.			2300	4	D	96	14.49	130	39400
ROLLER TEAM	LIVINGSTONE	LIVINGSTONE PRESTIGE 4.			2300	4	D	96	14.49	130	40400
ROLLER TEAM	LIVINGSTONE	LIVINGSTONE PRESTIGE 5.			2300	4	D	96	14.49	130	39900
ROLLER TEAM	LIVINGSTONE	LIVINGSTONE PRESTIGE 6.			2300	4	D	96	14.49	130	40400
ROLLER TEAM	LIVINGSTONE	LIVINGSTONE PRESTIGE DUO.			2300	4	D	96	14.49	130	41600
ROLLER TEAM	LIVINGSTONE	LIVINGSTONE PRESTIGE K2.			2300	4	D	96	14.49	130	38000
ROLLER TEAM	LIVINGSTONE	LIVINGSTONE PRESTIGE K3.			2300	4	D	96	14.49	130	38600
ROLLER TEAM	LIVINGSTONE	LIVINGSTONE SPORT 2.			2300	4	D	96	14.49	130	35300
ROLLER TEAM	LIVINGSTONE	LIVINGSTONE SPORT 2 (2025).	2025		2300	4	D	103	14.49	140	49500
ROLLER TEAM	Livingstone	Livingstone Sport 2 Fiat EURO 6D 33 LIGHT.			2200	4	D	103	14.10	140	39600
ROLLER TEAM	LIVINGSTONE	LIVINGSTONE SPORT 4.			2300	4	D	96	14.49	130	36400
ROLLER TEAM	LIVINGSTONE	LIVINGSTONE SPORT 5.	2025		2300	4	D	103	14.49	140	50000
ROLLER TEAM	Livingstone	Livingstone Sport 5 Fiat Ducato EURO 6D 33 LIGHT.			2200	4	D	103	14.10	140	40000
ROLLER TEAM	LIVINGSTONE	LIVINGSTONE SPORT 6.			2300	4	D	96	14.49	130	36400
ROLLER TEAM	Livingstone	Livingstone Sport 6 Fiat Ducato EURO 6D 33 LIGHT.			2200	4	D	103	14.10	140	40000
ROLLER TEAM	LIVINGSTONE	LIVINGSTONE SPORT 6-L.	2024		2200	4	D	103	14.10	140	49800
ROLLER TEAM	LIVINGSTONE	LIVINGSTONE SPORT DUO.			2300	4	D	96	14.49	130	37600
ROLLER TEAM	LIVINGSTONE	LIVINGSTONE SPORT DUO (2025).	2025		2300	4	D	103	14.49	140	53300
ROLLER TEAM	Livingstone	Livingstone Sport DUO Fiat Ducato EURO 6D 35 LIGHT.			2200	4	D	103	14.10	140	41500
ROLLER TEAM	Livingstone	Livingstone Sport DUO XL Fiat Ducato EURO 6D 35 LIGHT.			2200	4	D	103	14.10	140	41700
ROLLER TEAM	LIVINGSTONE	LIVINGSTONE SPORT K2.			2300	4	D	96	14.49	130	33900
ROLLER TEAM	Livingstone	Livingstone Sport K2 Fiat EURO 6D 33 LIGHT.			2200	4	D	103	14.10	140	39200
ROLLER TEAM	LIVINGSTONE	LIVINGSTONE SPORT K3.			2300	4	D	96	14.49	130	34600
ROLLER TEAM	Livingstone	Livingstone Van 2 Citroën Jumper 33 L.			2200	4	D	88	14.10	120	35800
ROLLER TEAM	LIVINGSTONE	LIVINGSTONE VAN 2 Fiat Ducato 33 L.			2200	4	D	88	14.10	120	36400
ROLLER TEAM	Livingstone	Livingstone Van 5 Citroën Jumper 33 L.			2200	4	D	88	14.10	120	36100
ROLLER TEAM	LIVINGSTONE	LIVINGSTONE VAN 5 Fiat Ducato 33 L.			2200	4	D	88	14.10	120	36800
ROLLER TEAM	Livingstone	Livingstone Van DUO Citroën Jumper 35 L.			2200	4	D	88	14.10	120	37800
ROLLER TEAM	LIVINGSTONE	LIVINGSTONE VAN DUO Fiat Ducato 33 L.			2200	4	D	88	14.10	120	38500
ROLLER TEAM	LIVINGSTONE	LIVINGSTONE VAN K2 Fiat Ducato 33 L.			2200	4	D	88	14.10	120	35900
ROLLER TEAM	Livingstone	Livingstone Van Sport 2 Citroën Jumper 33 L.			2200	4	D	88	14.10	120	38800
ROLLER TEAM	Livingstone	Livingstone Van Sport 2 Fiat Ducato 33 L.			2200	4	D	88	14.10	120	39600
ROLLER TEAM	LIVINGSTONE	LIVINGSTONE VAN SPORT 3 Fiat Ducato 33 L.			2200	4	D	88	14.10	120	32200
ROLLER TEAM	LIVINGSTONE	LIVINGSTONE VAN SPORT 4 Fiat Ducato 33 L.			2200	4	D	88	14.10	120	40400
ROLLER TEAM	Livingstone	Livingstone Van Sport 5 Citroën Jumper 33 L.			2200	4	D	88	14.10	120	39300
ROLLER TEAM	LIVINGSTONE	LIVINGSTONE VAN SPORT 5 Fiat Ducato 33 L.			2200	4	D	88	14.10	120	40000
ROLLER TEAM	Livingstone	Livingstone Van Sport 6 Citroën Jumper 33 L.			2200	4	D	88	14.10	120	40100
ROLLER TEAM	LIVINGSTONE	LIVINGSTONE VAN SPORT 6 Fiat Ducato 33 L.			2200	4	D	88	14.10	120	40800
ROLLER TEAM	Livingstone	Livingstone Van Sport DUO Citroën Jumper 35 L.			2200	4	D	88	14.10	120	40700
ROLLER TEAM	LIVINGSTONE	LIVINGSTONE VAN SPORT DUO Fiat Ducato 33 L.			2200	4	D	88	14.10	120	41500
ROLLER TEAM	Livingstone	Livingstone Van Sport DUO XL Citroën Jumper 35 L.			2200	4	D	88	14.10	120	40900
ROLLER TEAM	LIVINGSTONE	LIVINGSTONE VAN SPORT DUO XL Fiat Ducato 33 L.			2200	4	D	88	14.10	120	41700
ROLLER TEAM	Livingstone	Livingstone Van Sport K2 Citroën Jumper 33 L.			2200	4	D	88	14.10	120	38400
ROLLER TEAM	LIVINGSTONE	LIVINGSTONE VAN SPORT K2 Fiat Ducato 33 L.			2200	4	D	88	14.10	120	39200
ROLLER TEAM	M100.	M100.	2005		2800	4	D	94	16.30	127	46700
ROLLER TEAM	PEGASO	PEGASO 707.			3000	4	D	118	16.99	160	44100
ROLLER TEAM	PEGASO	PEGASO 707 LIVING.			3000	4	D	118	16.99	160	44500
ROLLER TEAM	PEGASO	PEGASO GARAGE.			3000	4	D	118	16.99	160	44100
ROLLER TEAM	PEGASO	PEGASO GARAGE LIVING.			3000	4	D	118	16.99	160	44500
ROLLER TEAM	PEGASO	PEGASO GTX.			3000	4	D	118	16.99	160	44500
ROLLER TEAM	RIVIERA.	RIVIERA.	2005		2800	4	D	94	16.30	127	60000
ROLLER TEAM	SIRIO	SIRIO 590.			2200	4	D	81	14.10	110	36900
ROLLER TEAM	SIRIO	SIRIO 592 P.			2200	4	D	81	14.10	110	37200
ROLLER TEAM	SIRIO	SIRIO 595 P.			2200	4	D	81	14.10	110	37300
ROLLER TEAM	SIRIO	SIRIO 599.			2200	4	D	81	14.10	110	38400
ROLLER TEAM	SUN	SUN LIVING.			2198	4	D	81	14.10	110	43200
ROLLER TEAM	SUPER	SUPER BRIG 749.			3000	4	D	110	16.99	150	48800
ROLLER TEAM	TRIACA	TRIACA 32 TL.			2300	4	D	96	14.49	130	51800
ROLLER TEAM	VERSILIA.	VERSILIA.	1988		2500	4	D	55	15.23	75	31000
ROLLER TEAM	ZEFFIRO	ZEFFIRO 235 TL (TIPO P).			2300	4	D	96	14.49	130	43200
ROLLER TEAM	ZEFFIRO	ZEFFIRO 263 (TIPO P).			2300	4	D	96	14.49	130	46200
ROLLER TEAM	ZEFFIRO	ZEFFIRO 265 (TIPO I).			2300	4	D	96	14.49	130	44700
ROLLER TEAM	ZEFFIRO	ZEFFIRO 265 (TIPO P).			2300	4	D	96	14.49	130	46800
ROLLER TEAM	ZEFFIRO	ZEFFIRO 266 (TIPO I).			2300	4	D	96	14.49	130	54000
ROLLER TEAM	ZEFFIRO	ZEFFIRO 266 (TIPO P).			2300	4	D	96	14.49	130	47700
ROLLER TEAM	ZEFFIRO	ZEFFIRO 274 TL (TIPO P).			2300	4	D	96	14.49	130	45800
ROLLER TEAM	ZEFFIRO	ZEFFIRO 277 M (TIPO C).			2300	4	D	96	14.49	130	52800
ROLLER TEAM	ZEFFIRO	ZEFFIRO 282 (TIPO I).			2300	4	D	96	14.49	130	52100
ROLLER TEAM	ZEFFIRO	ZEFFIRO 282 (TIPO P).			2300	4	D	96	14.49	130	45800
ROLLER TEAM	ZEFFIRO	ZEFFIRO 283 (TIPO P).			2300	4	D	96	14.49	130	46100
ROLLER TEAM	ZEFFIRO	ZEFFIRO 284 (TIPO I).			2300	4	D	96	14.49	130	53100
ROLLER TEAM	ZEFFIRO	ZEFFIRO 284 (TIPO P).			2300	4	D	96	14.49	130	46700
ROLLER TEAM	ZEFFIRO	ZEFFIRO 284 M (TIPO C).			2300	4	D	96	14.49	130	45800
ROLLER TEAM	ZEFFIRO	ZEFFIRO 285 (TIPO I).			2300	4	D	96	14.49	130	53000
ROLLER TEAM	ZEFFIRO	ZEFFIRO 285 (TIPO P).			2300	4	D	96	14.49	130	46700
ROLLER TEAM	ZEFFIRO	ZEFFIRO 285 M (TIPO C).			2300	4	D	96	14.49	130	45500
ROLLER TEAM	ZEFFIRO	ZEFFIRO 286 (TIPO P).			2300	4	D	96	14.49	130	46400
ROLLER TEAM	ZEFFIRO	ZEFFIRO 294 TL (TIPO P).			2300	4	D	96	14.49	130	43800
ROLLER TEAM	ZEFFIRO	ZEFFIRO 295 (TIPO I).			2300	4	D	96	14.49	130	51100
ROLLER TEAM	ZEFFIRO	ZEFFIRO 295 (TIPO P).			2300	4	D	96	14.49	130	44800
ROLLER TEAM	ZEFFIRO	ZEFFIRO 295 M (TIPO C).			2300	4	D	96	14.49	130	44400
ROLLER TEAM	ZEFFIRO	ZEFFIRO GARAGE TL.	2014		2300	4	D	96	14.49	130	52600
ROLLER TEAM	Zefiro	Zefiro Advance Perfilados 266 TL Citroën Jumper / Peugeot Boxer EURO 6D.			2200	4	D	103	14.10	140	49400
ROLLER TEAM	Zefiro	Zefiro Advance Perfilados 267 P Citroën Jumper / Peugeot Boxer EURO 6D.			2200	4	D	103	14.10	140	48300
ROLLER TEAM	Zefiro	Zefiro Advance Perfilados 267 TL Citroën Jumper / Peugeot Boxer EURO 6D.			2200	4	D	103	14.10	140	49000
ROLLER TEAM	Zefiro	Zefiro Advance Perfilados 284 TL Citroën Jumper / Peugeot Boxer EURO 6D.			2200	4	D	103	14.10	140	48100
ROLLER TEAM	Zefiro	Zefiro Advance Perfilados 285 P Citroën Jumper / Peugeot Boxer EURO 6D.			2200	4	D	103	14.10	140	46900
ROLLER TEAM	Zefiro	Zefiro Advance Perfilados 285 TL Citroën Jumper / Peugeot Boxer EURO 6D.			2200	4	D	103	14.10	140	47700
ROLLER TEAM	Zefiro	Zefiro Advance Perfilados 287 P Citroën Jumper / Peugeot Boxer EURO 6D.			2200	4	D	103	14.10	140	48100
ROLLER TEAM	Zefiro	Zefiro Advance Perfilados 287 TL Citroën Jumper / Peugeot Boxer EURO 6D.			2200	4	D	103	14.10	140	48800
ROLLER TEAM	Zefiro	Zefiro Advance Perfilados 294 TL Citroën Jumper / Peugeot Boxer EURO 6D.			2200	4	D	103	14.10	140	44800
ROLLER TEAM	Zefiro	Zefiro Advance Perfilados 295 TL Citroën Jumper / Peugeot Boxer EURO 6D.			2200	4	D	103	14.10	140	46900
ROLLER TEAM	Zefiro	Zefiro Advance Perfilados 298 TL Citroën Jumper / Peugeot Boxer EURO 6D.			2200	4	D	103	14.10	140	47700
ROLLER TEAM	Zefiro	Zefiro Integral 267 I Fiat.			2300	4	D	88	14.49	120	56800
ROLLER TEAM	Zefiro	Zefiro Integral 284 I Fiat.			2300	4	D	88	14.49	120	56800
ROLLER TEAM	Zefiro	Zefiro Integral 287 I Fiat.			2300	4	D	88	14.49	120	56600
ROLLER TEAM	Zefiro	Zefiro Perfilados 262 TL Fiat.			2300	4	D	103	14.49	140	49000
ROLLER TEAM	Zefiro	Zefiro Perfilados 262 TL Ford.			2000	4	D	96	13.32	130	46100
ROLLER TEAM	Zefiro	Zefiro Perfilados 265 TL Fiat.			2300	4	D	103	14.49	140	48100
ROLLER TEAM	Zefiro	Zefiro Perfilados 265 TL Ford.			2000	4	D	96	13.32	130	45300
ROLLER TEAM	Zefiro	Zefiro Perfilados 266 TL Fiat.			2300	4	D	103	14.49	140	49400
ROLLER TEAM	Zefiro	Zefiro Perfilados 266 TL Ford.			2000	4	D	96	13.32	130	46600
ROLLER TEAM	Zefiro	Zefiro Perfilados 276 TL Fiat.			2300	4	D	103	14.49	140	49000
ROLLER TEAM	Zefiro	Zefiro Perfilados 276 TL Ford.			2000	4	D	96	13.32	130	46100
ROLLER TEAM	Zefiro	Zefiro Perfilados 282 TL Fiat.			2300	4	D	103	14.49	140	49000
ROLLER TEAM	Zefiro	Zefiro Perfilados 282 TL Ford.			2000	4	D	96	13.32	130	46100
ROLLER TEAM	Zefiro	Zefiro Perfilados 284 TL Fiat.			2300	4	D	103	14.49	140	48100
ROLLER TEAM	Zefiro	Zefiro Perfilados 284 TL Ford.			2000	4	D	96	13.32	130	45300
ROLLER TEAM	Zefiro	Zefiro Perfilados 285 TL Fiat.			2300	4	D	103	14.49	140	47700
ROLLER TEAM	Zefiro	Zefiro Perfilados 285 TL Ford.			2000	4	D	96	13.32	130	44900
ROLLER TEAM	Zefiro	Zefiro Perfilados 287 TL Fiat.			2300	4	D	103	14.49	140	48800
ROLLER TEAM	Zefiro	Zefiro Perfilados 287 TL Ford.			2000	4	D	96	13.32	130	46000
ROLLER TEAM	Zefiro	Zefiro Perfilados 294 TL Fiat.			2300	4	D	103	14.49	140	44800
ROLLER TEAM	Zefiro	Zefiro Perfilados 294 TL Ford.			2000	4	D	96	13.32	130	42000
ROLLER TEAM	Zefiro	Zefiro Perfilados 295 TL Fiat.			2300	4	D	103	14.49	140	46900
ROLLER TEAM	Zefiro	Zefiro Perfilados 295 TL Ford.			2000	4	D	96	13.32	130	44100
ROLLER TEAM	Zefiro	Zefiro Perfilados 298 TL Fiat.			2300	4	D	103	14.49	140	47700
ROLLER TEAM	Zefiro	Zefiro Perfilados 298 TL Ford.			2000	4	D	96	13.32	130	44900
SAFARIWAYS	NAIROBI	NAIROBI (FORD EDDCHS).	1992		2496	4	D	51	15.21	69	35500
SAFARIWAYS	SYDNEY	SYDNEY 6P (FIAT 280 MSX).	1993		1929	4	D	60	13.03	82	38700
SEA	670	670 MGO			2286	4	D	81	14.43	110	47400
SEA	A800	A800	2008		2287	4	D	96	14.43	131	65600
SEA	DINGHY	DINGHY	2002		1997	4	D	62	13.31	84	44800
SEA	DINGHY	DINGHY	2002		2800	4	D	94	16.30	127	46300
SEA	Fly	Fly 500			2800	4	D	107	16.30	145	44200
SEA	GIGANT	GIGANT 400			2800	4	D	94	16.30	128	53900
SEA	M100	M100	2005		2287	4	D	81	14.43	110	49400
SEA	M110	M110			2800	4	D	94	16.30	128	44200
SEA	M150	M150	2003		2800	4	D	94	16.30	128	47400
SEA	M200	M200			2287	4	D	81	14.44	110	47400
SEA	P200	P200	2007		2286	4	D	81	14.43	110	53900
SEA	P210	P210			1997	4	D	74	13.31	100	42900
SEA	P250	P250	2006		2286	4	D	81	14.43	110	57000
SEA	P250	P250			2800	4	D	94	16.30	128	48500
SEA	X-DREAM	X-DREAM 557G (M500)	2007		3000	4	D	115	16.99	156	58100
S-LIGHT	10	10 YEARS EDITION T-68 MJ.			2200	4	D	110	14.10	150	45800
S-LIGHT	10	10 YEARS EDITION T-68 MJ L.			2200	4	D	85	14.10	115	46800
S-LIGHT	10	10 YEARS EDITION T-68 MJ L.			2200	4	D	96	14.10	130	48200
S-LIGHT	10	10 YEARS EDITION T-69 MJ.			2200	4	D	110	14.10	150	49500
S-LIGHT	10	10 YEARS EDITION T-69 MJ L.			2200	4	D	85	14.10	115	46800
S-LIGHT	10	10 YEARS EDITION T-69 MJ L.			2200	4	D	96	14.10	130	48200
S-LIGHT	ADVENTURE	ADVENTURE EDITION BLACK T - 67 S - 4 Fiat Light.			2200	4	D	88	14.10	120	41000
S-LIGHT	ADVENTURE	ADVENTURE EDITION BLACK T - 67 S - 4 Fiat Light.			2200	4	D	103	14.10	140	41700
S-LIGHT	ADVENTURE	ADVENTURE EDITION BLACK T - 67 S - 4 Fiat Light.			2200	4	D	118	14.10	160	43100
S-LIGHT	ADVENTURE	ADVENTURE EDITION BLACK T - 67 S - 4 Fiat Light.			2200	4	D	132	14.10	180	44400
S-LIGHT	ADVENTURE	ADVENTURE EDITION BLACK T - 68 S - 4 Fiat Light.			2200	4	D	88	14.10	120	41900
S-LIGHT	ADVENTURE	ADVENTURE EDITION BLACK T - 68 S - 4 Fiat Light.			2200	4	D	103	14.10	140	42600
S-LIGHT	ADVENTURE	ADVENTURE EDITION BLACK T - 68 S - 4 Fiat Light.			2200	4	D	118	14.10	160	44000
S-LIGHT	ADVENTURE	ADVENTURE EDITION BLACK T - 68 S - 4 Fiat Light.			2200	4	D	132	14.10	180	45300
S-LIGHT	ADVENTURE	ADVENTURE EDITION BLACK T - 69 L - 4 Fiat Light.			2200	4	D	88	14.10	120	41500
S-LIGHT	ADVENTURE	ADVENTURE EDITION BLACK T - 69 L - 4 Fiat Light.			2200	4	D	118	14.10	160	43500
S-LIGHT	ADVENTURE	ADVENTURE EDITION BLACK T - 69 L - 4 Fiat Light.			2200	4	D	132	14.10	180	44900
S-LIGHT	ADVENTURE	ADVENTURE EDITION BLACK T . 69 L - 4 Fiat Light.			2200	4	D	103	14.10	140	42100
S-LIGHT	ADVENTURE	ADVENTURE EDITION INTEGRALES I - 67 S Fiat Light.			2200	4	D	88	14.10	120	47400
S-LIGHT	ADVENTURE	ADVENTURE EDITION INTEGRALES I - 67 S Fiat Light.			2200	4	D	103	14.10	140	55600
S-LIGHT	ADVENTURE	ADVENTURE EDITION INTEGRALES I - 67 S Fiat Light.			2200	4	D	118	14.10	160	49400
S-LIGHT	ADVENTURE	ADVENTURE EDITION INTEGRALES I - 67 S Fiat Light.			2200	4	D	132	14.10	180	58200
S-LIGHT	Adventure	Adventure Edition Integrales I - 67 S Fiat Light automático.			2200	4	D	103	14.10	140	58400
S-LIGHT	Adventure	Adventure Edition Integrales I - 67 S Fiat Light automático.			2200	4	D	132	14.10	180	61000
S-LIGHT	ADVENTURE	ADVENTURE EDITION INTEGRALES I - 68 Fiat Light.			2200	4	D	88	14.10	120	49000
S-LIGHT	ADVENTURE	ADVENTURE EDITION INTEGRALES I - 68 Fiat Light.			2200	4	D	103	14.10	140	57300
S-LIGHT	ADVENTURE	ADVENTURE EDITION INTEGRALES I - 68 Fiat Light.			2200	4	D	118	14.10	160	51000
S-LIGHT	ADVENTURE	ADVENTURE EDITION INTEGRALES I - 68 Fiat Light.			2200	4	D	132	14.10	180	59900
S-LIGHT	Adventure	Adventure Edition Integrales I - 68 Fiat Light automático.			2200	4	D	103	14.10	140	60100
S-LIGHT	Adventure	Adventure Edition Integrales I - 68 Fiat Light automático.			2200	4	D	132	14.10	180	62700
S-LIGHT	ADVENTURE	ADVENTURE EDITION INTEGRALES I - 69 L Fiat Light.			2200	4	D	88	14.10	120	48900
S-LIGHT	ADVENTURE	ADVENTURE EDITION INTEGRALES I - 69 L Fiat Light.			2200	4	D	103	14.10	140	57300
S-LIGHT	ADVENTURE	ADVENTURE EDITION INTEGRALES I - 69 L Fiat Light.			2200	4	D	118	14.10	160	50900
S-LIGHT	ADVENTURE	ADVENTURE EDITION INTEGRALES I - 69 L Fiat Light.			2200	4	D	132	14.10	180	59900
S-LIGHT	Adventure	Adventure Edition Integrales I - 69 L Fiat Light automático.			2200	4	D	103	14.10	140	60100
S-LIGHT	Adventure	Adventure Edition Integrales I - 69 L Fiat Light automático.			2200	4	D	132	14.10	180	62700
S-LIGHT	ADVENTURE	ADVENTURE EDITION WHITE I - 67 S Fiat Light.			2200	4	D	88	14.10	120	47400
S-LIGHT	ADVENTURE	ADVENTURE EDITION WHITE I - 67 S Fiat Light.			2200	4	D	103	14.10	140	48000
S-LIGHT	ADVENTURE	ADVENTURE EDITION WHITE I - 67 S Fiat Light.			2200	4	D	118	14.10	160	49400
S-LIGHT	ADVENTURE	ADVENTURE EDITION WHITE I - 67 S Fiat Light.			2200	4	D	132	14.10	180	50700
S-LIGHT	ADVENTURE	ADVENTURE EDITION WHITE I - 68 Fiat Light.			2200	4	D	88	14.10	120	49000
S-LIGHT	ADVENTURE	ADVENTURE EDITION WHITE I - 68 Fiat Light.			2200	4	D	103	14.10	140	49600
S-LIGHT	ADVENTURE	ADVENTURE EDITION WHITE I - 68 Fiat Light.			2200	4	D	118	14.10	160	51000
S-LIGHT	ADVENTURE	ADVENTURE EDITION WHITE I - 68 Fiat Light.			2200	4	D	132	14.10	180	52400
S-LIGHT	ADVENTURE	ADVENTURE EDITION WHITE I - 69 L Fiat Light.			2200	4	D	88	14.10	120	48900
S-LIGHT	ADVENTURE	ADVENTURE EDITION WHITE I - 69 L Fiat Light.			2200	4	D	103	14.10	140	49500
S-LIGHT	ADVENTURE	ADVENTURE EDITION WHITE I - 69 L Fiat Light.			2200	4	D	118	14.10	160	50900
S-LIGHT	ADVENTURE	ADVENTURE EDITION WHITE I - 69 L Fiat Light.			2200	4	D	132	14.10	180	52300
S-LIGHT	Adventure	Adventure Perfiladas T - 58 Fiat Light 2.2.			2200	4	D	103	14.10	140	40800
S-LIGHT	Adventure	Adventure Perfiladas T - 66 S - 4 Fiat Light 2.2.			2200	4	D	103	14.10	140	42600
S-LIGHT	Adventure	Adventure Perfiladas T - 67 - 4 Fiat Light 2.2.			2200	4	D	103	14.10	140	44200
S-LIGHT	Adventure	Adventure Perfiladas T - 67 S - 4 Fiat Light 2.2.			2200	4	D	103	14.10	140	42900
S-LIGHT	Adventure	Adventure Perfiladas T - 670 - 4 Ford.			2000	4	D	96	13.32	130	42700
S-LIGHT	Adventure	Adventure Perfiladas T - 68 - 4 Fiat Light 2.2.			2200	4	D	103	14.10	140	44200
S-LIGHT	Adventure	Adventure Perfiladas T - 68 C - 4 Fiat Light 2.2.			2200	4	D	103	14.10	140	44500
S-LIGHT	Adventure	Adventure Perfiladas T - 680 - 4 Ford.			2000	4	D	96	13.32	130	44000
S-LIGHT	Adventure	Adventure Perfiladas T - 69 LC Fiat Light 2.2.			2200	4	D	103	14.10	140	44500
S-LIGHT	Adventure	Adventure Perfiladas T - 690 - 4 Ford.			2000	4	D	96	13.32	130	44000
S-LIGHT	ALKOVEN	ALKOVEN A-68 MJ.			2200	4	D	110	14.49	150	43100
S-LIGHT	ALKOVEN	ALKOVEN A-68 MJ L.			2200	4	D	85	13.32	115	40400
S-LIGHT	ALKOVEN	ALKOVEN A-68 MJ L.			2200	4	D	96	14.49	130	41800
S-LIGHT	ALKOVEN	ALKOVEN A-70 MJ.			2200	4	D	110	14.49	150	44500
S-LIGHT	ALKOVEN	ALKOVEN A-70 MJ L.			2200	4	D	85	13.32	115	41800
S-LIGHT	ALKOVEN	ALKOVEN A-70 MJ L.			2200	4	D	96	14.49	130	43200
S-LIGHT	ALKOVEN	ALKOVEN A-72 MJ.			2200	4	D	110	14.49	150	44800
S-LIGHT	ALKOVEN	ALKOVEN A-72 MJ L.			2200	4	D	85	13.32	115	42100
S-LIGHT	ALKOVEN	ALKOVEN A-72 MJ L.			2200	4	D	96	14.49	130	43700
S-LIGHT	Campers	Campers Adventure Edition White V 66 Citroën.			2200	4	D	103	14.49	140	41400
S-LIGHT	CAMPERS	CAMPERS CLIFF- CAMPERS V 60 Citroën.			2200	4	D	103	14.10	140	32400
S-LIGHT	CAMPERS	CAMPERS CLIFF- CAMPERS V 60 Citroën.			2200	4	D	121	14.10	165	33200
S-LIGHT	CAMPERS	CAMPERS CLIFF- CAMPERS V 66 Citroën.			2200	4	D	103	14.10	140	34200
S-LIGHT	CAMPERS	CAMPERS CLIFF- CAMPERS V 66 Citroën.			2200	4	D	121	14.10	165	35100
S-LIGHT	CAMPERS	CAMPERS CLIFF- CAMPERS V 69 Citroën.			2200	4	D	103	14.10	140	34100
S-LIGHT	CAMPERS	CAMPERS CLIFF- CAMPERS V 69 Citroën.			2200	4	D	121	14.10	165	35000
S-LIGHT	Campers	Campers V 60 Citroën.			2200	4	D	121	14.49	165	40900
S-LIGHT	Capuchina	Capuchina A - 60 Citroën.			2200	4	D	103	14.10	140	42300
S-LIGHT	Capuchina	Capuchina A - 60 Citroën.			2200	4	D	121	14.10	165	43700
S-LIGHT	CAPUCHINA	CAPUCHINA A - 60 Fiat Light.			2200	4	D	88	14.10	120	33700
S-LIGHT	CAPUCHINA	CAPUCHINA A - 60 Fiat Light.			2200	4	D	103	14.10	140	42700
S-LIGHT	CAPUCHINA	CAPUCHINA A - 60 Fiat Light.			2200	4	D	118	14.10	160	35700
S-LIGHT	CAPUCHINA	CAPUCHINA A - 60 Fiat Light.			2200	4	D	132	14.10	180	45400
S-LIGHT	Capuchina	Capuchina A - 60 Fiat Light automático.			2200	4	D	103	14.10	140	45500
S-LIGHT	Capuchina	Capuchina A - 60 Fiat Light automático.			2200	4	D	132	14.10	180	48200
S-LIGHT	Capuchina	Capuchina A - 68 Citroën.			2200	4	D	103	14.10	140	45100
S-LIGHT	Capuchina	Capuchina A - 68 Citroën.			2200	4	D	121	14.10	165	46300
S-LIGHT	CAPUCHINA	CAPUCHINA A - 68 Fiat Light.			2200	4	D	88	14.10	120	36900
S-LIGHT	CAPUCHINA	CAPUCHINA A - 68 Fiat Light.			2200	4	D	103	14.10	140	45400
S-LIGHT	CAPUCHINA	CAPUCHINA A - 68 Fiat Light.			2200	4	D	118	14.10	160	39000
S-LIGHT	CAPUCHINA	CAPUCHINA A - 68 Fiat Light.			2200	4	D	132	14.10	180	48100
S-LIGHT	Capuchina	Capuchina A - 68 Fiat Light automático.			2200	4	D	103	14.10	140	48300
S-LIGHT	Capuchina	Capuchina A - 68 Fiat Light automático.			2200	4	D	132	14.10	180	50900
S-LIGHT	Capuchina	Capuchina A - 70 Citroën.			2200	4	D	103	14.10	140	47000
S-LIGHT	Capuchina	Capuchina A - 70 Citroën.			2200	4	D	121	14.10	165	48400
S-LIGHT	CAPUCHINA	CAPUCHINA A - 70 Fiat Light.			2200	4	D	88	14.10	120	38600
S-LIGHT	CAPUCHINA	CAPUCHINA A - 70 Fiat Light.			2200	4	D	103	14.10	140	47500
S-LIGHT	CAPUCHINA	CAPUCHINA A - 70 Fiat Light.			2200	4	D	118	14.10	160	40700
S-LIGHT	CAPUCHINA	CAPUCHINA A - 70 Fiat Light.			2200	4	D	132	14.10	180	50100
S-LIGHT	Capuchina	Capuchina A - 70 Fiat Light automático.			2200	4	D	103	14.10	140	50300
S-LIGHT	Capuchina	Capuchina A - 70 Fiat Light automático.			2200	4	D	132	14.10	180	53000
S-LIGHT	CAPUCHINA	CAPUCHINA A - 72 Fiat Light.			2200	4	D	88	14.10	120	39100
S-LIGHT	CAPUCHINA	CAPUCHINA A - 72 Fiat Light.			2200	4	D	103	14.10	140	39700
S-LIGHT	CAPUCHINA	CAPUCHINA A - 72 Fiat Light.			2200	4	D	118	14.10	160	41100
S-LIGHT	CAPUCHINA	CAPUCHINA A - 72 Fiat Light.			2200	4	D	132	14.10	180	42400
S-LIGHT	Cliff	Cliff Adventure CV 540 Fiat.			2200	4	D	103	14.10	140	39400
S-LIGHT	Cliff	Cliff Adventure CV 540 Vanlife Fiat 2.2 cc.			2200	4	D	103	14.10	140	40800
S-LIGHT	Cliff	Cliff Adventure CV 590 C Ford (4x4).			2000	4	D	125	13.32	170	49200
S-LIGHT	Cliff	Cliff Adventure CV 600 Fiat.			2200	4	D	103	14.10	140	40100
S-LIGHT	Cliff	Cliff Adventure CV 600 X Fiat.			2200	4	D	103	14.10	140	42400
S-LIGHT	Cliff	Cliff Adventure CV 600 XX Fiat (20 aniversario).			2200	4	D	103	14.10	140	41400
S-LIGHT	Cliff	Cliff Adventure CV 601 Fiat.			2200	4	D	103	14.10	140	40800
S-LIGHT	Cliff	Cliff Adventure CV 602 Fiat.			2200	4	D	103	14.10	140	40400
S-LIGHT	Cliff	Cliff Adventure CV 640 Fiat.			2200	4	D	103	14.10	140	41600
S-LIGHT	Cliff	Cliff Adventure CV 640 X Fiat.			2200	4	D	103	14.10	140	44000
S-LIGHT	Cliff	Cliff Basic CV 540 Peugeot.			2200	4	D	103	14.10	140	36600
S-LIGHT	Cliff	Cliff Basic CV 600 Peugeot.			2200	4	D	103	14.10	140	37200
S-LIGHT	Cliff	Cliff Basic CV 640 Peugeot.			2200	4	D	103	14.10	140	38600
S-LIGHT	INTEGRALES	INTEGRALES I - 67 S Fiat Light.			2000	4	D	88	14.10	120	44700
S-LIGHT	INTEGRALES	INTEGRALES I - 67 S Fiat Light.			2200	4	D	118	14.10	160	46700
S-LIGHT	INTEGRALES	INTEGRALES I - 67 S Fiat Light.			2200	4	D	132	14.10	180	48200
S-LIGHT	INTEGRALES	INTEGRALES I - 67 S Fiat Light.			2300	4	D	103	14.10	140	45400
S-LIGHT	INTEGRALES	INTEGRALES I - 68 Fiat Light.			2200	4	D	88	14.10	120	46300
S-LIGHT	INTEGRALES	INTEGRALES I - 68 Fiat Light.			2200	4	D	103	14.10	140	47000
S-LIGHT	INTEGRALES	INTEGRALES I - 68 Fiat Light.			2200	4	D	118	14.10	160	48400
S-LIGHT	INTEGRALES	INTEGRALES I - 68 Fiat Light.			2200	4	D	132	14.10	180	49800
S-LIGHT	INTEGRALES	INTEGRALES I - 69 L Fiat Light.			2200	4	D	88	14.10	120	46300
S-LIGHT	INTEGRALES	INTEGRALES I - 69 L Fiat Light.			2200	4	D	103	14.10	140	47000
S-LIGHT	INTEGRALES	INTEGRALES I - 69 L Fiat Light.			2200	4	D	118	14.10	160	48400
S-LIGHT	INTEGRALES	INTEGRALES I - 69 L Fiat Light.			2200	4	D	132	14.10	180	49800
S-LIGHT	Perfiladas	Perfiladas T - 58 Citroën.			2200	4	D	103	14.10	140	43700
S-LIGHT	Perfiladas	Perfiladas T - 58 Citroën.			2200	4	D	121	14.10	165	44900
S-LIGHT	PERFILADAS	PERFILADAS T - 58 Fiat Light.			2200	4	D	88	14.10	120	35100
S-LIGHT	PERFILADAS	PERFILADAS T - 58 Fiat Light.			2200	4	D	103	14.10	140	44100
S-LIGHT	PERFILADAS	PERFILADAS T - 58 Fiat Light.			2200	4	D	118	14.10	160	37100
S-LIGHT	PERFILADAS	PERFILADAS T - 58 Fiat Light.			2200	4	D	132	14.10	180	46700
S-LIGHT	Perfiladas	Perfiladas T - 58 Fiat Light automático.			2200	4	D	103	14.10	140	46800
S-LIGHT	Perfiladas	Perfiladas T - 58 Fiat Light automático.			2200	4	D	132	14.10	180	49500
S-LIGHT	PERFILADAS	PERFILADAS T - 65-4 Fiat Light.			2200	4	D	88	14.10	120	38700
S-LIGHT	PERFILADAS	PERFILADAS T - 65-4 Fiat Light.			2200	4	D	103	14.10	140	39400
S-LIGHT	PERFILADAS	PERFILADAS T - 65-4 Fiat Light.			2200	4	D	118	14.10	160	40800
S-LIGHT	PERFILADAS	PERFILADAS T - 65-4 Fiat Light.			2200	4	D	132	14.10	180	42100
S-LIGHT	PERFILADAS	PERFILADAS T - 66 Fiat Light.			2200	4	D	88	14.10	120	37700
S-LIGHT	PERFILADAS	PERFILADAS T - 66 Fiat Light.			2200	4	D	103	14.10	140	38400
S-LIGHT	PERFILADAS	PERFILADAS T - 66 Fiat Light.			2200	4	D	118	14.10	160	39800
S-LIGHT	PERFILADAS	PERFILADAS T - 66 Fiat Light.			2200	4	D	132	14.10	180	41100
S-LIGHT	Perfiladas	Perfiladas T - 67 - 4 Citroën.			2200	4	D	103	14.10	140	48400
S-LIGHT	Perfiladas	Perfiladas T - 67 - 4 Citroën.			2200	4	D	121	14.10	165	49700
S-LIGHT	Perfiladas	Perfiladas T - 67 - 4 Fiat Light.			2200	4	D	103	14.10	140	48800
S-LIGHT	Perfiladas	Perfiladas T - 67 - 4 Fiat Light automático.			2200	4	D	103	14.10	140	51700
S-LIGHT	Perfiladas	Perfiladas T - 67 - 4 Fiat Light automático.			2200	4	D	132	14.10	180	54300
S-LIGHT	Perfiladas	Perfiladas T - 67 - 4Fiat Light.			2200	4	D	132	14.10	180	51500
S-LIGHT	Perfiladas	Perfiladas T - 67 Citroën.			2200	4	D	103	14.10	140	47400
S-LIGHT	Perfiladas	Perfiladas T - 67 Citroën.			2200	4	D	121	14.10	165	48600
S-LIGHT	Perfiladas	Perfiladas T - 67 Fiat Light.			2200	4	D	103	14.10	140	47800
S-LIGHT	Perfiladas	Perfiladas T - 67 Fiat Light.			2200	4	D	132	14.10	180	50400
S-LIGHT	Perfiladas	Perfiladas T - 67 Fiat Light automático.			2200	4	D	103	14.10	140	50500
S-LIGHT	Perfiladas	Perfiladas T - 67 Fiat Light automático.			2200	4	D	132	14.10	180	53200
S-LIGHT	Perfiladas	Perfiladas T - 67 S - 4 Citroën.			2200	4	D	103	14.10	140	47400
S-LIGHT	Perfiladas	Perfiladas T - 67 S - 4 Citroën.			2200	4	D	121	14.10	165	48600
S-LIGHT	PERFILADAS	PERFILADAS T - 67 S - 4 Fiat Light.			2200	4	D	88	14.10	120	38800
S-LIGHT	PERFILADAS	PERFILADAS T - 67 S - 4 Fiat Light.			2200	4	D	103	14.10	140	47800
S-LIGHT	PERFILADAS	PERFILADAS T - 67 S - 4 Fiat Light.			2200	4	D	118	14.10	160	40900
S-LIGHT	Perfiladas	Perfiladas T - 67 S - 4 Fiat Light automático.			2200	4	D	103	14.10	140	50500
S-LIGHT	Perfiladas	Perfiladas T - 67 S - 4 Fiat Light automático.			2200	4	D	132	14.10	180	53200
S-LIGHT	PERFILADAS	PERFILADAS T - 67 S - 4Fiat Light.			2200	4	D	132	14.10	180	50400
S-LIGHT	Perfiladas	Perfiladas T - 67 S Citroën.			2200	4	D	103	14.10	140	46200
S-LIGHT	Perfiladas	Perfiladas T - 67 S Citroën.			2200	4	D	121	14.10	165	47600
S-LIGHT	Perfiladas	Perfiladas T - 67 S Fiat Light.			2200	4	D	103	14.10	140	46600
S-LIGHT	Perfiladas	Perfiladas T - 67 S Fiat Light.			2200	4	D	132	14.10	180	49300
S-LIGHT	Perfiladas	Perfiladas T - 67 S Fiat Light automático.			2200	4	D	103	14.10	140	49500
S-LIGHT	Perfiladas	Perfiladas T - 67 S Fiat Light automático.			2200	4	D	132	14.10	180	52100
S-LIGHT	Perfiladas	Perfiladas T - 670 - 4 Ford.			2000	4	D	96	13.32	130	48100
S-LIGHT	Perfiladas	Perfiladas T - 670 - 4 Ford.			2000	4	D	114	13.32	155	49100
S-LIGHT	Perfiladas	Perfiladas T - 670 Ford.			2000	4	D	96	13.32	130	46900
S-LIGHT	Perfiladas	Perfiladas T - 670 Ford.			2000	4	D	114	13.32	155	48000
S-LIGHT	PERFILADAS	PERFILADAS T - 67-4 Fiat Light.			2200	4	D	88	14.10	120	39600
S-LIGHT	PERFILADAS	PERFILADAS T - 67-4 Fiat Light.			2200	4	D	103	14.10	140	40300
S-LIGHT	PERFILADAS	PERFILADAS T - 67-4 Fiat Light.			2200	4	D	118	14.10	160	41600
S-LIGHT	PERFILADAS	PERFILADAS T - 67-4 Fiat Light.			2200	4	D	132	14.10	180	42900
S-LIGHT	Perfiladas	Perfiladas T - 68 - 4 Citroën.			2200	4	D	103	14.10	140	48400
S-LIGHT	Perfiladas	Perfiladas T - 68 - 4 Citroën.			2200	4	D	121	14.10	165	49700
S-LIGHT	Perfiladas	Perfiladas T - 68 - 4 Fiat Light.			2200	4	D	103	14.10	140	48800
S-LIGHT	Perfiladas	Perfiladas T - 68 - 4 Fiat Light.			2200	4	D	132	14.10	180	51500
S-LIGHT	Perfiladas	Perfiladas T - 68 - 4 Fiat Light automático.			2200	4	D	103	14.10	140	51700
S-LIGHT	Perfiladas	Perfiladas T - 68 - 4 Fiat Light automático.			2200	4	D	132	14.10	180	54300
S-LIGHT	Perfiladas	Perfiladas T - 68 C - 4 Citroën.			2200	4	D	103	14.10	140	48700
S-LIGHT	Perfiladas	Perfiladas T - 68 C - 4 Citroën.			2200	4	D	121	14.10	165	50000
S-LIGHT	Perfiladas	Perfiladas T - 68 C - 4 Fiat Light.			2200	4	D	103	14.10	140	49100
S-LIGHT	Perfiladas	Perfiladas T - 68 C - 4 Fiat Light.			2200	4	D	132	14.10	180	51800
S-LIGHT	Perfiladas	Perfiladas T - 68 C - 4 Fiat Light automático.			2200	4	D	103	14.10	140	51900
S-LIGHT	Perfiladas	Perfiladas T - 68 C - 4 Fiat Light automático.			2200	4	D	132	14.10	180	54500
S-LIGHT	Perfiladas	Perfiladas T - 68 C Citroën.			2200	4	D	103	14.10	140	47600
S-LIGHT	Perfiladas	Perfiladas T - 68 C Citroën.			2200	4	D	121	14.10	165	48900
S-LIGHT	Perfiladas	Perfiladas T - 68 C Fiat Light.			2200	4	D	103	14.10	140	48000
S-LIGHT	Perfiladas	Perfiladas T - 68 C Fiat Light.			2200	4	D	132	14.10	180	50600
S-LIGHT	Perfiladas	Perfiladas T - 68 C Fiat Light automático.			2200	4	D	103	14.10	140	48800
S-LIGHT	Perfiladas	Perfiladas T - 68 C Fiat Light automático.			2200	4	D	132	14.10	180	53500
S-LIGHT	Perfiladas	Perfiladas T - 68 Citroën.			2200	4	D	121	14.10	165	48600
S-LIGHT	Perfiladas	Perfiladas T - 68 Fiat Light.			2200	4	D	103	14.10	140	47800
S-LIGHT	Perfiladas	Perfiladas T - 68 Fiat Light.			2200	4	D	132	14.10	180	50400
S-LIGHT	Perfiladas	Perfiladas T - 68 Fiat Light automático.			2200	4	D	103	14.10	140	50500
S-LIGHT	Perfiladas	Perfiladas T - 68 Fiat Light automático.			2200	4	D	132	14.10	180	53200
S-LIGHT	Perfiladas	Perfiladas T - 680 - 4 Ford.			2000	4	D	96	13.32	130	49400
S-LIGHT	Perfiladas	Perfiladas T - 680 - 4 Ford.			2000	4	D	114	13.32	155	50400
S-LIGHT	Perfiladas	Perfiladas T - 680 Ford.			2000	4	D	96	13.32	130	48300
S-LIGHT	Perfiladas	Perfiladas T - 680 Ford.			2000	4	D	114	13.32	155	49300
S-LIGHT	PERFILADAS	PERFILADAS T - 68-4 Fiat Light.			2200	4	D	88	14.10	120	39600
S-LIGHT	PERFILADAS	PERFILADAS T - 68-4 Fiat Light.			2200	4	D	103	14.10	140	40300
S-LIGHT	PERFILADAS	PERFILADAS T - 68-4 Fiat Light.			2200	4	D	118	14.10	160	41600
S-LIGHT	PERFILADAS	PERFILADAS T - 68-4 Fiat Light.			2200	4	D	132	14.10	180	42900
S-LIGHT	Perfiladas	Perfiladas T - 69 C - 4 Fiat Light.			2200	4	D	103	14.10	140	49100
S-LIGHT	Perfiladas	Perfiladas T - 69 C - 4 Fiat Light.			2200	4	D	132	14.10	180	51800
S-LIGHT	Perfiladas	Perfiladas T - 69 C - 4 Fiat Light automático.			2200	4	D	103	14.10	140	51900
S-LIGHT	Perfiladas	Perfiladas T - 69 C - 4 Fiat Light automático.			2200	4	D	132	14.10	180	54500
S-LIGHT	PERFILADAS	PERFILADAS T - 69 L - 4 Fiat Light.			2200	4	D	88	14.10	120	39200
S-LIGHT	PERFILADAS	PERFILADAS T - 69 L - 4 Fiat Light.			2200	4	D	103	14.10	140	39800
S-LIGHT	PERFILADAS	PERFILADAS T - 69 L - 4 Fiat Light.			2200	4	D	118	14.10	160	41200
S-LIGHT	PERFILADAS	PERFILADAS T - 69 L - 4 Fiat Light.			2200	4	D	132	14.10	180	42500
S-LIGHT	Perfiladas	Perfiladas T - 69 LC - 4 Citroën.			2200	4	D	103	14.10	140	48700
S-LIGHT	Perfiladas	Perfiladas T - 69 LC - 4 Citroën.			2200	4	D	121	14.10	165	50000
S-LIGHT	PERFILADAS	PERFILADAS T - 69 LC - 4 Fiat Light.			2200	4	D	88	14.10	120	39400
S-LIGHT	PERFILADAS	PERFILADAS T - 69 LC - 4 Fiat Light.			2200	4	D	103	14.10	140	40000
S-LIGHT	PERFILADAS	PERFILADAS T - 69 LC - 4 Fiat Light.			2200	4	D	118	14.10	160	41400
S-LIGHT	PERFILADAS	PERFILADAS T - 69 LC - 4 Fiat Light.			2200	4	D	132	14.10	180	42700
S-LIGHT	Perfiladas	Perfiladas T - 69 LC Citroën.			2200	4	D	103	14.10	140	47600
S-LIGHT	Perfiladas	Perfiladas T - 69 LC Citroën.			2200	4	D	121	14.10	165	49200
S-LIGHT	Perfiladas	Perfiladas T - 69 LC Fiat Light.			2200	4	D	103	14.10	140	48000
S-LIGHT	Perfiladas	Perfiladas T - 69 LC Fiat Light.			2200	4	D	132	14.10	180	50600
S-LIGHT	Perfiladas	Perfiladas T - 69 LC Fiat Light automático.			2200	4	D	103	14.10	140	50800
S-LIGHT	Perfiladas	Perfiladas T - 69 LC Fiat Light automático.			2200	4	D	132	14.10	180	53500
S-LIGHT	Perfiladas	Perfiladas T - 690 - 4 Ford.			2000	4	D	114	13.32	155	50400
S-LIGHT	Perfiladas	Perfiladas T - 690 -4 Ford.			2000	4	D	96	13.32	130	49400
S-LIGHT	Perfiladas	Perfiladas T - 690 Ford.			2000	4	D	96	13.32	130	48300
S-LIGHT	Perfiladas	Perfiladas T - 690 Ford.			2000	4	D	114	13.32	155	49300
S-LIGHT	Perfiladas	Perfiladas T - 698 Citroën.			2200	4	D	103	14.10	140	47400
S-LIGHT	PERFILADAS	PERFILADAS T-58 MJ.			2300	4	D	110	14.49	150	39300
S-LIGHT	PERFILADAS	PERFILADAS T-58 MJ L.			2000	4	D	96	14.49	130	38100
S-LIGHT	PERFILADAS	PERFILADAS T-58 MJ L.			2300	4	D	85	13.32	115	36600
S-LIGHT	PERFILADAS	PERFILADAS T-60 MJ.			2300	4	D	110	14.49	150	37300
S-LIGHT	PERFILADAS	PERFILADAS T-60 MJ L.			2000	4	D	85	13.32	115	35000
S-LIGHT	PERFILADAS	PERFILADAS T-60 MJ L.			2300	4	D	96	14.49	130	36300
S-LIGHT	PERFILADAS	PERFILADAS T-63 MJ.			2300	4	D	110	14.49	150	42100
S-LIGHT	PERFILADAS	PERFILADAS T-63 MJ L.			2000	4	D	85	13.32	115	39600
S-LIGHT	PERFILADAS	PERFILADAS T-63 MJ L.			2300	4	D	96	14.49	130	41000
S-LIGHT	PERFILADAS	PERFILADAS T-64 MJ.			2200	4	D	110	14.10	150	44700
S-LIGHT	PERFILADAS	PERFILADAS T-64 MJ L.			2200	4	D	85	14.10	115	42000
S-LIGHT	PERFILADAS	PERFILADAS T-64 MJ L.			2200	4	D	96	14.10	130	43400
S-LIGHT	PERFILADAS	PERFILADAS T-65 MJ.			2200	4	D	110	14.10	150	44100
S-LIGHT	PERFILADAS	PERFILADAS T-65 MJ L.			2200	4	D	96	14.10	130	42700
S-LIGHT	PERFILADAS	PERFILADAS T-65 MJ L.			2300	4	D	85	14.10	115	41400
S-LIGHT	PERFILADAS	PERFILADAS T-66 MJ.			2200	4	D	110	14.10	150	42800
S-LIGHT	PERFILADAS	PERFILADAS T-66 MJ L.			2200	4	D	85	14.10	115	40200
S-LIGHT	PERFILADAS	PERFILADAS T-66 MJ L.			2200	4	D	96	14.10	130	41500
S-LIGHT	PERFILADAS	PERFILADAS T-67 MJ.			2000	4	D	110	14.10	150	44100
S-LIGHT	PERFILADAS	PERFILADAS T-67 MJ L.			2200	4	D	85	14.10	115	41400
S-LIGHT	PERFILADAS	PERFILADAS T-67 MJ L.			2200	4	D	96	14.10	130	42700
S-LIGHT	PERFILADAS	PERFILADAS T-68 MJ.			2300	4	D	110	14.49	150	45600
S-LIGHT	PERFILADAS	PERFILADAS T-68 MJ L.			2300	4	D	85	14.49	115	42900
S-LIGHT	PERFILADAS	PERFILADAS T-68 MJ L.			2300	4	D	96	14.49	130	44300
S-LIGHT	PERFILADAS	PERFILADAS T-69-L MJ.			2200	4	D	110	14.10	150	45600
S-LIGHT	PERFILADAS	PERFILADAS T-69-L MJ L.			2200	4	D	85	14.10	115	42900
S-LIGHT	PERFILADAS	PERFILADAS T-69-L MJ L.			2200	4	D	96	14.10	130	44300
S-LIGHT	PERFILADAS	PERFILADAS T-69-S MJ.			2200	4	D	110	14.10	150	43100
S-LIGHT	PERFILADAS	PERFILADAS T-69-S MJ L.			2200	4	D	85	14.10	115	40400
S-LIGHT	PERFILADAS	PERFILADAS T-69-S MJ L.			2200	4	D	96	14.10	130	41700
S-LIGHT	S-LICHT	S-LICHT T 65 CAPRON.	2020		2300	4	D	110	14.49	150	61000
S-LIGHT	S-LIGHT	S-LIGHT A 58.			2300	4	D	74	14.49	100	41900
S-LIGHT	S-LIGHT	S-LIGHT A 58.			2300	4	D	96	14.49	130	43800
S-LIGHT	S-LIGHT	S-LIGHT A 68.			2300	4	D	110	14.49	150	49500
S-LIGHT	S-LIGHT	S-LIGHT A 68.			2300	4	D	130	14.49	177	48200
S-LIGHT	S-LIGHT	S-LIGHT A 68.			2300	4	D	132	14.49	180	51800
S-LIGHT	S-LIGHT	S-LIGHT A 68.			2300	4	D	74	14.10	100	45500
S-LIGHT	S-LIGHT	S-LIGHT A 68.			2300	4	D	96	14.49	130	47600
S-LIGHT	S-LIGHT	S-LIGHT A 68.			2300	4	D	109	14.49	148	45900
S-LIGHT	S-LIGHT	S-LIGHT A 70.			2300	4	D	110	14.49	150	52000
S-LIGHT	S-LIGHT	S-LIGHT A 70.			2300	4	D	130	14.49	177	50400
S-LIGHT	S-LIGHT	S-LIGHT A 70.			2300	4	D	132	14.49	180	54200
S-LIGHT	S-LIGHT	S-LIGHT A 70.			2300	4	D	74	14.10	100	45600
S-LIGHT	S-LIGHT	S-LIGHT A 70.			2300	4	D	96	14.49	130	50100
S-LIGHT	S-LIGHT	S-LIGHT A 70.			2300	4	D	109	14.49	148	48400
S-LIGHT	S-LIGHT	S-LIGHT A 72.			2300	4	D	110	14.49	150	52500
S-LIGHT	S-LIGHT	S-LIGHT A 72.			2300	4	D	130	14.49	177	51000
S-LIGHT	S-LIGHT	S-LIGHT A 72.			2300	4	D	132	14.49	180	54800
S-LIGHT	S-LIGHT	S-LIGHT A 72.			2300	4	D	96	14.49	130	50700
S-LIGHT	S-LIGHT	S-LIGHT A 72.			2300	4	D	109	14.49	148	48800
S-LIGHT	S-LIGHT	S-LIGHT I 68.			2300	4	D	110	14.49	150	62700
S-LIGHT	S-LIGHT	S-LIGHT I 68.			2300	4	D	132	14.49	180	65100
S-LIGHT	S-LIGHT	S-LIGHT I 68.			2300	4	D	96	14.49	130	61000
S-LIGHT	S-LIGHT	S-LIGHT I 69.			2300	4	D	110	14.49	150	62700
S-LIGHT	S-LIGHT	S-LIGHT I 69.			2300	4	D	132	14.49	180	65100
S-LIGHT	S-LIGHT	S-LIGHT I 69.			2300	4	D	74	14.49	100	41900
S-LIGHT	S-LIGHT	S-LIGHT I 69.			2300	4	D	96	14.49	130	61000
S-LIGHT	S-LIGHT	S-LIGHT T 57.			2300	4	D	74	14.49	100	41600
S-LIGHT	S-LIGHT	S-LIGHT T 57.			2300	4	D	96	14.49	130	43400
S-LIGHT	S-LIGHT	S-LIGHT T 58.			2300	4	D	110	14.49	150	46800
S-LIGHT	S-LIGHT	S-LIGHT T 58.			2300	4	D	130	14.49	177	44700
S-LIGHT	S-LIGHT	S-LIGHT T 58.			2300	4	D	132	14.49	180	49200
S-LIGHT	S-LIGHT	S-LIGHT T 58.			2300	4	D	74	14.49	100	40600
S-LIGHT	S-LIGHT	S-LIGHT T 58.			2300	4	D	96	14.49	130	44900
S-LIGHT	S-LIGHT	S-LIGHT T 58.			2300	4	D	109	14.49	148	42600
S-LIGHT	S-LIGHT	S-LIGHT T 60.			2300	4	D	110	14.49	150	45800
S-LIGHT	S-LIGHT	S-LIGHT T 60.			2300	4	D	130	14.49	177	43900
S-LIGHT	S-LIGHT	S-LIGHT T 60.			2300	4	D	132	14.49	180	48100
S-LIGHT	S-LIGHT	S-LIGHT T 60.			2300	4	D	96	14.49	130	44000
S-LIGHT	S-LIGHT	S-LIGHT T 60.			2300	4	D	109	14.49	148	41600
S-LIGHT	S-LIGHT	S-LIGHT T 63.			2300	4	D	74	14.49	101	43300
S-LIGHT	S-LIGHT	S-LIGHT T 63.			2300	4	D	96	14.49	130	44900
S-LIGHT	S-LIGHT	S-LIGHT T 64.			2300	4	D	110	14.49	150	50600
S-LIGHT	S-LIGHT	S-LIGHT T 64.			2300	4	D	130	14.49	177	50000
S-LIGHT	S-LIGHT	S-LIGHT T 64.			2300	4	D	132	14.49	180	52900
S-LIGHT	S-LIGHT	S-LIGHT T 64.			2300	4	D	74	14.49	101	44900
S-LIGHT	S-LIGHT	S-LIGHT T 64.			2300	4	D	96	14.49	130	48800
S-LIGHT	S-LIGHT	S-LIGHT T 64.			2300	4	D	109	14.49	148	47900
S-LIGHT	S-LIGHT	S-LIGHT T 64-4.			2300	4	D	110	14.49	150	52100
S-LIGHT	S-LIGHT	S-LIGHT T 64-4.			2300	4	D	132	14.49	180	54300
S-LIGHT	S-LIGHT	S-LIGHT T 64-4.			2200	4	D	74	14.10	100	45800
S-LIGHT	S-LIGHT	S-LIGHT T 64-4.			2300	4	D	96	14.49	130	50200
S-LIGHT	S-LIGHT	S-LIGHT T 65.			2300	4	D	110	14.49	150	50600
S-LIGHT	S-LIGHT	S-LIGHT T 65.			2300	4	D	130	14.49	177	50000
S-LIGHT	S-LIGHT	S-LIGHT T 65.			2300	4	D	132	14.49	180	52900
S-LIGHT	S-LIGHT	S-LIGHT T 65.			2200	4	D	74	14.10	100	44400
S-LIGHT	S-LIGHT	S-LIGHT T 65.			2300	4	D	96	14.49	130	48800
S-LIGHT	S-LIGHT	S-LIGHT T 65.			2300	4	D	109	14.49	148	47900
S-LIGHT	S-LIGHT	S-LIGHT T 65-4.			2300	4	D	110	14.49	150	52100
S-LIGHT	S-LIGHT	S-LIGHT T 65-4.			2300	4	D	132	14.49	180	54300
S-LIGHT	S-LIGHT	S-LIGHT T 65-4.			2300	4	D	96	14.49	130	50200
S-LIGHT	S-LIGHT	S-LIGHT T 66.			2300	4	D	110	14.49	150	50600
S-LIGHT	S-LIGHT	S-LIGHT T 66.	2012		2300	4	D	130	16.30	177	61700
S-LIGHT	S-LIGHT	S-LIGHT T 66.			2300	4	D	130	14.49	177	48700
S-LIGHT	S-LIGHT	S-LIGHT T 66.			2300	4	D	132	14.49	180	52900
S-LIGHT	S-LIGHT	S-LIGHT T 66.			2200	4	D	74	14.10	100	44200
S-LIGHT	S-LIGHT	S-LIGHT T 66.			2300	4	D	96	14.49	130	48800
S-LIGHT	S-LIGHT	S-LIGHT T 66.			2300	4	D	109	14.49	148	46600
S-LIGHT	S-LIGHT	S-LIGHT T 67.			2300	4	D	110	14.49	150	52200
S-LIGHT	S-LIGHT	S-LIGHT T 67.			2300	4	D	130	14.49	177	51500
S-LIGHT	S-LIGHT	S-LIGHT T 67.			2300	4	D	132	14.49	180	54400
S-LIGHT	S-LIGHT	S-LIGHT T 67.			2300	4	D	96	14.49	130	50200
S-LIGHT	S-LIGHT	S-LIGHT T 67.			2300	4	D	109	14.49	148	49300
S-LIGHT	S-LIGHT	S-LIGHT T 67 S /T388.	2021		2200	4	D	103	14.10	140	67500
S-LIGHT	S-LIGHT	S-LIGHT T 67-4.			2300	4	D	110	14.49	150	53600
S-LIGHT	S-LIGHT	S-LIGHT T 67-4.			2300	4	D	132	14.49	180	55800
S-LIGHT	S-LIGHT	S-LIGHT T 67-4.			2300	4	D	96	14.49	130	51700
S-LIGHT	S-LIGHT	S-LIGHT T 68.			2300	4	D	110	14.49	150	52200
S-LIGHT	S-LIGHT	S-LIGHT T 68.			2300	4	D	130	14.49	177	51500
S-LIGHT	S-LIGHT	S-LIGHT T 68.			2300	4	D	132	14.49	180	54400
S-LIGHT	S-LIGHT	S-LIGHT T 68.			2300	4	D	96	14.49	130	50200
S-LIGHT	S-LIGHT	S-LIGHT T 68.			2300	4	D	109	14.49	148	49300
S-LIGHT	S-LIGHT	S-LIGHT T 68-4.			2300	4	D	110	14.49	150	53600
S-LIGHT	S-LIGHT	S-LIGHT T 68-4.			2300	4	D	132	14.49	180	55800
S-LIGHT	S-LIGHT	S-LIGHT T 68-4.			2300	4	D	96	14.49	130	51700
S-LIGHT	S-LIGHT	S-LIGHT T 69.			2300	4	D	74	14.10	100	44700
S-LIGHT	S-LIGHT	S-LIGHT T 69.			2300	4	D	96	14.49	130	46500
S-LIGHT	S-LIGHT	S-LIGHT T 69 L-4.			2300	4	D	96	14.49	130	51700
S-LIGHT	S-LIGHT	S-LIGHT T 69-4.			2300	4	D	110	14.49	150	53600
S-LIGHT	S-LIGHT	S-LIGHT T 69-4.			2300	4	D	132	14.49	180	55800
S-LIGHT	S-LIGHT	S-LIGHT T 69-L.			1997	4	D	130	14.49	177	51500
S-LIGHT	S-LIGHT	S-LIGHT T 69-L.			2300	4	D	110	14.49	150	52200
S-LIGHT	S-LIGHT	S-LIGHT T 69-L.			2300	4	D	132	14.49	180	54400
S-LIGHT	S-LIGHT	S-LIGHT T 69-L.			2300	4	D	96	14.49	130	47600
S-LIGHT	S-LIGHT	S-LIGHT T 69-L.			2300	4	D	109	14.49	148	49300
S-LIGHT	S-LIGHT	S-LIGHT T 69-S.			2300	4	D	110	14.49	150	50600
S-LIGHT	S-LIGHT	S-LIGHT T 69-S.			2300	4	D	130	14.49	177	48700
S-LIGHT	S-LIGHT	S-LIGHT T 69-S.			2300	4	D	132	14.49	180	52900
S-LIGHT	S-LIGHT	S-LIGHT T 69-S.			2300	4	D	96	14.49	130	48800
S-LIGHT	S-LIGHT	S-LIGHT T 69-S.			2300	4	D	109	14.49	148	46600
S-LIGHT	S-LIGHT	S-LIGHT T 69-S-4.			2300	4	D	110	14.49	150	52100
S-LIGHT	S-LIGHT	S-LIGHT T 69-S-4.			2300	4	D	132	14.49	180	54300
S-LIGHT	S-LIGHT	S-LIGHT T 69-S-4.			2300	4	D	96	14.49	130	50200
S-LIGHT	V	V 60 SP TENTTOP.	2024		2200	4	D	103	14.10	140	54000
S-LIGHT	V60.	V60.			1997	4	D	92	13.31	125	53600
S-LIGHT	Van	Van Adventure V 60 Citroën.			2200	4	D	103	14.10	140	40800
S-LIGHT	Van	Van Adventure V 60 Fiat Light 2.2.			2200	4	D	103	14.10	140	37900
S-LIGHT	Van	Van Adventure V 66 Citroën.			2200	4	D	103	14.10	140	42600
S-LIGHT	Van	Van Adventure V 66 Fiat Light 2.2.			2200	4	D	103	14.10	140	39800
S-LIGHT	Van	Van Adventure V 67 S Fiat Light 2.2.			2200	4	D	103	14.10	140	40900
S-LIGHT	Van	Van Adventure V 69 Citroën.			2200	4	D	103	14.10	140	42600
S-LIGHT	Van	Van Adventure V 69 Fiat Light 2.2.			2200	4	D	103	14.10	140	39800
S-LIGHT	Van	Van Basic V 60 Citroën.			2200	4	D	103	14.10	140	37600
S-LIGHT	Van	Van Basic V 66 Citroën.			2200	4	D	103	14.10	140	39700
S-LIGHT	Van	Van Basic V 69 Citroën.			2200	4	D	103	14.10	140	39700
SUN LIVING	660.	660.	2007		2286	4	D	81	14.43	110	49900
SUN LIVING	55	55 SP TentTop Citroën 35 L.			2200	4	D	103	14.10	140	41900
SUN LIVING	60	60 SP.			2300	4	D	96	14.49	130	40600
SUN LIVING	60	60 SP TentTop Citroën 35 L.			2200	4	D	103	14.10	140	42800
SUN LIVING	65	65 SL.			2300	4	D	96	14.49	130	41000
SUN LIVING	A	A 60 SP Citroën 35 L.			2200	4	D	103	14.10	140	37200
SUN LIVING	A	A 70 DK.			2300	4	D	96	14.49	130	46600
SUN LIVING	A	A 70 DK Citroën 35 L.			2200	4	D	103	14.10	140	37800
SUN LIVING	A	A 75 DP.			2300	4	D	96	14.49	130	45900
SUN LIVING	A	A 75 DP Citroën 35 L.			2200	4	D	103	14.10	140	37800
SUN LIVING	A	A 75 SL Citroën 35 L.			2200	4	D	103	14.10	140	37800
SUN LIVING	C	C 65 SL Citroën 35 L.			2200	4	D	103	14.10	140	36100
SUN LIVING	FLEXO	FLEXO SLX.			2300	4	D	96	14.49	130	41000
SUN LIVING	FLEXO	FLEXO SP.			2300	4	D	96	14.49	130	40700
SUN LIVING	FLEXO	FLEXO V1.			2200	4	D	74	14.10	100	40200
SUN LIVING	FLEXO	FLEXO V1.			2300	4	D	96	14.49	130	41200
SUN LIVING	LIDO	LIDO A 45 DK FIAT 5.			2300	4	D	96	14.49	130	45600
SUN LIVING	LIDO	LIDO A 49 DP FIAT 5.			2300	4	D	96	14.49	130	44900
SUN LIVING	LIDO	LIDO A11.			2200	4	D	74	14.10	100	42800
SUN LIVING	LIDO	LIDO A11.			2300	4	D	96	14.49	130	44800
SUN LIVING	LIDO	LIDO A12.			2300	4	D	96	14.49	130	45700
SUN LIVING	LIDO	LIDO A14.			2200	4	D	74	14.10	100	42900
SUN LIVING	LIDO	LIDO A14.			2300	4	D	96	14.49	130	44700
SUN LIVING	LIDO	LIDO FLEXO SLX FIAT 5.			2300	4	D	96	14.49	130	37500
SUN LIVING	LIDO	LIDO FLEXO SP FIAT 5.			2300	4	D	96	14.49	130	37700
SUN LIVING	LIDO	LIDO M 45 SL FIAT 5.			2300	4	D	96	14.49	130	46900
SUN LIVING	LIDO	LIDO M 45 SP.			2300	4	D	96	14.49	130	47200
SUN LIVING	LIDO	LIDO M 46 SP FIAT 5.			2300	4	D	96	14.49	130	44200
SUN LIVING	LIDO	LIDO M 50 SL.			2300	4	D	96	14.49	130	47900
SUN LIVING	LIDO	LIDO S 35 SP FIAT 5.			2300	4	D	96	14.49	130	42800
SUN LIVING	LIDO	LIDO S 42 DF FIAT 5.			2300	4	D	96	14.49	130	42100
SUN LIVING	LIDO	LIDO S 42 SL FIAT 5.			2300	4	D	96	14.49	130	43300
SUN LIVING	LIDO	LIDO S 45 SC.			2300	4	D	96	14.49	130	46000
SUN LIVING	LIDO	LIDO S11.			2200	4	D	74	14.10	100	40200
SUN LIVING	LIDO	LIDO S11.			2300	4	D	96	14.49	130	42600
SUN LIVING	LIDO	LIDO S13.			2200	4	D	74	14.10	100	40600
SUN LIVING	LIDO	LIDO S13.			2300	4	D	96	14.49	130	42900
SUN LIVING	LIDO	LIDO S14.			2200	4	D	74	14.10	100	42400
SUN LIVING	LIDO	LIDO S14.			2300	4	D	96	14.49	130	44700
SUN LIVING	S	S 60 SP.			2300	4	D	96	14.49	130	42900
SUN LIVING	S	S 60 SP Citroën 35 L.			2200	4	D	103	14.10	140	35800
SUN LIVING	S	S 65 SL.			2300	4	D	96	14.49	130	43700
SUN LIVING	S	S 65 SL Citroën 35 L.			2200	4	D	103	14.10	140	36100
SUN LIVING	S	S 70 DF.			2300	4	D	96	14.49	130	44100
SUN LIVING	S	S 70 DF Citroën 35 L.			2200	4	D	103	14.10	140	35900
SUN LIVING	S	S 70 DK.			2300	4	D	96	14.49	130	48000
SUN LIVING	S	S 70 SC.			2300	4	D	96	14.49	130	46700
SUN LIVING	S	S 70 SC Citroën 35 L.			2200	4	D	103	14.10	140	37700
SUN LIVING	S	S 70 SL.			2300	4	D	96	14.49	130	47600
SUN LIVING	S	S 70 SL Citroën 35 L.			2200	4	D	103	14.10	140	38500
SUN LIVING	S	S 70 SP.	2024		2200	4	D	121	14.10	165	56600
SUN LIVING	S	S 70 SP.			2300	4	D	96	14.49	130	47700
SUN LIVING	S	S 70 SP Citroën 35 L.			2200	4	D	103	14.10	140	38400
SUN LIVING	S	S 75 SC.			2300	4	D	96	14.49	130	48500
SUN LIVING	S	S 75 SC Citroën 35 L.			2200	4	D	103	14.10	140	39300
SUN LIVING	S	S 75 SL.			2300	4	D	96	14.49	130	48500
SUN LIVING	S	S 75 SL Citroën 35 L.			2200	4	D	103	14.10	140	39200
SUN LIVING	Series	Series A 60 SP Fiat 6E 2,2 140 HP 35 L Man.			2200	4	D	103	14.10	140	46100
SUN LIVING	Series	Series A 70 DK Ford HD 130 HP 35 L AT8.			2200	4	D	96	14.10	130	45900
SUN LIVING	Series	Series A 72 SP Ford HD 130 HP 35 L AT8.			2200	4	D	96	14.10	130	45900
SUN LIVING	Series	Series A 75 DP Fiat 6E 2,2 140 HP 35 L Man.			2200	4	D	103	14.10	140	48800
SUN LIVING	Series	Series A 75 SL Ford HD 130 HP 35 L AT8.			2200	4	D	96	14.10	130	45900
SUN LIVING	Series	Series C 60 SP Fiat 6E 2,2 140 HP 35 L Man.			2200	4	D	103	14.10	140	42900
SUN LIVING	Series	Series C 65 SL Fiat 6E 2,2 140 HP 35 L Man.			2200	4	D	103	14.10	140	43800
SUN LIVING	Series	Series S 70 SL Ford HD 130 HP 35 L AT8.			2200	4	D	96	14.10	130	46200
SUN LIVING	Series	Series S 72 DC Ford HD 130 HP 35 L AT8.			2200	4	D	96	14.10	130	47000
SUN LIVING	Series	Series S 72 DL Ford HD 130 HP 35 L AT8.			2200	4	D	96	14.10	130	46900
SUN LIVING	Series	Series S 72 SP Ford HD 130 HP 35 L AT8.			2200	4	D	96	14.10	130	46100
SUN LIVING	Series	Series S 75 SL Ford HD 130 HP 35 L AT8.			2200	4	D	96	14.10	130	46900
SUN LIVING	Series	Series V 55 SP Fiat 6E 2,2 140 HP 35 L Man.			2200	4	D	103	14.10	140	39500
SUN LIVING	Series	Series V 55 SP TentTop Fiat 6E 2,2 140 HP 35 L Man.			2200	4	D	103	14.10	140	43300
SUN LIVING	Series	Series V 60 SP Fiat 6E 2,2 140 HP 35 L Man.			2200	4	D	103	14.10	140	40500
SUN LIVING	Series	Series V 60 SP TentTop Fiat 6E 2,2 140 HP 35 L Man.			2200	4	D	103	14.10	140	44300
SUN LIVING	Series	Series V 60 SP-Family Fiat 6E 2,2 140 HP 35 L Man.			2200	4	D	103	14.10	140	41200
SUN LIVING	Series	Series V 65 SL Fiat 6E 2,2 140 HP 35 L Man.			2200	4	D	103	14.10	140	42300
SUN LIVING	Series	Series V 65 XL Fiat 6E 2,2 140 HP 35 L Man.			2200	4	D	103	14.10	140	44800
SUN LIVING	SURF	SURF 900.	2007		2286	4	D	81	14.43	110	53900
SUN LIVING	V	V 55 SP Citroën 35 L.			2200	4	D	103	14.10	140	30500
SUN LIVING	V	V 60 SP Citroën 35 L.			2200	4	D	103	14.10	140	31500
SUN LIVING	V	V 60 SP-F Citroën 35 L.			2200	4	D	103	14.10	140	32200
SUN LIVING	V	V 65 SL Citroën 35 L.			2200	4	D	103	14.10	140	33700
SUN LIVING	V	V 65 XL Citroën 35 L.			2200	4	D	103	14.10	140	35600
SWIFT	ASCARI	ASCARI 344.	2023		2200	4	D	103	14.10	140	67900
SWIFT	ASCARI	ASCARI 372.	2023		2200	4	D	103	14.10	140	68100
SWIFT	CARRERA	CARRERA 122.	2023		2200	4	D	103	14.10	140	65300
SWIFT	CARRERA	CARRERA 132.	2023		2200	4	D	103	14.10	140	66200
SWIFT	CARRERA	CARRERA 132 M.	2024		2200	4	D	103	14.10	140	72300
SWIFT	CARRERA	CARRERA 144.	2023		2200	4	D	103	14.10	140	67100
SWIFT	CARRERA	CARRERA 184.	2023		2200	4	D	103	14.10	140	69000
SWIFT	CARRERA	CARRERA 184 M.	2024		2200	4	D	103	14.10	140	75400
SWIFT	CARRERA	CARRERA 194.	2023		2200	4	D	103	14.10	140	69700
SWIFT	EDGE	EDGE 464.	2023		2200	4	D	103	14.10	140	63400
SWIFT	EDGE	EDGE 466.	2023		2200	4	D	103	14.10	140	66300
SWIFT	EDGE	EDGE 466 HIGH.	2023		2200	4	D	103	14.10	140	72500
SWIFT	EDGE	EDGE 476.	2023		2200	4	D	103	14.10	140	65800
SWIFT	EDGE	EDGE 486.	2023		2200	4	D	103	14.10	140	66400
SWIFT	EDGE	EDGE 494.	2023		2200	4	D	103	14.10	140	65600
SWIFT	ESCAPE	ESCAPE 640.	2023		2200	4	D	103	14.10	140	73000
SWIFT	ESCAPE	ESCAPE 674.	2023		2200	4	D	103	14.10	140	73800
SWIFT	ESCAPE	ESCAPE 684.	2023		2200	4	D	103	14.10	140	74400
SWIFT	ESCAPE	ESCAPE 694.	2023		2200	4	D	103	14.10	140	75100
SWIFT	KON	KON TIKI 774.	2022		2200	4	D	103	14.10	140	93500
SWIFT	KON	KON TIKI 774.	2022		2000	4	D	132	13.32	180	95000
SWIFT	KON	KON TIKI 784.	2022		2200	4	D	103	14.10	140	88600
SWIFT	KON	KON TIKI 784.	2022		2000	4	D	132	13.32	180	90300
SWIFT	KON	KON TIKI 794.	2022		2200	4	D	103	14.10	140	89500
SWIFT	KON	KON TIKI 794.	2022		2000	4	D	132	13.32	180	92000
SWIFT	KON	KON TIKI 874.	2022		2000	4	D	132	13.32	180	107200
SWIFT	KON	KON TIKI 884.	2022		2000	4	D	132	13.32	180	105400
SWIFT	KON	KON TIKI 894.	2022		2000	4	D	132	13.32	180	106200
SWIFT	KON-TIKI	KON-TIKI (Peugeot Express 1300D).	1989		2498	4	D	54	15.22	73	30800
SWIFT	MONZA.	MONZA.	2023		2000	4	D	96	13.32	130	53600
SWIFT	SELECT	SELECT 122.	2023		2200	4	D	103	14.10	140	57700
SWIFT	SELECT	SELECT 144.	2023		2200	4	D	103	14.10	140	59700
SWIFT	SELECT	SELECT 164.	2023		2200	4	D	103	14.10	140	61500
SWIFT	SELECT	SELECT 184.	2023		2200	4	D	103	14.10	140	61500
SWIFT	SELECT	SELECT COMPACT C205.	2022		2200	4	D	103	14.10	140	58700
SWIFT	SELECT	SELECT COMPACT C404.	2022		2200	4	D	103	14.10	140	61200
SWIFT	SELECT	SELECT COMPACT C500.	2022		2200	4	D	103	14.10	140	59900
SWIFT	SELECT	SELECT COMPACT C502.	2022		2200	4	D	103	14.10	140	60400
SWIFT	VOYAGER	VOYAGER 475.	2024		2000	4	D	114	13.32	155	69800
SWIFT	VOYAGER	VOYAGER 485.	2024		2000	4	D	114	13.32	155	69300
SWIFT	VOYAGER	VOYAGER 494.	2024		2000	4	D	114	13.32	155	70600
SWIFT	VOYAGER	VOYAGER 540.	2023		2000	4	D	116	13.32	158	60900
SWIFT	VOYAGER	VOYAGER 564.	2023		2000	4	D	116	13.32	158	61200
SWIFT	VOYAGER	VOYAGER 574.	2024		2000	4	D	114	13.32	155	75100
SWIFT	VOYAGER	VOYAGER 584.	2023		2000	4	D	116	13.32	158	61700
SWIFT	VOYAGER	VOYAGER 594.	2023		2000	4	D	116	13.32	158	62100
TEC	564-G	564-G FREETEC-XS.			2200	4	D	81	14.10	110	44900
TEC	570-G	570-G I-TEC.			2200	4	D	74	14.10	100	64500
TEC	574-TI	574-TI ADVANTEC.			2200	4	D	81	14.10	110	46100
TEC	584-G	584-G FREETEC-XS.			2200	4	D	81	14.10	110	45300
TEC	590	590 I-TEC.			2200	4	D	74	14.10	100	65400
TEC	590-ROTEC.	590-ROTEC.	1998		2500	4	D	85	15.22	116	48200
TEC	592-TI	592-TI ROTEC TI.			2200	4	D	74	14.10	100	51000
TEC	594	594 FREETEC-XS.			2200	4	D	81	14.10	110	44100
TEC	654-TI	654-TI ADVANTEC.			2200	4	D	81	14.10	110	47200
TEC	662-TI	662-TI ROTEC TI.			2200	4	D	74	14.10	100	53700
TEC	670	670 I-TEC.			2200	4	D	74	14.10	100	67300
TEC	678-G	678-G FREETEC.			2400	4	D	85	14.86	115	53900
TEC	680-G	680-G I-TEC.			2200	4	D	74	14.10	100	68600
TEC	688-TI	688-TI FREETEC.			2400	4	D	85	14.86	115	54800
TEC	698-G	698-G FREETEC.			2400	4	D	85	14.86	115	54500
TEC	708-TI	708-TI FREETEC.			2400	4	D	85	14.86	115	56000
TEC	710-G	710-G I-TEC.			2300	4	D	96	14.49	130	72500
TEC	712-TI	712-TI ROTEC TI.			2200	4	D	74	14.10	100	54300
TEC	720-G	720-G I-TEC.			2300	4	D	96	14.49	130	74400
TEC	722-TI	722-TI ROTEC TI.			2200	4	D	74	14.10	100	56000
TEC	728-G	728-G FREETEC.			2400	4	D	85	14.86	115	55700
TEC	732-TI	732-TI ROTEC TI.			2200	4	D	74	14.10	100	56000
TEC	SIRIO	SIRIO 599.			2200	4	D	81	14.10	110	39700
TRIGANO	CARIOCA	CARIOCA 529P.			1998	4	D	74	13.31	100	38600
TRIGANO	CARIOCA	CARIOCA 590.	2006		1998	4	D	92	13.31	125	47600
TRIGANO	CARIOCA	CARIOCA 592 P.			1998	4	D	74	13.31	100	38600
TRIGANO	CIA2-Q-DDL-1D.	CIA2-Q-DDL-1D.			2287	4	D	81	14.44	110	51300
TRIGANO	ELLIOT	ELLIOT 40 / FIAT.			2800	4	D	94	16.30	128	49800
TRIGANO	ELLIOT	ELLIOT 5.			2800	4	D	94	16.30	128	42500
TRIGANO	ELLIOT	ELLIOT GARAGE.			2800	4	D	94	16.30	128	51800
TRIGANO	ELLIOT	ELLIOT GARAGE 4P.	2010		2287	4	D	96	14.44	130	60700
TRIGANO	FK1	FK1 FIAT.			2800	4	D	94	16.30	128	49800
TRIGANO	GRANDUCA	GRANDUCA 255 SPECIAL P.			2286	4	D	83	14.43	113	41000
TRIGANO	GRANDUCA	GRANDUCA 266 PS.			2800	4	D	94	16.30	128	38500
TRIGANO	GRANDUCA	GRANDUCA 64.			2800	4	D	94	16.30	128	36500
TRIGANO	GRANDUCA	GRANDUCA SI R10-559.			2800	4	D	94	16.30	128	33200
TRIGANO	MIZAR	MIZAR GTL TOP CLAS.	2006		2800	4	D	107	16.30	146	71900
TRIGANO	RIVIERA.	RIVIERA.	2005		2800	4	D	94	16.30	127	60000
TRIGANO	RIVIERA	RIVIERA 140.			1905	4	D	66	12.94	90	42000
TRIGANO	SIRIO	SIRIO 590.	2006		1998	4	D	92	13.31	125	47600
TRIGANO	SIRIO	SIRIO 592 P.			2198	4	D	81	14.10	110	40200
TRIGANO	VDL.	VDL.			2800	4	D	94	16.30	128	43800
TRIGANO	VDL	VDL F12.			2999	4	D	115	16.99	156	57600
VOLKSWAGEN	Caddy	Caddy Alltrack Edition 2,0 TDI.	2015	2020	2000	4	D	75	13.19	102	24100
VOLKSWAGEN	Caddy	Caddy Beach Edition 2,0 TDI.	2015	2020	2000	4	D	75	13.19	102	25000
VOLKSWAGEN	Caddy	Caddy Beach Edition 2,0 TDI.	2015	2020	2000	4	D	110	13.19	150	27800
VOLKSWAGEN	Caddy	Caddy Beach Edition Plus 2,0 TDI.	2015	2020	2000	4	D	75	13.19	102	26000
VOLKSWAGEN	Caddy	Caddy Beach Edition Plus 2,0 TDI.	2015	2020	2000	4	D	110	13.19	150	28600
VOLKSWAGEN	Caddy	Caddy California 1.5 TSI.	2020		1498	4	G	85	11.20	115	31800
VOLKSWAGEN	Caddy	Caddy California 1.5 TSI DSG.	2020		1498	4	G	85	11.20	115	33900
VOLKSWAGEN	Caddy	Caddy California 2.0 TDI.	2020		1968	4	D	75	13.19	102	31300
VOLKSWAGEN	Caddy	Caddy California 2.0 TDI 4MOTION.	2020		1968	4	D	89	13.19	122	37100
VOLKSWAGEN	Caddy	Caddy California 2.0 TDI DSG.	2020		1968	4	D	89	13.19	122	35800
VOLKSWAGEN	Caddy	Caddy Edition 2,0 TDI.	2015	2020	2000	4	D	110	13.19	150	23900
VOLKSWAGEN	Caddy	Caddy Edition 2,0 TDI.	2015	2020	2000	4	D	75	13.19	102	21100
VOLKSWAGEN	Caddy	Caddy Edition Plus 2,0 TDI.	2015	2020	2000	4	D	110	13.19	150	24900
VOLKSWAGEN	Caddy	Caddy Edition Plus 2,0 TDI.	2015	2020	2000	4	D	75	13.19	102	22300
VOLKSWAGEN	Caddy	Caddy Maxi Beach Edition 2,0 TDI.	2015	2020	2000	4	D	75	13.19	102	25900
VOLKSWAGEN	Caddy	Caddy Maxi Beach Edition 2,0 TDI.	2015	2020	2000	4	D	110	13.19	150	28600
VOLKSWAGEN	Caddy	Caddy Maxi Beach Edition 2,0 TDI DSG.	2015	2020	2000	4	D	75	13.19	102	27600
VOLKSWAGEN	Caddy	Caddy Maxi Beach Edition 2,0 TDI DSG.	2015	2020	2000	4	D	110	13.19	150	30500
VOLKSWAGEN	Caddy	Caddy Maxi Beach Edition Plus 2,0 TDI.	2015	2020	2000	4	D	75	13.19	102	27000
VOLKSWAGEN	Caddy	Caddy Maxi Beach Edition Plus 2,0 TDI.	2015	2020	2000	4	D	110	13.19	150	29600
VOLKSWAGEN	Caddy	Caddy Maxi Beach Edition Plus 2,0 TDI DSG.	2015	2020	2000	4	D	75	13.19	102	28600
VOLKSWAGEN	Caddy	Caddy Maxi Beach Edition Plus 2,0 TDI DSG.	2015	2020	2000	4	D	110	13.19	150	31600
VOLKSWAGEN	Caddy	Caddy Maxi California 1.5 TSI.	2020		1498	4	G	85	11.20	115	33600
VOLKSWAGEN	Caddy	Caddy Maxi California 1.5 TSI DSG.	2020		1498	4	G	85	11.20	115	35800
VOLKSWAGEN	Caddy	Caddy Maxi California 2.0 TDI.	2020		1968	4	D	75	13.19	102	33200
VOLKSWAGEN	Caddy	Caddy Maxi California 2.0 TDI DSG.	2020		1968	4	D	89	13.19	122	37600
VOLKSWAGEN	Caddy	Caddy Maxi Edition 2,0 TDI.	2015	2020	2000	4	D	110	13.19	150	25000
VOLKSWAGEN	Caddy	Caddy Maxi Edition 2,0 TDI.	2015	2020	2000	4	D	75	13.19	102	22400
VOLKSWAGEN	Caddy	Caddy Maxi Edition 2,0 TDI DSG.	2015	2020	2000	4	D	75	13.19	102	24000
VOLKSWAGEN	Caddy	Caddy Maxi Edition 2,0 TDI DSG.	2015	2020	2000	4	D	110	13.19	150	27100
VOLKSWAGEN	Caddy	Caddy Maxi Edition Plus 2,0 TDI.	2015	2020	2000	4	D	110	13.19	150	26200
VOLKSWAGEN	Caddy	Caddy Maxi Edition Plus 2,0 TDI.	2015	2020	2000	4	D	75	13.19	102	23600
VOLKSWAGEN	Caddy	Caddy Maxi Edition Plus 2,0 TDI DSG.	2015	2020	2000	4	D	75	13.19	102	25200
VOLKSWAGEN	Caddy	Caddy Maxi Edition Plus 2,0 TDI DSG.	2015	2020	2000	4	D	110	13.19	150	28200
VOLKSWAGEN	Caddy	Caddy Maxi Trendline 2,0 TDI.	2015	2020	2000	4	D	110	13.19	150	23700
VOLKSWAGEN	Caddy	Caddy Maxi Trendline 2,0 TDI.	2015	2020	2000	4	D	75	13.19	102	21000
VOLKSWAGEN	Caddy	Caddy Maxi Trendline 2,0 TDI DSG.	2015	2020	2000	4	D	75	13.19	102	22700
VOLKSWAGEN	Caddy	Caddy Maxi Trendline 2,0 TDI DSG.	2015	2020	2000	4	D	110	13.19	150	25700
VOLKSWAGEN	Caddy	Caddy Maxi Trendline Plus 2,0 TDI.	2015	2020	2000	4	D	110	13.19	150	24700
VOLKSWAGEN	Caddy	Caddy Maxi Trendline Plus 2,0 TDI.	2015	2020	2000	4	D	75	13.19	102	22000
VOLKSWAGEN	Caddy	Caddy Maxi Trendline Plus 2,0 TDI DSG.	2015	2020	2000	4	D	75	13.19	102	23600
VOLKSWAGEN	Caddy	Caddy Maxi Trendline Plus 2,0 TDI DSG.	2015	2020	2000	4	D	110	13.19	150	26700
VOLKSWAGEN	Caddy	Caddy Trendline 2,0 TDI.	2015	2020	2000	4	D	75	13.19	102	20000
VOLKSWAGEN	Caddy	Caddy Trendline 2,0 TDI.	2015	2020	2000	4	D	110	13.19	150	22600
VOLKSWAGEN	Caddy	Caddy Trendline Plus 2,0 TDI.	2015	2020	2000	4	D	110	13.19	150	23700
VOLKSWAGEN	Caddy	Caddy Trendline Plus 2,0 TDI.	2015	2020	2000	4	D	75	13.19	102	20900
VOLKSWAGEN	Calif.	Calif. 2.0Bi- TDI Beach.	2009	2015	1968	4	D	132	13.20	180	65900
VOLKSWAGEN	Calif.	Calif. 2.0Bi- TDI Beach 4M.	2009	2015	1968	4	D	132	13.20	180	70100
VOLKSWAGEN	Calif.	Calif. 2.0Bi- TDI Beach DSG.	2009	2015	1968	4	D	132	13.20	180	69500
VOLKSWAGEN	Calif.	Calif. 2.0Bi- TDI Beach Edition T.E. DSG.	2009	2015	1968	4	D	132	13.20	180	67100
VOLKSWAGEN	Calif.	Calif. 2.0Bi- TDI Beach T. E. 4M.	2009	2015	1968	4	D	132	13.20	180	71600
VOLKSWAGEN	Calif.	Calif. 2.0Bi- TDI Beach T. E. 4M 140.	2009	2015	1968	4	D	103	13.20	140	65900
VOLKSWAGEN	Calif.	Calif. 2.0Bi- TDI Beach T. E. DSG.	2009	2015	1968	4	D	132	13.20	180	69500
VOLKSWAGEN	Calif.	Calif. 2.0Bi- TDI Beach T. E. DSG 140.	2009	2015	1968	4	D	103	13.20	140	64700
VOLKSWAGEN	Calif.	Calif. 2.0Bi- TDI Beach T. E. DSG 4M.	2009	2015	1968	4	D	132	13.20	180	74000
VOLKSWAGEN	Calif.	Calif. 2.0Bi- TDI Beach T. Elev.	2009	2015	1968	4	D	132	13.20	180	66300
VOLKSWAGEN	Calif.	Calif. 2.0Bi- TDI Beach T. Elev.140.	2009	2015	1968	4	D	103	13.20	140	61500
VOLKSWAGEN	Calif.	Calif. 2.0Bi- TDI Beach T. Elevable.	2009	2015	1968	4	D	132	13.20	180	66300
VOLKSWAGEN	Calif.	Calif. 2.0Bi- TDI BMT Beach Edition T.E.	2009	2015	1968	4	D	132	13.20	180	64000
VOLKSWAGEN	Calif.	Calif. 2.0Bi- TDI BMT Beach Edition T.E. 4M.	2009	2015	1968	4	D	132	13.20	180	68800
VOLKSWAGEN	Calif.	Calif. 2.0Bi- TDI BMT Beach Edition T.E. 4M DSG.	2009	2015	1968	4	D	132	13.20	180	71400
VOLKSWAGEN	Calif.	Calif. 2.0Bi- TDI Comfortline.	2009	2015	1968	4	D	132	13.20	180	89400
VOLKSWAGEN	Calif.	Calif. 2.0Bi- TDI Comfortline 4M.	2009	2015	1968	4	D	132	13.20	180	94300
VOLKSWAGEN	Calif.	Calif. 2.0Bi- TDI Comfortline DSG.	2009	2015	1968	4	D	132	13.20	180	93100
VOLKSWAGEN	Calif.	Calif. 2.0TDI Beach.	2015		1968	4	D	75	13.20	102	57000
VOLKSWAGEN	Calif.	Calif. 2.0TDI Beach 140.	2015		1968	4	D	103	13.20	140	60800
VOLKSWAGEN	Calif.	Calif. 2.0TDI Beach 4M 140.	2015		1968	4	D	103	13.20	140	65800
VOLKSWAGEN	Calif.	Calif. 2.0TDI Beach DSG 140.	2015		1968	4	D	103	13.20	140	64400
VOLKSWAGEN	Calif.	Calif. 2.0TDI Beach Edition T.E.	2015		1968	4	D	75	13.20	102	55200
VOLKSWAGEN	Calif.	Calif. 2.0TDI BMT Beach.	2015		1968	4	D	75	13.20	102	43100
VOLKSWAGEN	Calif.	Calif. 2.0TDI BMT Beach.	2015		1968	4	D	84	13.20	114	44700
VOLKSWAGEN	Calif.	Calif. 2.0TDI BMT Beach 1.	2015		1968	4	D	110	13.20	150	46900
VOLKSWAGEN	Calif.	Calif. 2.0TDI BMT Beach 1.	2015		1968	4	D	150	13.20	204	54400
VOLKSWAGEN	Calif.	Calif. 2.0TDI BMT Beach 4M 1.	2015		1968	4	D	110	13.20	150	49900
VOLKSWAGEN	Calif.	Calif. 2.0TDI BMT Beach 4M 1.	2015		1968	4	D	150	13.20	204	57500
VOLKSWAGEN	Calif.	Calif. 2.0TDI BMT Beach 4M DSG 1.	2015		1968	4	D	150	13.20	204	55400
VOLKSWAGEN	Calif.	Calif. 2.0TDI BMT Beach 4MDSG 1.	2015		1968	4	D	110	13.20	150	52600
VOLKSWAGEN	Calif.	Calif. 2.0TDI BMT Beach DSG 1.	2015		1968	4	D	110	13.20	150	49600
VOLKSWAGEN	Calif.	Calif. 2.0TDI BMT Beach DSG 1.	2015		1968	4	D	150	13.20	204	52400
VOLKSWAGEN	Calif.	Calif. 2.0TDI BMT Beach Edition Corto 114.	2009	2015	1968	4	D	84	13.20	114	54000
VOLKSWAGEN	Calif.	Calif. 2.0TDI BMT Beach Edition Corto 140.	2009	2015	1968	4	D	103	13.20	140	56700
VOLKSWAGEN	Calif.	Calif. 2.0TDI BMT Beach Edition Corto 180.	2009	2015	1968	4	D	132	13.20	180	61100
VOLKSWAGEN	Calif.	Calif. 2.0TDI BMT Beach Edition Corto 4M 140.	2009	2015	1968	4	D	103	13.20	140	60800
VOLKSWAGEN	Calif.	Calif. 2.0TDI BMT Beach Edition Corto 4M 180.	2009	2015	1968	4	D	132	13.20	180	65600
VOLKSWAGEN	Calif.	Calif. 2.0TDI BMT Beach Edition Corto 4M DSG 180.	2009	2015	1968	4	D	132	13.20	180	68200
VOLKSWAGEN	Calif.	Calif. 2.0TDI BMT Beach Edition Corto DSG 140.	2009	2015	1968	4	D	103	13.20	140	59800
VOLKSWAGEN	Calif.	Calif. 2.0TDI BMT Beach Edition Corto DSG 180.	2009	2015	1968	4	D	132	13.20	180	64200
VOLKSWAGEN	Calif.	Calif. 2.0TDI BMT Beach Edition T.E. 114.	2009	2015	1968	4	D	84	13.20	114	56500
VOLKSWAGEN	Calif.	Calif. 2.0TDI BMT Beach Edition T.E. 140.	2009	2015	1968	4	D	103	13.20	140	59300
VOLKSWAGEN	Calif.	Calif. 2.0TDI BMT Beach Edition T.E. 4M.	2009	2015	1968	4	D	103	13.20	140	63600
VOLKSWAGEN	Calif.	Calif. 2.0TDI BMT Beach Edition T.E. DSG.	2009	2015	1968	4	D	103	13.20	140	62600
VOLKSWAGEN	Calif.	Calif. 2.0TDI BMT Comfortline Ed. Corto 4M 140.	2009	2015	1968	4	D	103	13.20	140	73500
VOLKSWAGEN	Calif.	Calif. 2.0TDI BMT Comfortline Ed. Corto 4M 180.	2009	2015	1968	4	D	132	13.20	180	78500
VOLKSWAGEN	Calif.	Calif. 2.0TDI BMT Comfortline Ed. Corto 4M DSG 180.	2009	2015	1968	4	D	132	13.20	180	81000
VOLKSWAGEN	Calif.	Calif. 2.0TDI BMT Comfortline Ed. Corto DSG 140.	2009	2015	1968	4	D	103	13.20	140	72600
VOLKSWAGEN	Calif.	Calif. 2.0TDI BMT Comfortline Ed. Corto DSG 180.	2009	2015	1968	4	D	132	13.20	180	77000
VOLKSWAGEN	Calif.	Calif. 2.0TDI BMT Comfortline Edition Corto 140.	2009	2015	1968	4	D	103	13.20	140	69500
VOLKSWAGEN	Calif.	Calif. 2.0TDI BMT Comfortline Edition Corto 180.	2009	2015	1968	4	D	132	13.20	180	73800
VOLKSWAGEN	Calif.	Calif. 2.0TDI BMT Ocean 1.	2015		1968	4	D	110	13.20	150	56900
VOLKSWAGEN	Calif.	Calif. 2.0TDI BMT Ocean 1.	2015		1968	4	D	150	13.20	204	64900
VOLKSWAGEN	Calif.	Calif. 2.0TDI BMT Ocean 4M 1.	2015		1968	4	D	110	13.20	150	59900
VOLKSWAGEN	Calif.	Calif. 2.0TDI BMT Ocean 4M 1.	2015		1968	4	D	150	13.20	204	68000
VOLKSWAGEN	Calif.	Calif. 2.0TDI BMT Ocean 4M DSG 1.	2015		1968	4	D	110	13.20	150	62400
VOLKSWAGEN	Calif.	Calif. 2.0TDI BMT Ocean 4M DSG 1.	2015		1968	4	D	150	13.20	204	62000
VOLKSWAGEN	Calif.	Calif. 2.0TDI BMT Ocean DSG 1.	2015		1968	4	D	110	13.20	150	59500
VOLKSWAGEN	Calif.	Calif. 2.0TDI Comfortline.	2009	2015	1968	4	D	75	13.20	102	80300
VOLKSWAGEN	Calif.	Calif. 2.0TDI Comfortline 140.	2009	2015	1968	4	D	103	13.20	140	84100
VOLKSWAGEN	Calif.	Calif. 2.0TDI Comfortline 4M 140.	2009	2015	1968	4	D	103	13.20	140	88900
VOLKSWAGEN	Calif.	Calif. 2.0TDI Comfortline DSG 140.	2009	2015	1968	4	D	103	13.20	140	87700
VOLKSWAGEN	California	California 1.9 TDI Confortline.	2005	2009	1896	4	D	75	12.90	102	55900
VOLKSWAGEN	California	California 1.9 TDI Trendline.	2005	2009	1896	4	D	75	12.90	102	50000
VOLKSWAGEN	California	California 1.9D.	1996		1896	4	D	50	12.90	68	34900
VOLKSWAGEN	California	California 1.9TDI Beach 102.	2005	2009	1896	4	D	75	12.90	102	48800
VOLKSWAGEN	California	California 1.9TDI Confortline 102.	2005	2009	1896	4	D	75	12.90	102	62300
VOLKSWAGEN	California	California 1.9TDI Trendline 102.	2005	2009	1896	4	D	75	12.90	102	56700
VOLKSWAGEN	California	California 2.4D.	1991	1996	2370	5	D	57	16.12	78	34900
VOLKSWAGEN	California	California 2.5 TDI.	1996		2461	5	D	75	16.48	102	43600
VOLKSWAGEN	California	California 2.5 TDI.	2002		2461	5	D	111	16.48	151	46900
VOLKSWAGEN	California	California 2.5 TDI Beach 130.	2005	2009	2460	5	D	96	16.50	130	52100
VOLKSWAGEN	California	California 2.5 TDI Beach 130 4M.	2005	2009	2460	5	D	96	16.50	130	56500
VOLKSWAGEN	California	California 2.5 TDI Beach 130 Tip.	2005	2009	2460	5	D	96	16.50	130	55000
VOLKSWAGEN	California	California 2.5 TDI Beach 174.	2005	2009	2460	5	D	128	16.50	174	56300
VOLKSWAGEN	California	California 2.5 TDI Beach 174 4M.	2005	2009	2460	5	D	128	16.50	174	60100
VOLKSWAGEN	California	California 2.5 TDI Beach 174 Tip.	2005	2009	2460	5	D	128	16.50	174	59300
VOLKSWAGEN	California	California 2.5 TDI Confortl. 174.	2005	2009	2460	5	D	128	16.50	174	69500
VOLKSWAGEN	California	California 2.5 TDI Confortline 130.	2005	2009	2460	5	D	96	16.50	130	65400
VOLKSWAGEN	California	California 2.5 TDI Trendline 130.	2005	2009	2460	5	D	96	16.50	130	59800
VOLKSWAGEN	California	California 2.5 TDI Trendline 174.	2005	2009	2460	5	D	128	16.50	174	64000
VOLKSWAGEN	California	California 2.5D.	1991	1996	2370	5	D	57	16.12	78	37400
VOLKSWAGEN	California	California 2.5TDi 102.	1990	2004	2461	4	D	75	15.09	102	34200
VOLKSWAGEN	California	California 2.5TDi 150.	1990	2004	2459	4	D	110	15.08	150	38000
VOLKSWAGEN	California	California 2.5TDi Exclusive 10.	1990	2004	2459	4	D	75	15.08	102	38100
VOLKSWAGEN	California	California 2.5TDi Syncro 102.	1990	2004	2461	4	D	75	15.09	102	37800
VOLKSWAGEN	California	California Beach Camper 2.0 TDI.	2019		1968	4	D	110	13.19	150	54600
VOLKSWAGEN	California	California Beach Camper 2.0 TDI DSG.	2019		1968	4	D	110	13.19	150	59500
VOLKSWAGEN	California	California Beach Camper 2.0 TDI DSG.	2019		1968	4	D	150	13.19	204	63000
VOLKSWAGEN	California	California Beach Mini Cocina 4Motion.	2020		2000	4	D	110	13.19	150	50600
VOLKSWAGEN	California	California Beach Mini Cocina 4Motion DSG.	2020		2000	4	D	110	13.19	150	53100
VOLKSWAGEN	California	California Beach Mini Cocina 4Motion DSG.	2020		2000	4	D	146	13.19	199	56800
VOLKSWAGEN	California	California Beach Mini Cocina 5 Velocidades.	2020		2000	4	D	81	13.19	110	43500
VOLKSWAGEN	California	California Beach Mini Cocina 6 Velocidades.	2020		2000	4	D	110	13.19	150	46200
VOLKSWAGEN	California	California Beach Mini Cocina DSG.	2020		2000	4	D	110	13.19	150	50500
VOLKSWAGEN	California	California Beach Mini Cocina DSG.	2020		2000	4	D	146	13.19	199	53600
VOLKSWAGEN	California	California Beach Tour 2.0 TDI 110 kW DSG.	2024		2000	4	D	110	13.19	150	56100
VOLKSWAGEN	California	California Beach Tour 5 Velocidades.	2015		2000	4	D	81	13.19	110	45200
VOLKSWAGEN	California	California Beach Tour 6 Velocidades.	2015		2000	4	D	110	13.19	150	48100
VOLKSWAGEN	California	California Beach Tour PHEV 1.5 TSI 180 kW DSG.	2024		1498	4	G	180	11.20	245	65100
VOLKSWAGEN	California	California Coach 2.4D.	1991	1999	2370	5	D	57	16.12	78	39500
VOLKSWAGEN	California	California Coast 2.0 TDI.	2019		1968	4	D	110	13.19	150	60900
VOLKSWAGEN	California	California Coast 2.0 TDI 110 kW DSG.	2024		2000	4	D	110	13.19	150	59500
VOLKSWAGEN	California	California Coast 2.0 TDI DSG.	2019		1968	4	D	110	13.19	150	63700
VOLKSWAGEN	California	California Coast 2.0 TDI DSG.	2019		1968	4	D	150	13.19	204	68800
VOLKSWAGEN	California	California Coast 2.0 TSI 150 kW DSG.	2024		2000	4	G	150	13.19	204	60200
VOLKSWAGEN	California	California Coast 4Motion.	2015		2000	4	D	110	13.19	150	55600
VOLKSWAGEN	California	California Coast 4Motion DSG.	2015		2000	4	D	110	13.19	150	52900
VOLKSWAGEN	California	California Coast 4Motion DSG.	2015		2000	4	D	146	13.19	199	61900
VOLKSWAGEN	California	California Coast 5 Velocidades.	2015		2000	4	D	81	13.19	110	48900
VOLKSWAGEN	California	California Coast 6 Velocidades.	2015		2000	4	D	110	13.19	150	51800
VOLKSWAGEN	California	California Coast DSG.	2015		2000	4	D	110	13.19	150	54100
VOLKSWAGEN	California	California Coast DSG.	2015		2000	4	D	146	13.19	199	58600
VOLKSWAGEN	California	California Coast PHEV 1.5 TSI 180 kW DSG.	2024		1498	4	G	180	11.20	245	71500
VOLKSWAGEN	California	California Ocean 2.0 TDI.	2019		1968	4	D	110	13.19	150	69300
VOLKSWAGEN	California	California Ocean 2.0 TDI 110 kW DSG.	2024		2000	4	D	110	13.19	150	64700
VOLKSWAGEN	California	California Ocean 2.0 TDI 4M DSG.	2019		1968	4	D	150	13.19	204	82000
VOLKSWAGEN	California	California Ocean 2.0 TDI DSG.	2019		1968	4	D	110	13.19	150	73400
VOLKSWAGEN	California	California Ocean 2.0 TDI DSG.	2019		1968	4	D	150	13.19	204	78200
VOLKSWAGEN	California	California Ocean 2.0 TSI 150 kW DSG.	2024		2000	4	G	150	13.19	204	65700
VOLKSWAGEN	California	California Ocean 4Motion.	2015		2000	4	D	110	13.19	150	65000
VOLKSWAGEN	California	California Ocean 4Motion DSG.	2015		2000	4	D	110	13.19	150	66300
VOLKSWAGEN	California	California Ocean 4Motion DSG.	2015		2000	4	D	146	13.19	199	70200
VOLKSWAGEN	California	California Ocean 5 Velocidades.	2015		2000	4	D	81	13.19	110	56100
VOLKSWAGEN	California	California Ocean 6 Velocidades.	2015		2000	4	D	110	13.19	150	59200
VOLKSWAGEN	California	California Ocean DSG.	2015		2000	4	D	110	13.19	150	62800
VOLKSWAGEN	California	California Ocean DSG.	2015		2000	4	D	146	13.19	199	67000
VOLKSWAGEN	California	California Ocean PHEV 1.5 TSI 180 kW DSG.	2024		1498	4	G	180	11.20	245	77400
VOLKSWAGEN	California	California Westfalia.	1993		2370	4	D	57	16.12	78	41500
VOLKSWAGEN	Caravelle	Caravelle 4Motion.	2015		2000	4	D	110	13.19	150	44500
VOLKSWAGEN	Caravelle	Caravelle 4Motion Ch,Largo.	2015		2000	4	D	110	13.19	150	45600
VOLKSWAGEN	Caravelle	Caravelle 4Motion DSG.	2015		2000	4	D	110	13.19	150	46700
VOLKSWAGEN	Caravelle	Caravelle 4Motion DSG.	2015		2000	4	D	146	13.19	199	50500
VOLKSWAGEN	Caravelle	Caravelle 4Motion DSG Ch,Largo.	2015		2000	4	D	110	13.19	150	47900
VOLKSWAGEN	Caravelle	Caravelle 4Motion DSG Ch,Largo.	2015		2000	4	D	146	13.19	199	51800
VOLKSWAGEN	Caravelle	Caravelle 5 Velocidades.	2015		2000	4	D	81	13.19	110	39400
VOLKSWAGEN	Caravelle	Caravelle 5 Velocidades Ch,Largo.	2015		2000	4	D	81	13.19	110	40500
VOLKSWAGEN	Caravelle	Caravelle 6 Velocidades.	2015		2000	4	D	110	13.19	150	40700
VOLKSWAGEN	Caravelle	Caravelle 6 Velocidades Ch,Largo.	2015		2000	4	D	110	13.19	150	41800
VOLKSWAGEN	Caravelle	Caravelle DSG.	2015		2000	4	D	110	13.19	150	42900
VOLKSWAGEN	Caravelle	Caravelle DSG.	2015		2000	4	D	146	13.19	199	46700
VOLKSWAGEN	Caravelle	Caravelle DSG Ch,Largo.	2015		2000	4	D	110	13.19	150	44100
VOLKSWAGEN	Caravelle	Caravelle DSG Ch,Largo.	2015		2000	4	D	146	13.19	199	48000
VOLKSWAGEN	Carthago	Carthago 2.4 D.	1992		2370	4	D	57	16.12	78	43600
VOLKSWAGEN	Crafter	Crafter Pro Motor Home 4x4.	2021		1968	4	D	130	13.19	177	90200
VOLKSWAGEN	Dehler	Dehler Óptima 5.4 T4.	1993		2461	5	D	81	15.48	110	60000
VOLKSWAGEN	Grand	Grand California 600 2,0 TDI Aut, 8 Vel, (3,5t).	2015		2000	4	D	130	13.19	177	60800
VOLKSWAGEN	Grand	Grand California 600 2,0 TDI Aut, 8 Vel, (3,8t).	2015		2000	4	D	130	13.19	177	61400
VOLKSWAGEN	Grand	Grand California 600 2.0 TDI 120 kW Aut. (3,5t).	2019		1968	4	D	120	13.19	163	72000
VOLKSWAGEN	Grand	Grand California 600 2.0 TDI 120 kW Aut. (3,8t).	2019		1968	4	D	120	13.19	163	73500
VOLKSWAGEN	Grand	Grand California 600 2.0 TDI 120 kW Aut. 4MOTION (3,8t).	2019		1968	4	D	120	13.19	163	77300
VOLKSWAGEN	Grand	Grand California 600 2.0 TDI Aut. (3,5t).	2019		1968	4	D	130	13.19	177	76000
VOLKSWAGEN	Grand	Grand California 600 2.0 TDI Aut. (3,8t).	2019		1968	4	D	130	13.19	177	76500
VOLKSWAGEN	Grand	Grand California 600 2.0 TDI Aut. 4MOTION (3,8t).	2019		1968	4	D	130	13.19	177	80400
VOLKSWAGEN	Grand	Grand California 680 2,0 TDI Aut, 8 Vel, (3,8t).	2015		2000	4	D	130	13.19	177	60900
VOLKSWAGEN	Grand	Grand California 680 2,0 TDI Aut, 8 Vel, 4MOTION (3,8t).	2015		2000	4	D	130	13.19	177	64700
VOLKSWAGEN	Grand	Grand California 680 2.0 TDI 120 kW Aut. (3,8t).	2019		1968	4	D	120	13.19	163	73200
VOLKSWAGEN	Grand	Grand California 680 2.0 TDI 120 kW Aut. 4MOTION (3,8t).	2019		1968	4	D	120	13.19	163	77100
VOLKSWAGEN	Grand	Grand California 680 2.0 TDI Aut. (3,8t).	2019		1968	4	D	130	13.19	177	76200
VOLKSWAGEN	Grand	Grand California 680 2.0 TDI Aut. 4MOTION (3,8t).	2019		1968	4	D	130	13.19	177	80600
VOLKSWAGEN	LT	LT 35 2.5 TDI.	1999	2007	2461	5	D	80	16.48	109	41800
VOLKSWAGEN	Multivan	Multivan Comfortline 4Motion.	2015		2000	4	D	110	13.19	150	50500
VOLKSWAGEN	Multivan	Multivan Comfortline 4Motion Ch, Largo.	2015		2000	4	D	110	13.19	150	46900
VOLKSWAGEN	Multivan	Multivan Comfortline 4Motion DSG.	2015		2000	4	D	110	13.19	150	52900
VOLKSWAGEN	Multivan	Multivan Comfortline 4Motion DSG.	2015		2000	4	D	146	13.19	199	56400
VOLKSWAGEN	Multivan	Multivan Comfortline 4Motion DSG Ch, Largo.	2015		2000	4	D	110	13.19	150	45800
VOLKSWAGEN	Multivan	Multivan Comfortline 4Motion DSG Ch, Largo.	2015		2000	4	D	146	13.19	199	49500
VOLKSWAGEN	Multivan	Multivan Comfortline 5 Velocidades.	2015		2000	4	D	81	13.19	110	42700
VOLKSWAGEN	Multivan	Multivan Comfortline 5 Velocidades Ch, Largo.	2015		2000	4	D	81	13.19	110	45400
VOLKSWAGEN	Multivan	Multivan Comfortline 6 Velocidades.	2015		2000	4	D	110	13.19	150	45600
VOLKSWAGEN	Multivan	Multivan Comfortline 6 Velocidades Ch, Largo.	2015		2000	4	D	110	13.19	150	47000
VOLKSWAGEN	Multivan	Multivan Comfortline DSG.	2015		2000	4	D	110	13.19	150	49100
VOLKSWAGEN	Multivan	Multivan Comfortline DSG.	2015		2000	4	D	146	13.19	199	53100
VOLKSWAGEN	Multivan	Multivan Comfortline DSG Ch, Largo.	2015		2000	4	D	146	13.19	199	46200
VOLKSWAGEN	Multivan	Multivan Comfortline DSGCh, Largo.	2015		2000	4	D	110	13.19	150	45900
VOLKSWAGEN	Multivan	Multivan Highline 4Motion.	2015		2000	4	D	110	13.19	150	57900
VOLKSWAGEN	Multivan	Multivan Highline 4Motion DSG.	2015		2000	4	D	110	13.19	150	57100
VOLKSWAGEN	Multivan	Multivan Highline 4Motion DSG.	2015		2000	4	D	146	13.19	199	64000
VOLKSWAGEN	Multivan	Multivan Highline 6 Velocidades.	2015		2000	4	D	110	13.19	150	54600
VOLKSWAGEN	Multivan	Multivan Highline DSG.	2015		2000	4	D	110	13.19	150	56900
VOLKSWAGEN	Multivan	Multivan Highline DSG.	2015		2000	4	D	146	13.19	199	60700
VOLKSWAGEN	Multivan	Multivan Trendline 4 Motion DSG.	2015		2000	4	D	110	13.19	150	47400
VOLKSWAGEN	Multivan	Multivan Trendline 4Motion.	2015		2000	4	D	110	13.19	150	44900
VOLKSWAGEN	Multivan	Multivan Trendline 5 Velocidades.	2015		2000	4	D	81	13.19	110	38400
VOLKSWAGEN	Multivan	Multivan Trendline 6 Velocidades.	2015		2000	4	D	110	13.19	150	40300
VOLKSWAGEN	Multivan	Multivan Trendline DSG.	2015		2000	4	D	110	13.19	150	43900
VOLKSWAGEN	Transporter	Transporter 2.4D 5V (Westfalia).	1996		2370	4	D	57	16.13	78	41000
VOLKSWAGEN	Transporter	Transporter Camping (Westfalia).	1987		1695	4	D	42	12.06	57	39000
VOLKSWAGEN	Transporter	Transporter Combi 4Motion.	2015		2000	4	D	110	13.19	150	39700
VOLKSWAGEN	Transporter	Transporter Combi 4Motion Ch,Largo.	2015		2000	4	D	110	13.19	150	40800
VOLKSWAGEN	Transporter	Transporter Combi 4Motion DSG.	2015		2000	4	D	110	13.19	150	41800
VOLKSWAGEN	Transporter	Transporter Combi 4Motion DSG.	2015		2000	4	D	146	13.19	199	45800
VOLKSWAGEN	Transporter	Transporter Combi 4Motion DSG Ch,Largo.	2015		2000	4	D	110	13.19	150	43100
VOLKSWAGEN	Transporter	Transporter Combi 5 Velocidades.	2015		2000	4	D	81	13.19	110	30800
VOLKSWAGEN	Transporter	Transporter Combi 5 Velocidades Ch,Largo.	2015		2000	4	D	81	13.19	110	34500
VOLKSWAGEN	Transporter	Transporter Combi 6 Velocidades Ch,Largo.	2015		2000	4	D	110	13.19	150	37500
VOLKSWAGEN	Transporter	Transporter Combi DSG.	2015		2000	4	D	146	13.19	199	42400
VOLKSWAGEN	Transporter	Transporter Combi DSG Ch,Largo.	2015		2000	4	D	110	13.19	150	39800
VOLKSWAGEN	Transporter	Transporter Combi DSG Ch,Largo.	2015		2000	4	D	146	13.19	199	46800
VOLKSWAGEN	Transporter	Transporter Combi Velocidades.	2015		2000	4	D	110	13.19	150	33900
VOLKSWAGEN	Transporter	Transporter CombiDSG.	2015		2000	4	D	110	13.19	150	38600
WEINSBERG	594	594 FREETEC-XS.			2200	4	D	81	14.10	110	36400
WEINSBERG	CAPUCHINA	CAPUCHINA 600 MG.			2000	4	D	85	13.32	115	36400
WEINSBERG	CAPUCHINA	CAPUCHINA 700 DG.			2000	4	D	85	13.32	115	39200
WEINSBERG	CARABUS	CARABUS 540 MQ Fiat Ducato 3,3 T LIGHT.			2300	4	D	103	14.49	140	34100
WEINSBERG	CaraBus	CaraBus 540 MQ Fiat Ducato 3,5 T LIGHT.			2300	4	D	103	14.49	140	37400
WEINSBERG	CaraBus	CaraBus 540 MQ Peugeot 3,5T L.			2200	4	D	103	14.10	140	36400
WEINSBERG	CARABUS	CARABUS 541 MQ.			2000	4	D	85	13.32	115	31100
WEINSBERG	CARABUS	CARABUS 541 MQ.			2300	4	D	96	14.49	130	37300
WEINSBERG	CARABUS	CARABUS 541 MQ FIAT L2H2.			2300	4	D	96	14.49	130	34600
WEINSBERG	CARABUS	CARABUS 550 MQ Ford 3,5 T LIGHT 2,0.			2000	4	D	96	13.32	130	37900
WEINSBERG	CaraBus	CaraBus 550 MQ Ford 3,5 T LIGHT 2,0.			2000	4	D	103	13.32	140	37600
WEINSBERG	CARABUS	CARABUS 600 DQ Edition Hot Fiat Ducato 3,3 T MAXI.			2300	4	D	103	14.49	140	36000
WEINSBERG	CaraBus	CaraBus 600 DQ Fiat Ducato 3,5 T LIGHT.			2300	4	D	103	14.49	140	39600
WEINSBERG	CaraBus	CaraBus 600 DQ Peugeot Edition Hot 3,5 T.			2200	4	D	103	14.10	140	38600
WEINSBERG	CARABUS	CARABUS 600 K Edition Hot Fiat Ducato 3,3 T LIGHT.			2300	4	D	103	14.49	140	35300
WEINSBERG	CaraBus	CaraBus 600 K Fiat Ducato 3,5 T LIGHT.			2300	4	D	103	14.49	140	37700
WEINSBERG	CARABUS	CARABUS 600 ME Fiat Ducato 3,3 T LIGHT.			2300	4	D	103	14.49	140	39300
WEINSBERG	CaraBus	CaraBus 600 ME Fiat Ducato 3,5 T LIGHT.			2300	4	D	103	14.49	140	38600
WEINSBERG	CARABUS	CARABUS 600 MQ Fiat Ducato 3,3 T LIGHT.			2300	4	D	103	14.49	140	35300
WEINSBERG	CaraBus	CaraBus 600 MQ Fiat Ducato 3,5 T LIGHT.			2300	4	D	103	14.49	140	38300
WEINSBERG	CARABUS	CARABUS 600 MQ Ford 3,5 T LIGHT 2,0.			2000	4	D	96	13.32	130	38900
WEINSBERG	CaraBus	CaraBus 600 MQ Ford 3,5 T LIGHT 2,0.			2000	4	D	103	0.00	140	38600
WEINSBERG	CaraBus	CaraBus 600 MQ Peugeot 3,5T L.			2200	4	D	103	14.10	140	37700
WEINSBERG	CARABUS	CARABUS 600 MQH Fiat Ducato 3,3 T LIGHT.			2300	4	D	103	14.49	140	43400
WEINSBERG	CARABUS	CARABUS 601 DQ.			2300	4	D	96	14.49	130	40000
WEINSBERG	CARABUS	CARABUS 601 K.			2300	4	D	96	14.49	130	38400
WEINSBERG	CARABUS	CARABUS 601 K FIAT L4H2.			2300	4	D	96	14.49	130	36000
WEINSBERG	CARABUS	CARABUS 601 MQ.			2000	4	D	85	13.32	115	31400
WEINSBERG	CARABUS	CARABUS 601 MQ.			2300	4	D	96	14.49	130	38400
WEINSBERG	CARABUS	CARABUS 601 MQ FIAT L4H3.			2300	4	D	96	14.49	130	35200
WEINSBERG	CARABUS	CARABUS 601 MQH.			2300	4	D	96	14.49	130	42900
WEINSBERG	CARABUS	CARABUS 601 MQH FIAT L4H4.			2300	4	D	96	14.49	130	40300
WEINSBERG	CARABUS	CARABUS 630 ME Fiat Ducato 3,3 T LIGHT.			2300	4	D	103	14.49	140	40300
WEINSBERG	CARABUS	CARABUS 630 MEG OUTLAW Fiat Ducato 3,3 T LIGHT.			2300	4	D	103	14.49	140	41100
WEINSBERG	CARABUS	CARABUS 631 ME.			2300	4	D	96	14.49	130	41200
WEINSBERG	CARABUS	CARABUS 631 ME FIAT L5H2.			2300	4	D	96	14.49	130	38100
WEINSBERG	CARACOMPACT	CARACOMPACT 600 MEG.			2300	4	D	96	14.49	130	48900
WEINSBERG	CARACOMPACT	CARACOMPACT 600 MEG Fiat Ducato Light R3800.			2300	4	D	103	14.49	140	45300
WEINSBERG	CARACOMPACT	CARACOMPACT 600 MEG Peugeot 3,5 T.			2200	4	D	103	14.10	140	44600
WEINSBERG	CARACOMPACT	CARACOMPACT 600 MF Fiat Ducato Light R3800.			2300	4	D	103	14.49	140	45300
WEINSBERG	CARACOMPACT	CARACOMPACT 600 MG.			2300	4	D	96	14.49	130	48900
WEINSBERG	Caracompact	Caracompact 640 MEG Mercedes Sprinter 315CDI 1 150 ps TDI Euro6.			2000	4	D	110	13.32	150	60200
WEINSBERG	Caracompact	Caracompact 640 SUITEMEG Mercedes Sprinter 315CDI 1 150 ps TDI Euro6.			2000	4	D	110	13.32	150	58900
WEINSBERG	CARACORE	CARACORE INTEGRALES 650 MEG Fiat Ducato R3800 LIGHT.			2300	4	D	103	14.49	140	56500
WEINSBERG	CARACORE	CARACORE INTEGRALES 650 MF Fiat Ducato R3800 LIGHT.			2300	4	D	103	14.49	140	55600
WEINSBERG	CARACORE	CARACORE INTEGRALES 700 MEG Fiat Ducato R3800 LIGHT.			2300	4	D	103	14.49	140	58800
WEINSBERG	CARAHOME	CARAHOME 500 MG.			2300	4	D	96	14.49	130	43900
WEINSBERG	CARAHOME	CARAHOME 600 DKG.			2300	4	D	96	14.49	130	45500
WEINSBERG	CARAHOME	CARAHOME 600 MG FIAT LIGHT R3450.			2300	4	D	96	14.49	130	43900
WEINSBERG	CARAHOME	CARAHOME 700 DG FIAT HEAVY R4035.			2300	4	D	96	14.49	130	48200
WEINSBERG	CARAHOME	CARAHOME 700 DG FIAT LIGHT R4035.			2300	4	D	96	14.49	130	46600
WEINSBERG	CARAHOME	CARAHOME CAPUCHINAS 550 MG Fiat Ducato 3,3 T LIGHT.			2300	4	D	103	14.49	140	45500
WEINSBERG	CARAHOME	CARAHOME CAPUCHINAS 600 DKG Fiat Ducato 3,3 T LIGHT.			2300	4	D	103	14.49	140	46800
WEINSBERG	CARAHOME	CARAHOME CAPUCHINAS 650 DG Fiat Ducato 3,3 T LIGHT.			2300	4	D	103	14.49	140	47800
WEINSBERG	CARAHOME	CARAHOME CAPUCHINAS 650 ME Fiat Ducato 3,3 T LIGHT.			2300	4	D	103	14.49	140	48100
WEINSBERG	CaraLife	CaraLife 630 LQ Fiat Ducato 3,5 T LIGHT.			2200	4	D	103	14.10	140	42000
WEINSBERG	CARALOFT	CARALOFT 550 MF Ford Transit.			2000	4	D	96	13.32	130	48000
WEINSBERG	CARALOFT	CARALOFT 550 MG.			2000	4	D	96	13.32	130	40600
WEINSBERG	CARALOFT	CARALOFT 550 MG.			2300	4	D	96	14.49	130	41200
WEINSBERG	CARALOFT	CARALOFT 550 MG Ford Transit.			2000	4	D	96	13.32	130	48300
WEINSBERG	CARALOFT	CARALOFT 550 MH FI LIGHT R3000.			2300	4	D	96	14.49	130	42400
WEINSBERG	CARALOFT	CARALOFT 550 MH SP LIGHT R3000.			2300	4	D	96	14.49	130	42400
WEINSBERG	CARALOFT	CARALOFT 600 MEG Ford Transit.			2000	4	D	96	13.32	130	49700
WEINSBERG	CARALOFT	CARALOFT 600 MF.			2300	4	D	96	14.49	130	42000
WEINSBERG	CARALOFT	CARALOFT 600 MF Fiat Ducato R3450 LIGHT.			2300	4	D	103	14.49	140	44000
WEINSBERG	CARALOFT	CARALOFT 600 MG FI LIGHT R3450.			2300	4	D	96	14.49	130	41500
WEINSBERG	CARALOFT	CARALOFT 600 MG SP LIGHT R3450.			2300	4	D	96	14.49	130	41500
WEINSBERG	CARALOFT	CARALOFT 650 ME Fiat Ducato R3450 LIGHT.			2300	4	D	103	14.49	140	45600
WEINSBERG	CARALOFT	CARALOFT 650 MEG.			2300	4	D	96	14.49	130	44000
WEINSBERG	CARALOFT	CARALOFT 650 MEG FI LIGHT R3800.			2300	4	D	96	14.49	130	43900
WEINSBERG	CARALOFT	CARALOFT 650 MEG Ford Transit.			2000	4	D	96	13.32	130	50300
WEINSBERG	CARALOFT	CARALOFT 650 MEG SP LIGHT R3800.			2300	4	D	96	14.49	130	43900
WEINSBERG	CARALOFT	CARALOFT 650 MF.			2300	4	D	96	14.49	130	43400
WEINSBERG	CARALOFT	CARALOFT 650 MF Fiat Ducato R3450 LIGHT.			2300	4	D	103	14.49	140	45300
WEINSBERG	CARALOFT	CARALOFT 650 MF Ford Transit.			2000	4	D	96	13.32	130	49600
WEINSBERG	CARALOFT	CARALOFT 650 MFH.			2300	4	D	96	14.49	130	45500
WEINSBERG	CARALOFT	CARALOFT 650 MFH SP LIGHT R3800.			2300	4	D	96	14.49	130	44800
WEINSBERG	CARALOFT	CARALOFT 650 MGH.			2300	4	D	96	14.49	130	45700
WEINSBERG	CARALOFT	CARALOFT 650 MGH FI LIGHT R3800.			2300	4	D	96	14.49	130	44800
WEINSBERG	CARALOFT	CARALOFT 650 MGH SP LIGHT R3800.			2300	4	D	96	14.49	130	44800
WEINSBERG	CARALOFT	CARALOFT 700 MEH.			2300	4	D	96	14.49	130	47600
WEINSBERG	CARALOFT	CARALOFT 700 MEH FI LIGHT R4035.			2300	4	D	96	14.49	130	46600
WEINSBERG	CARALOFT	CARALOFT 700 MEH SP LIGHT R4035.			2300	4	D	96	14.49	130	46600
WEINSBERG	CARALOFT	CARALOFT 700 MXH.			2300	4	D	96	14.49	130	47600
WEINSBERG	CARALOFT	CARALOFT 700 MXH FI LIGHT R4035.			2300	4	D	96	14.49	130	46600
WEINSBERG	CARALOFT	CARALOFT 700 MXH SP LIGHT R4035.			2300	4	D	96	14.49	130	46600
WEINSBERG	CARASUITE	CARASUITE 550 MG Ford Transit.			2000	4	D	96	13.32	130	49300
WEINSBERG	CARASUITE	CARASUITE 650 MEG Ford Transit.			2000	4	D	96	13.32	130	51300
WEINSBERG	CARASUITE	CARASUITE 650 MF.			2300	4	D	96	14.49	130	44800
WEINSBERG	CARASUITE	CARASUITE 650 MF Fiat Ducato R3800 LIGHT.			2300	4	D	103	14.49	140	45800
WEINSBERG	CARASUITE	CARASUITE 650 MF Ford Transit.			2000	4	D	96	13.32	130	50900
WEINSBERG	CARASUITE	CARASUITE 650 MG.			2300	4	D	96	14.49	130	45700
WEINSBERG	CARASUITE	CARASUITE 650 MG Fiat Ducato R4035 LIGHT.			2300	4	D	103	14.49	140	48700
WEINSBERG	CARASUITE	CARASUITE 700 ME.			2300	4	D	96	14.49	130	47000
WEINSBERG	CARASUITE	CARASUITE 700 ME Fiat Ducato R4035 LIGHT.			2300	4	D	103	14.49	140	50700
WEINSBERG	CARASUITE	CARASUITE 700 MEG Ford Transit.			2000	4	D	96	13.32	130	56200
WEINSBERG	CARASUITE	CARASUITE 700 MX.			2300	4	D	96	14.49	130	47000
WEINSBERG	CARATOUR	CARATOUR 540 MQ Fiat Ducato 3,3 T LIGHT.			2300	4	D	103	14.49	140	38300
WEINSBERG	CARATOUR	CARATOUR 541 MQ.			2300	4	D	96	14.49	130	35600
WEINSBERG	CaraTour	CaraTour 550 MQ Ford 3,5 T LIGHT 2,0.			2000	4	D	96	13.32	130	38300
WEINSBERG	CARATOUR	CARATOUR 600 ME Fiat Ducato 3,3 T LIGHT.			2300	4	D	103	14.49	140	40700
WEINSBERG	CARATOUR	CARATOUR 600 MQ Fiat Ducato 3,3 T LIGHT.			2300	4	D	103	14.49	140	39600
WEINSBERG	CaraTour	CaraTour 600 MQ Ford 3,5 T LIGHT 2,0.			2000	4	D	96	13.32	130	40000
WEINSBERG	CARATOUR	CARATOUR 600 MQH Fiat Ducato 3,3 T LIGHT.			2300	4	D	103	14.49	140	39900
WEINSBERG	CARATOUR	CARATOUR 601 MQ.			2300	4	D	96	14.49	130	36500
WEINSBERG	CARATOUR	CARATOUR 630 ME Fiat Ducato 3,3 T LIGHT.			2300	4	D	103	14.49	140	37300
WEINSBERG	CARATOUR	CARATOUR 630 MEG OUTLAW Fiat Ducato 3,3 T LIGHT.			2300	4	D	103	14.49	140	38600
WEINSBERG	CARATOUR	CARATOUR 631 ME.			2300	4	D	96	14.49	130	39200
WEINSBERG	IMPERIALE	IMPERIALE 600 LD.			2500	4	D	88	15.23	120	45700
WEINSBERG	IMPERIALE	IMPERIALE 600 LD 1.			2500	4	D	110	15.23	150	47400
WEINSBERG	IMPERIALE	IMPERIALE 600 MD.			2500	4	D	74	15.23	100	44100
WEINSBERG	IMPERIALE	IMPERIALE 600 MD.			2500	4	D	88	15.23	120	45700
WEINSBERG	IMPERIALE	IMPERIALE 600 MD 1.			2500	4	D	110	15.23	150	47400
WEINSBERG	IMPERIALE	IMPERIALE 670 LD/ME.			2500	4	D	88	15.23	120	48300
WEINSBERG	IMPERIALE	IMPERIALE 670 LD/ME 1.			2500	4	D	110	15.23	150	50000
WEINSBERG	IMPERIALE	IMPERIALE 690 MQ.			2500	4	D	88	15.23	120	48600
WEINSBERG	IMPERIALE	IMPERIALE 690 MQ 1.			2500	4	D	110	15.23	150	50200
WEINSBERG	IMPERIALE	IMPERIALE S 590 MQ.			2300	4	D	96	14.49	130	41700
WEINSBERG	IMPERIALE	IMPERIALE S 590 MQ.			2500	4	D	88	15.23	120	40500
WEINSBERG	IMPERIALE	IMPERIALE S 590 MQ 1.			2500	4	D	110	15.23	150	42100
WEINSBERG	IMPERIALE	IMPERIALE S 590 MQ 1.			3000	4	D	118	16.99	160	43900
WEINSBERG	IMPERIALE	IMPERIALE S 650 MQ.			2300	4	D	96	14.49	130	43900
WEINSBERG	IMPERIALE	IMPERIALE S 650 MQ.			2500	4	D	88	15.23	120	42600
WEINSBERG	IMPERIALE	IMPERIALE S 650 MQ 1.			2500	4	D	110	15.23	150	44300
WEINSBERG	IMPERIALE	IMPERIALE S 650 MQ 1.			3000	4	D	118	16.99	160	45900
WEINSBERG	IMPERIALE	IMPERIALE S 670 UB.			2300	4	D	96	14.49	130	45600
WEINSBERG	IMPERIALE	IMPERIALE S 670 UB.			2500	4	D	88	15.23	120	44700
WEINSBERG	IMPERIALE	IMPERIALE S 670 UB 1.			2500	4	D	110	15.23	150	46400
WEINSBERG	IMPERIALE	IMPERIALE S 670 UB 1.			3000	4	D	118	16.99	160	47700
WEINSBERG	METEDA.	METEDA.	2005		2800	4	D	107	16.30	145	78000
WEINSBERG	METEOR.	METEOR.	1992		2000	4	D	110	13.32	150	42000
WEINSBERG	METEOR.	METEOR.	2002		2800	4	D	94	16.30	127	55400
WEINSBERG	METEOR	METEOR 620 LS.			2300	4	D	96	14.49	130	49000
WEINSBERG	PERFILADA	PERFILADA 600 MG.			2000	4	D	85	13.32	115	36400
WEINSBERG	PERFILADA	PERFILADA 650 MEG.			2000	4	D	85	13.32	115	37300
WEINSBERG	PERFILADA	PERFILADA 650 MGH.			2000	4	D	85	13.32	115	37300
WEINSBERG	PERFILADA	PERFILADA 700 MG.			2000	4	D	85	13.32	115	39200
WEINSBERG	PERFILADA	PERFILADA 700 MX.			2000	4	D	85	13.32	115	39200
WEINSBERG	SCOUT.	SCOUT.	2008		2464	4	D	74	15.10	101	57000
WEINSBERG	X-Cursion	X-Cursion Van Compactas 500 LT Volkswagen T6 cambio automático.			2000	4	D	110	13.32	150	56400
WEINSBERG	X-Cursion	X-Cursion Van Compactas 500 MQ Volkswagen T6 cambio automático.			2000	4	D	110	13.32	150	56400
WEINSBERG	CaraBus	CaraBus 630 MEG Fiat Ducato 3,5 T LIGHT.			2200	4	D	103	14.10	140	42100
WEINSBERG	Caraloft	Caraloft 550 MF Ford Transit.			2000	4	D	121	13.32	165	51300
WEINSBERG	Caraloft	Caraloft 550 MG Ford Transit.			2000	4	D	121	13.32	165	51300
WEINSBERG	Caraloft	Caraloft 600 MEG Ford Transit.			2000	4	D	121	13.32	165	53100
WEINSBERG	Caraloft	Caraloft 650 MEG Ford Transit.			2000	4	D	121	13.32	165	53600
WEINSBERG	Caraloft	Caraloft 650 MF Ford Transit.			2000	4	D	121	13.32	165	53000
WEINSBERG	Carasuite	Carasuite 550 MG Ford Transit.			2000	4	D	121	13.32	165	52300
WEINSBERG	Carasuite	Carasuite 650 MEG Ford Transit.			2000	4	D	121	13.32	165	54600
WEINSBERG	Carasuite	Carasuite 650 MF Fiat Ducato R3800 2.3 LIGHT.			2300	4	D	103	14.49	140	48100
WEINSBERG	Carasuite	Carasuite 650 MF Ford Transit.			2000	4	D	121	13.32	165	54300
WEINSBERG	CaraTour	CaraTour 600 DQ Fiat Ducato MAXI 3,5 T LIGHT.			2200	4	D	103	14.10	140	40800
WEINSBERG	CaraTour	CaraTour 630 ME Fiat Ducato 3,5 T LIGHT.			2200	4	D	103	14.10	140	41600
WEINSBERG	CaraTour	CaraTour 630 MEG Fiat Ducato 3,5 T LIGHT.			2200	4	D	103	14.10	140	43500
WESTFALIA	AMUNDSEN	AMUNDSEN 540 D.			2300	4	D	96	14.49	130	40000
WESTFALIA	AMUNDSEN	AMUNDSEN 600 D.			2300	4	D	96	14.49	130	42100
WESTFALIA	AMUNDSEN	AMUNDSEN 600 E.			2300	4	D	96	14.49	130	41800
WESTFALIA	AMUNDSEN	AMUNDSEN 640 E.			2300	4	D	96	14.49	130	43300
WESTFALIA	CALIFORNIA	CALIFORNIA EXCLUSIVE.	1996		2461	5	D	75	16.48	102	51500
WESTFALIA	CLUB	CLUB JOKER CITY 2,0 L TDI.			2000	4	D	110	13.32	150	49200
WESTFALIA	CLUB	CLUB JOKER JOKER 2,0 L TDI.			2000	4	D	110	13.32	150	54100
WESTFALIA	CLUB	CLUB JOKER URBAN.	2025		2000	4	D	125	13.32	170	68900
WESTFALIA	COLUMBUS	COLUMBUS 540 D.			2000	4	D	85	13.32	115	44600
WESTFALIA	COLUMBUS	COLUMBUS 540 D TECHO ELEVABLE.	2025		2300	4	D	103	14.49	140	65000
WESTFALIA	COLUMBUS	COLUMBUS 600 D.			2300	4	D	96	14.49	130	49300
WESTFALIA	COLUMBUS	COLUMBUS 610 D.			2300	4	D	96	14.49	130	49300
WESTFALIA	COLUMBUS	COLUMBUS 640 E.			2300	4	D	96	14.49	130	50200
WESTFALIA	COLUMBUS	COLUMBUS 641 E.			2300	4	D	96	14.49	130	50200
WESTFALIA	COLUMBUS	COLUMBUS 641 E (2024).	2024		2300	4	D	103	14.49	140	59100
WESTFALIA	JAMES	JAMES COOK 312 D (MERCEDES).	2000		2874	5	D	85	18.10	116	53000
WESTFALIA	JAMES	JAMES COOK 600 D (MERCEDES).	2025		2000	4	D	140	13.32	190	112600
WESTFALIA	JULES	JULES VERNE (MERCEDES).	2024		2000	4	D	140	13.32	190	68800
WESTFALIA	KELSEY.	KELSEY.	2024		2000	4	D	125	13.32	170	70000
WESTFALIA	KELSEY	KELSEY NEW.	2025		2000	4	D	100	13.32	136	57800
WESTFALIA	SVEN	SVEN HEDIN 2,0L TDI.			2000	4	D	85	13.32	115	55800
WINGAMM	BROWNIE.	BROWNIE.	2020		2300	4	D	103	14.49	140	69700
WINGAMM	BROWNIE.	BROWNIE.	2020		2300	4	D	118	14.49	160	72000
WINGAMM	BROWNIE.	BROWNIE.	2020		2300	4	D	131	14.49	178	73600
WINGAMM	CUTY	CUTY SUITE.	2020		2300	4	D	103	14.49	140	59600
WINGAMM	CUTY	CUTY SUITE.	2020		2300	4	D	118	14.49	160	61900
WINGAMM	CUTY	CUTY SUITE.	2020		2300	4	D	131	14.49	178	63400
WINGAMM	MICROS.	MICROS.			2500	4	D	96	15.23	131	55700
WINGAMM	OASI	OASI 540 C.			3000	4	D	118	16.99	160	58400
WINGAMM	OASI	OASI 540 C.			2300	4	D	96	14.49	130	56300
WINGAMM	OASI	OASI 540 N.			3000	4	D	118	16.99	160	58400
WINGAMM	OASI	OASI 540 N.			2300	4	D	96	14.49	130	56300
WINGAMM	OASI	OASI 540.01.	2023		2300	4	D	131	14.49	178	83000
WINGAMM	OASI	OASI 610 GL.	2020		2300	4	D	103	14.49	140	77200
WINGAMM	OASI	OASI 610 GL.	2020		2300	4	D	118	14.49	160	79400
WINGAMM	OASI	OASI 610 GL.	2020		2300	4	D	131	14.49	178	75100
WINGAMM	OASI	OASI 610 GL.			3000	4	D	118	16.99	160	59800
WINGAMM	OASI	OASI 610 GL.			2300	4	D	96	14.49	130	58300
WINGAMM	OASI	OASI 610 M.			3000	4	D	118	16.99	160	58700
WINGAMM	OASI	OASI 610 M.			2300	4	D	96	14.49	130	57400
WINGAMM	OASI	OASI 610 N.			3000	4	D	118	16.99	160	58700
WINGAMM	OASI	OASI 610 N.			2300	4	D	96	14.49	130	57400
WINGAMM	OASI	OASI 610 P.			3000	4	D	118	16.99	160	58700
WINGAMM	OASI	OASI 610 P.			2300	4	D	96	14.49	130	57400
WINGAMM	OASI	OASI 610 ST.	2020		2300	4	D	103	14.49	140	73200
WINGAMM	OASI	OASI 610 ST.	2020		2300	4	D	118	14.49	160	75200
WINGAMM	OASI	OASI 610 ST.	2020		2300	4	D	131	14.49	178	76900
WINGAMM	OASI	OASI 690 G.			3000	4	D	118	16.99	160	62800
WINGAMM	OASI	OASI 690 G.			2300	4	D	96	14.49	130	61200
WINGAMM	OASI	OASI 690 GC.	2020		2300	4	D	103	14.49	140	75600
WINGAMM	OASI	OASI 690 GC.	2020		2300	4	D	118	14.49	160	77800
WINGAMM	OASI	OASI 690 GC.	2020		2300	4	D	131	14.49	178	79300
WINGAMM	OASI	OASI 690 GL.			3000	4	D	118	16.99	160	62800
WINGAMM	OASI	OASI 690 GL.			2300	4	D	96	14.49	130	61200
WINGAMM	OASI	OASI 690 M.			3000	4	D	118	16.99	160	62800
WINGAMM	OASI	OASI 690 M.			2300	4	D	96	14.49	130	61200
WINGAMM	OASI	OASI 690 TWINS.	2020		2300	4	D	103	14.49	140	75600
WINGAMM	OASI	OASI 690 TWINS.	2020		2300	4	D	118	14.49	160	77800
WINGAMM	OASI	OASI 690 TWINS.	2020		2300	4	D	131	14.49	178	79300
WINGAMM	OASIS	OASIS 540.	2020		2300	4	D	103	14.49	140	62800
WINGAMM	OASIS	OASIS 540.	2020		2300	4	D	118	14.49	160	65000
WINGAMM	OASIS	OASIS 540.	2020		2300	4	D	131	14.49	178	66400
WINGAMM	TB7.	TB7.	2000		2800	4	D	90	16.30	122	48700
